model,dim,n_ref,seed,auc_cos,auc_svd,auc_full,auc_logreg,best_k_svd
all-MiniLM-L6-v2,384,2,0,0.7444208333333334,0.7418625000000001,,0.5949597222222223,2
all-MiniLM-L6-v2,384,2,1,0.7525208333333333,0.7714763888888888,,0.7510458333333333,2
all-MiniLM-L6-v2,384,2,2,0.7392416666666667,0.7394666666666667,,0.7683527777777778,2
all-MiniLM-L6-v2,384,2,3,0.7407833333333333,0.7136222222222222,,0.7824527777777777,2
all-MiniLM-L6-v2,384,2,4,0.7745833333333334,0.7751555555555556,,0.7471861111111111,1
all-MiniLM-L6-v2,384,2,5,0.6122333333333333,0.6094055555555555,,0.5170722222222222,1
all-MiniLM-L6-v2,384,2,6,0.7892583333333333,0.7889416666666667,,0.7873694444444445,2
all-MiniLM-L6-v2,384,2,7,0.7523652777777777,0.7549375,,0.7383458333333334,1
all-MiniLM-L6-v2,384,2,8,0.7144930555555556,0.7139763888888889,,0.7414097222222222,2
all-MiniLM-L6-v2,384,2,9,0.7554055555555557,0.7493222222222222,,0.7945583333333334,2
all-MiniLM-L6-v2,384,2,10,0.73205,0.741111111111111,,0.7378361111111111,2
all-MiniLM-L6-v2,384,2,11,0.6996249999999999,0.708425,,0.7652888888888888,1
all-MiniLM-L6-v2,384,2,12,0.7354583333333333,0.7080416666666667,,0.7939944444444444,2
all-MiniLM-L6-v2,384,2,13,0.7238166666666667,0.7176277777777778,,0.5462527777777778,1
all-MiniLM-L6-v2,384,2,14,0.726823611111111,0.7288486111111111,,0.6122486111111112,2
all-MiniLM-L6-v2,384,2,15,0.7838347222222222,0.7700375000000002,,0.8018236111111111,1
all-MiniLM-L6-v2,384,2,16,0.6643944444444445,0.6396305555555556,,0.7387722222222222,2
all-MiniLM-L6-v2,384,2,17,0.6047972222222222,0.554775,,0.6694166666666667,1
all-MiniLM-L6-v2,384,2,18,0.7988277777777777,0.7924638888888889,,0.7319333333333333,2
all-MiniLM-L6-v2,384,2,19,0.6240527777777778,0.6039166666666667,,0.6090305555555556,2
all-MiniLM-L6-v2,384,2,20,0.7748625,0.7686152777777778,,0.6579763888888889,2
all-MiniLM-L6-v2,384,2,21,0.5582777777777778,0.5797277777777778,,0.5775666666666666,1
all-MiniLM-L6-v2,384,2,22,0.5766777777777778,0.65895,,0.5289527777777778,2
all-MiniLM-L6-v2,384,2,23,0.7569194444444445,0.7622694444444446,,0.7093694444444444,1
all-MiniLM-L6-v2,384,2,24,0.6505819444444445,0.6302236111111111,,0.6233041666666667,1
all-MiniLM-L6-v2,384,2,25,0.6166027777777777,0.6344416666666667,,0.6378111111111111,2
all-MiniLM-L6-v2,384,2,26,0.6034972222222222,0.6099888888888888,,0.6002444444444445,2
all-MiniLM-L6-v2,384,2,27,0.5036958333333333,0.4503458333333333,,0.7134097222222222,2
all-MiniLM-L6-v2,384,2,28,0.7635208333333333,0.7630513888888888,,0.7120041666666665,2
all-MiniLM-L6-v2,384,2,29,0.7093152777777779,0.7092569444444444,,0.7015458333333333,2
all-MiniLM-L6-v2,384,2,30,0.6933958333333334,0.7023986111111111,,0.7794708333333334,2
all-MiniLM-L6-v2,384,2,31,0.7213736111111111,0.7191208333333334,,0.7872569444444444,2
all-MiniLM-L6-v2,384,2,32,0.7463541666666667,0.7497819444444443,,0.757148611111111,2
all-MiniLM-L6-v2,384,2,33,0.7383874999999999,0.7363125,,0.7803958333333334,1
all-MiniLM-L6-v2,384,2,34,0.7226430555555555,0.7090791666666667,,0.7779652777777778,1
all-MiniLM-L6-v2,384,2,35,0.7102319444444445,0.7305291666666667,,0.6001402777777778,2
all-MiniLM-L6-v2,384,2,36,0.7830513888888889,0.7849541666666666,,0.7597263888888889,2
all-MiniLM-L6-v2,384,2,37,0.5654055555555556,0.5645833333333333,,0.6783138888888889,2
all-MiniLM-L6-v2,384,2,38,0.6534833333333333,0.6563111111111111,,0.7242416666666667,1
all-MiniLM-L6-v2,384,2,39,0.7966388888888889,0.7547833333333333,,0.5985583333333333,2
all-MiniLM-L6-v2,384,2,40,0.7045263888888889,0.6978069444444444,,0.7189069444444445,2
all-MiniLM-L6-v2,384,2,41,0.6905125,0.7103708333333334,,0.7626430555555556,2
all-MiniLM-L6-v2,384,2,42,0.6250138888888889,0.6667722222222223,,0.6576083333333334,2
all-MiniLM-L6-v2,384,2,43,0.6945958333333333,0.6784541666666666,,0.6784430555555556,2
all-MiniLM-L6-v2,384,2,44,0.7286819444444445,0.7476597222222221,,0.7760541666666667,1
all-MiniLM-L6-v2,384,2,45,0.7427124999999999,0.7388347222222222,,0.7435347222222222,1
all-MiniLM-L6-v2,384,2,46,0.7559916666666666,0.7645305555555556,,0.6829027777777777,1
all-MiniLM-L6-v2,384,2,47,0.761123611111111,0.7372291666666667,,0.7547013888888889,2
all-MiniLM-L6-v2,384,2,48,0.7202694444444444,0.7045083333333334,,0.45357222222222215,2
all-MiniLM-L6-v2,384,2,49,0.6168222222222222,0.6109361111111111,,0.6122361111111112,1
all-MiniLM-L6-v2,384,2,50,0.8069388888888889,0.8018555555555555,,0.7841499999999999,1
all-MiniLM-L6-v2,384,2,51,0.7964402777777778,0.7950763888888889,,0.792676388888889,1
all-MiniLM-L6-v2,384,2,52,0.7678777777777778,0.7626916666666667,,0.7103527777777778,2
all-MiniLM-L6-v2,384,2,53,0.7352027777777779,0.7405,,0.7223138888888888,1
all-MiniLM-L6-v2,384,2,54,0.7395361111111111,0.7452888888888889,,0.7475638888888889,1
all-MiniLM-L6-v2,384,2,55,0.6478069444444444,0.6475958333333334,,0.6456930555555556,1
all-MiniLM-L6-v2,384,2,56,0.7761125,0.7806902777777778,,0.7642430555555556,1
all-MiniLM-L6-v2,384,2,57,0.713925,0.7221666666666666,,0.6317083333333333,2
all-MiniLM-L6-v2,384,2,58,0.7155875,0.708648611111111,,0.7597486111111111,2
all-MiniLM-L6-v2,384,2,59,0.6911416666666668,0.7011944444444446,,0.7405361111111112,1
all-MiniLM-L6-v2,384,2,60,0.7097291666666666,0.7126041666666667,,0.6648569444444444,1
all-MiniLM-L6-v2,384,2,61,0.6563319444444444,0.6697319444444445,,0.7440125,2
all-MiniLM-L6-v2,384,2,62,0.7009,0.7017388888888889,,0.6772055555555556,1
all-MiniLM-L6-v2,384,2,63,0.5613486111111111,0.5777013888888889,,0.4627402777777778,1
all-MiniLM-L6-v2,384,2,64,0.7321597222222223,0.7515208333333334,,0.7963625,2
all-MiniLM-L6-v2,384,2,65,0.6868972222222223,0.6859638888888888,,0.7316111111111112,2
all-MiniLM-L6-v2,384,2,66,0.658738888888889,0.6476055555555555,,0.6310888888888888,2
all-MiniLM-L6-v2,384,2,67,0.7270402777777777,0.7348708333333333,,0.7529458333333333,2
all-MiniLM-L6-v2,384,2,68,0.6878472222222223,0.7247916666666667,,0.6960333333333335,1
all-MiniLM-L6-v2,384,2,69,0.7687208333333333,0.7520097222222222,,0.7936180555555554,2
all-MiniLM-L6-v2,384,2,70,0.7678541666666667,0.7644958333333333,,0.7653791666666666,1
all-MiniLM-L6-v2,384,2,71,0.7032166666666667,0.7018027777777778,,0.7223361111111111,2
all-MiniLM-L6-v2,384,2,72,0.7093833333333335,0.718225,,0.6177694444444445,2
all-MiniLM-L6-v2,384,2,73,0.7141069444444444,0.7172236111111111,,0.7033986111111111,1
all-MiniLM-L6-v2,384,2,74,0.5797111111111111,0.5896694444444445,,0.63075,2
all-MiniLM-L6-v2,384,2,75,0.7624875,0.7589347222222222,,0.7503041666666665,2
all-MiniLM-L6-v2,384,2,76,0.7152041666666666,0.7201430555555555,,0.6711069444444444,1
all-MiniLM-L6-v2,384,2,77,0.7193055555555556,0.7193972222222222,,0.7183805555555555,2
all-MiniLM-L6-v2,384,2,78,0.7141263888888889,0.7191791666666667,,0.8048625,1
all-MiniLM-L6-v2,384,2,79,0.797376388888889,0.7778347222222222,,0.8101125,1
all-MiniLM-L6-v2,384,2,80,0.7208402777777778,0.7469291666666666,,0.5691847222222223,1
all-MiniLM-L6-v2,384,2,81,0.5722138888888889,0.6025944444444444,,0.48313333333333336,2
all-MiniLM-L6-v2,384,2,82,0.7704722222222222,0.7682833333333333,,0.7493916666666667,1
all-MiniLM-L6-v2,384,2,83,0.7536708333333334,0.7602458333333333,,0.7857375,1
all-MiniLM-L6-v2,384,2,84,0.715961111111111,0.7319527777777777,,0.7601944444444446,2
all-MiniLM-L6-v2,384,2,85,0.7175277777777779,0.7126333333333333,,0.7166944444444444,2
all-MiniLM-L6-v2,384,2,86,0.7695555555555555,0.7568111111111112,,0.7698305555555556,2
all-MiniLM-L6-v2,384,2,87,0.4951472222222222,0.4660833333333333,,0.6626277777777778,1
all-MiniLM-L6-v2,384,2,88,0.5300319444444443,0.5143486111111111,,0.6142263888888888,1
all-MiniLM-L6-v2,384,2,89,0.6848194444444444,0.6617083333333333,,0.7354333333333335,2
all-MiniLM-L6-v2,384,2,90,0.6999555555555556,0.6949666666666667,,0.7757194444444444,2
all-MiniLM-L6-v2,384,2,91,0.6691888888888888,0.6690027777777778,,0.4601888888888889,1
all-MiniLM-L6-v2,384,2,92,0.6219680555555555,0.5614625,,0.7370847222222222,2
all-MiniLM-L6-v2,384,2,93,0.5800069444444444,0.7225986111111111,,0.6990291666666666,1
all-MiniLM-L6-v2,384,2,94,0.6666680555555555,0.653276388888889,,0.6964347222222222,2
all-MiniLM-L6-v2,384,2,95,0.6771472222222223,0.6930194444444444,,0.7196555555555556,1
all-MiniLM-L6-v2,384,2,96,0.6361902777777778,0.6467263888888889,,0.5599180555555555,2
all-MiniLM-L6-v2,384,2,97,0.7028111111111112,0.7600944444444444,,0.7130472222222223,1
all-MiniLM-L6-v2,384,2,98,0.7978291666666667,0.7987819444444444,,0.6771513888888889,2
all-MiniLM-L6-v2,384,2,99,0.7886166666666666,0.7857833333333334,,0.7141638888888888,1
all-MiniLM-L6-v2,384,3,0,0.7769236111111111,0.7792930555555556,,0.7669124999999999,1
all-MiniLM-L6-v2,384,3,1,0.7634847222222223,0.7857458333333334,,0.8068791666666667,3
all-MiniLM-L6-v2,384,3,2,0.7709416666666666,0.7596277777777778,,0.8031333333333334,3
all-MiniLM-L6-v2,384,3,3,0.7634666666666667,0.7454194444444444,,0.8098194444444443,3
all-MiniLM-L6-v2,384,3,4,0.7825861111111111,0.7816444444444444,,0.7347,2
all-MiniLM-L6-v2,384,3,5,0.734575,0.7262305555555556,,0.6271333333333334,2
all-MiniLM-L6-v2,384,3,6,0.7928305555555555,0.7970555555555556,,0.7912388888888888,2
all-MiniLM-L6-v2,384,3,7,0.7814791666666667,0.7791152777777778,,0.7998041666666666,1
all-MiniLM-L6-v2,384,3,8,0.7286152777777777,0.7333180555555556,,0.7152513888888888,3
all-MiniLM-L6-v2,384,3,9,0.6683083333333333,0.6943833333333334,,0.7275972222222222,2
all-MiniLM-L6-v2,384,3,10,0.7316055555555555,0.7449583333333333,,0.7088444444444444,3
all-MiniLM-L6-v2,384,3,11,0.6577583333333333,0.667286111111111,,0.708663888888889,2
all-MiniLM-L6-v2,384,3,12,0.7372777777777778,0.7317333333333333,,0.7885972222222223,2
all-MiniLM-L6-v2,384,3,13,0.7605916666666667,0.7506583333333333,,0.6506194444444445,3
all-MiniLM-L6-v2,384,3,14,0.6591569444444445,0.6559097222222222,,0.6524625,3
all-MiniLM-L6-v2,384,3,15,0.7413486111111112,0.7440486111111111,,0.7300652777777776,1
all-MiniLM-L6-v2,384,3,16,0.7239249999999999,0.7173305555555556,,0.7872388888888889,2
all-MiniLM-L6-v2,384,3,17,0.6662833333333333,0.6443166666666666,,0.7404444444444445,2
all-MiniLM-L6-v2,384,3,18,0.7778361111111112,0.7828333333333334,,0.7876888888888889,2
all-MiniLM-L6-v2,384,3,19,0.6651,0.6691305555555556,,0.7040444444444445,1
all-MiniLM-L6-v2,384,3,20,0.7539152777777778,0.7495930555555554,,0.6787541666666668,2
all-MiniLM-L6-v2,384,3,21,0.5949555555555556,0.6284416666666667,,0.6841444444444443,1
all-MiniLM-L6-v2,384,3,22,0.6707777777777777,0.6900611111111111,,0.5978944444444445,3
all-MiniLM-L6-v2,384,3,23,0.733688888888889,0.757311111111111,,0.7721722222222223,1
all-MiniLM-L6-v2,384,3,24,0.6107097222222222,0.6531958333333333,,0.6749430555555556,1
all-MiniLM-L6-v2,384,3,25,0.6829583333333333,0.7240722222222223,,0.743763888888889,3
all-MiniLM-L6-v2,384,3,26,0.6705722222222222,0.6776222222222223,,0.6808305555555555,3
all-MiniLM-L6-v2,384,3,27,0.6047125,0.6604458333333334,,0.6281736111111111,3
all-MiniLM-L6-v2,384,3,28,0.7544458333333335,0.7498180555555556,,0.6923513888888888,2
all-MiniLM-L6-v2,384,3,29,0.7008513888888889,0.7107291666666666,,0.6930458333333334,3
all-MiniLM-L6-v2,384,3,30,0.7142930555555556,0.7246458333333334,,0.7952069444444445,1
all-MiniLM-L6-v2,384,3,31,0.7592041666666666,0.7568125,,0.8102347222222221,2
all-MiniLM-L6-v2,384,3,32,0.7931569444444444,0.7859847222222222,,0.7708430555555555,2
all-MiniLM-L6-v2,384,3,33,0.7463013888888889,0.7331902777777778,,0.7864402777777778,2
all-MiniLM-L6-v2,384,3,34,0.6792791666666667,0.680873611111111,,0.7714125000000001,3
all-MiniLM-L6-v2,384,3,35,0.7259763888888888,0.7225569444444444,,0.7083013888888889,1
all-MiniLM-L6-v2,384,3,36,0.7405680555555555,0.7521847222222223,,0.7496208333333334,2
all-MiniLM-L6-v2,384,3,37,0.5985583333333333,0.5613861111111111,,0.6633888888888889,3
all-MiniLM-L6-v2,384,3,38,0.7238194444444443,0.736461111111111,,0.7933277777777779,1
all-MiniLM-L6-v2,384,3,39,0.7906361111111111,0.7723972222222223,,0.6709444444444445,1
all-MiniLM-L6-v2,384,3,40,0.7029208333333334,0.7349680555555556,,0.7714041666666667,2
all-MiniLM-L6-v2,384,3,41,0.7420930555555556,0.7576458333333332,,0.7882208333333334,1
all-MiniLM-L6-v2,384,3,42,0.6386972222222222,0.6682722222222223,,0.7083166666666667,3
all-MiniLM-L6-v2,384,3,43,0.7319041666666667,0.7284847222222222,,0.6721236111111111,3
all-MiniLM-L6-v2,384,3,44,0.7434180555555554,0.7726986111111112,,0.7696458333333334,2
all-MiniLM-L6-v2,384,3,45,0.7741458333333333,0.7806763888888889,,0.743926388888889,1
all-MiniLM-L6-v2,384,3,46,0.7389027777777777,0.76265,,0.6966999999999999,1
all-MiniLM-L6-v2,384,3,47,0.7974430555555556,0.782698611111111,,0.7797930555555556,3
all-MiniLM-L6-v2,384,3,48,0.7099944444444445,0.7105805555555555,,0.5183777777777778,3
all-MiniLM-L6-v2,384,3,49,0.6033555555555555,0.577475,,0.6377611111111111,2
all-MiniLM-L6-v2,384,3,50,0.7871805555555557,0.7908472222222223,,0.7848722222222222,1
all-MiniLM-L6-v2,384,3,51,0.7900708333333335,0.7848347222222223,,0.8071652777777778,2
all-MiniLM-L6-v2,384,3,52,0.7758194444444445,0.764075,,0.8089444444444446,3
all-MiniLM-L6-v2,384,3,53,0.7483194444444444,0.7535972222222223,,0.744975,2
all-MiniLM-L6-v2,384,3,54,0.7281444444444445,0.7579,,0.7374611111111111,1
all-MiniLM-L6-v2,384,3,55,0.7287569444444444,0.7281208333333333,,0.6644930555555555,2
all-MiniLM-L6-v2,384,3,56,0.7525861111111112,0.7619152777777778,,0.7439902777777778,1
all-MiniLM-L6-v2,384,3,57,0.6807583333333335,0.7012,,0.672561111111111,3
all-MiniLM-L6-v2,384,3,58,0.7346625,0.7262625,,0.7692763888888888,2
all-MiniLM-L6-v2,384,3,59,0.6616333333333335,0.6868083333333332,,0.7369583333333334,1
all-MiniLM-L6-v2,384,3,60,0.6796736111111112,0.7107069444444445,,0.5155152777777778,1
all-MiniLM-L6-v2,384,3,61,0.6405625,0.6761486111111111,,0.7615708333333333,2
all-MiniLM-L6-v2,384,3,62,0.7219749999999999,0.6896638888888889,,0.7181972222222223,1
all-MiniLM-L6-v2,384,3,63,0.6129458333333333,0.6413236111111111,,0.5415486111111111,2
all-MiniLM-L6-v2,384,3,64,0.7548680555555556,0.775076388888889,,0.8363180555555556,2
all-MiniLM-L6-v2,384,3,65,0.6885500000000001,0.6846027777777779,,0.7345444444444443,3
all-MiniLM-L6-v2,384,3,66,0.7270694444444444,0.7256638888888889,,0.7202194444444444,3
all-MiniLM-L6-v2,384,3,67,0.7367652777777779,0.7376375,,0.6810291666666666,3
all-MiniLM-L6-v2,384,3,68,0.6506138888888888,0.7023277777777777,,0.7294944444444444,3
all-MiniLM-L6-v2,384,3,69,0.7410208333333334,0.756773611111111,,0.7161347222222223,1
all-MiniLM-L6-v2,384,3,70,0.7868291666666666,0.7858402777777778,,0.8181180555555555,1
all-MiniLM-L6-v2,384,3,71,0.708175,0.7153583333333333,,0.7454111111111111,1
all-MiniLM-L6-v2,384,3,72,0.751875,0.760963888888889,,0.6130166666666665,2
all-MiniLM-L6-v2,384,3,73,0.7425097222222222,0.7491541666666667,,0.7528430555555555,1
all-MiniLM-L6-v2,384,3,74,0.6603249999999999,0.6937444444444445,,0.6374055555555556,3
all-MiniLM-L6-v2,384,3,75,0.7663458333333333,0.7647263888888889,,0.7685236111111111,1
all-MiniLM-L6-v2,384,3,76,0.6705208333333332,0.6826263888888888,,0.6429680555555556,1
all-MiniLM-L6-v2,384,3,77,0.7546861111111111,0.7611444444444444,,0.7676944444444445,3
all-MiniLM-L6-v2,384,3,78,0.6972375000000001,0.7280430555555555,,0.800498611111111,1
all-MiniLM-L6-v2,384,3,79,0.7736652777777777,0.7823708333333332,,0.7146208333333334,1
all-MiniLM-L6-v2,384,3,80,0.6955902777777778,0.6965458333333334,,0.5462902777777778,3
all-MiniLM-L6-v2,384,3,81,0.6298194444444444,0.6246194444444445,,0.5066722222222222,2
all-MiniLM-L6-v2,384,3,82,0.7702166666666667,0.77285,,0.7696361111111112,1
all-MiniLM-L6-v2,384,3,83,0.7626069444444444,0.7638541666666666,,0.8221875,2
all-MiniLM-L6-v2,384,3,84,0.7412805555555555,0.7566277777777778,,0.7590749999999999,3
all-MiniLM-L6-v2,384,3,85,0.6863527777777778,0.6882638888888889,,0.6496333333333334,3
all-MiniLM-L6-v2,384,3,86,0.7870472222222222,0.7965833333333334,,0.7776972222222222,3
all-MiniLM-L6-v2,384,3,87,0.6801416666666666,0.7069527777777778,,0.7614222222222222,2
all-MiniLM-L6-v2,384,3,88,0.6567708333333333,0.6699430555555556,,0.7100597222222222,1
all-MiniLM-L6-v2,384,3,89,0.6691027777777777,0.6555583333333332,,0.6839222222222222,3
all-MiniLM-L6-v2,384,3,90,0.7307722222222222,0.7387222222222223,,0.8147361111111111,3
all-MiniLM-L6-v2,384,3,91,0.7105388888888889,0.7045055555555555,,0.601736111111111,1
all-MiniLM-L6-v2,384,3,92,0.7361125,0.7140430555555556,,0.7879625,2
all-MiniLM-L6-v2,384,3,93,0.6021569444444446,0.7021125,,0.7386097222222222,1
all-MiniLM-L6-v2,384,3,94,0.7446180555555556,0.7514402777777778,,0.7556847222222222,3
all-MiniLM-L6-v2,384,3,95,0.7199166666666668,0.7307750000000001,,0.7476722222222223,1
all-MiniLM-L6-v2,384,3,96,0.6490430555555555,0.6513847222222222,,0.6074569444444444,3
all-MiniLM-L6-v2,384,3,97,0.7306805555555556,0.7606916666666665,,0.7384583333333332,1
all-MiniLM-L6-v2,384,3,98,0.7833930555555555,0.7933097222222221,,0.7212347222222222,3
all-MiniLM-L6-v2,384,3,99,0.7881055555555556,0.7836166666666666,,0.7364527777777777,2
all-MiniLM-L6-v2,384,4,0,0.7891791666666667,0.7938652777777778,,0.7842125,1
all-MiniLM-L6-v2,384,4,1,0.7735569444444446,0.7927208333333333,,0.8310791666666667,2
all-MiniLM-L6-v2,384,4,2,0.7817527777777777,0.7731833333333333,,0.7840222222222222,3
all-MiniLM-L6-v2,384,4,3,0.774213888888889,0.7662138888888889,,0.8011638888888888,1
all-MiniLM-L6-v2,384,4,4,0.7803722222222222,0.7830527777777777,,0.7614361111111111,3
all-MiniLM-L6-v2,384,4,5,0.7457361111111112,0.7445638888888889,,0.6531944444444443,3
all-MiniLM-L6-v2,384,4,6,0.7937972222222223,0.8002305555555554,,0.8234555555555556,1
all-MiniLM-L6-v2,384,4,7,0.7776263888888888,0.7844097222222223,,0.7950263888888889,1
all-MiniLM-L6-v2,384,4,8,0.6999430555555556,0.7198791666666666,,0.7255402777777777,2
all-MiniLM-L6-v2,384,4,9,0.6423583333333334,0.708175,,0.6812888888888889,3
all-MiniLM-L6-v2,384,4,10,0.7707222222222222,0.7959944444444444,,0.7895527777777778,3
all-MiniLM-L6-v2,384,4,11,0.6781083333333333,0.6867611111111112,,0.7349055555555555,1
all-MiniLM-L6-v2,384,4,12,0.7687722222222222,0.766525,,0.8077083333333333,2
all-MiniLM-L6-v2,384,4,13,0.8072388888888888,0.8128694444444445,,0.7481333333333332,3
all-MiniLM-L6-v2,384,4,14,0.6701347222222223,0.6768069444444444,,0.5943402777777778,3
all-MiniLM-L6-v2,384,4,15,0.7037625,0.745348611111111,,0.7481986111111111,1
all-MiniLM-L6-v2,384,4,16,0.719436111111111,0.7159777777777778,,0.7675916666666667,3
all-MiniLM-L6-v2,384,4,17,0.6428555555555556,0.6524861111111111,,0.776375,2
all-MiniLM-L6-v2,384,4,18,0.7562333333333333,0.767025,,0.7818388888888889,2
all-MiniLM-L6-v2,384,4,19,0.6774638888888889,0.6752805555555556,,0.7625361111111111,3
all-MiniLM-L6-v2,384,4,20,0.7523236111111111,0.7542319444444445,,0.6914041666666667,2
all-MiniLM-L6-v2,384,4,21,0.6557833333333334,0.6891972222222222,,0.7347138888888889,2
all-MiniLM-L6-v2,384,4,22,0.7224166666666667,0.7408138888888889,,0.7455222222222222,3
all-MiniLM-L6-v2,384,4,23,0.7306722222222222,0.7583500000000001,,0.7799027777777776,1
all-MiniLM-L6-v2,384,4,24,0.6840402777777778,0.7095180555555556,,0.7743930555555556,1
all-MiniLM-L6-v2,384,4,25,0.7172166666666666,0.7588444444444444,,0.7450444444444444,3
all-MiniLM-L6-v2,384,4,26,0.7200194444444445,0.7323972222222223,,0.7543416666666667,3
all-MiniLM-L6-v2,384,4,27,0.6501541666666668,0.6814097222222222,,0.6846652777777777,3
all-MiniLM-L6-v2,384,4,28,0.7762430555555556,0.7691458333333333,,0.6986402777777777,2
all-MiniLM-L6-v2,384,4,29,0.7270708333333333,0.7293652777777777,,0.7030736111111111,3
all-MiniLM-L6-v2,384,4,30,0.720923611111111,0.7347402777777778,,0.7798375000000001,1
all-MiniLM-L6-v2,384,4,31,0.7550208333333334,0.7652763888888889,,0.8214486111111111,2
all-MiniLM-L6-v2,384,4,32,0.8094152777777777,0.8176847222222221,,0.8015958333333334,2
all-MiniLM-L6-v2,384,4,33,0.7682125,0.7676347222222222,,0.7637597222222223,1
all-MiniLM-L6-v2,384,4,34,0.7122902777777778,0.7118263888888888,,0.779351388888889,2
all-MiniLM-L6-v2,384,4,35,0.7272402777777778,0.7229541666666666,,0.7619319444444445,2
all-MiniLM-L6-v2,384,4,36,0.7673986111111111,0.7808708333333334,,0.7818847222222222,2
all-MiniLM-L6-v2,384,4,37,0.6550222222222222,0.6571444444444444,,0.7442944444444445,3
all-MiniLM-L6-v2,384,4,38,0.7287111111111111,0.7382277777777778,,0.7913722222222224,1
all-MiniLM-L6-v2,384,4,39,0.7827416666666668,0.7732027777777778,,0.7165472222222222,1
all-MiniLM-L6-v2,384,4,40,0.699198611111111,0.7046791666666666,,0.6876347222222222,3
all-MiniLM-L6-v2,384,4,41,0.7311625,0.7524986111111112,,0.7863791666666666,2
all-MiniLM-L6-v2,384,4,42,0.6499388888888888,0.6910527777777777,,0.7278583333333333,1
all-MiniLM-L6-v2,384,4,43,0.6974791666666665,0.7045874999999999,,0.6563708333333333,3
all-MiniLM-L6-v2,384,4,44,0.7462430555555555,0.7743402777777778,,0.7907597222222222,3
all-MiniLM-L6-v2,384,4,45,0.7765402777777778,0.7854013888888889,,0.7165236111111111,1
all-MiniLM-L6-v2,384,4,46,0.7432527777777778,0.7268583333333333,,0.6951833333333334,3
all-MiniLM-L6-v2,384,4,47,0.7755791666666667,0.7776680555555556,,0.7633708333333333,2
all-MiniLM-L6-v2,384,4,48,0.6845083333333334,0.6632305555555557,,0.5276111111111111,1
all-MiniLM-L6-v2,384,4,49,0.6777416666666667,0.6582527777777778,,0.6928722222222223,2
all-MiniLM-L6-v2,384,4,50,0.7871722222222223,0.7982027777777778,,0.7079833333333334,2
all-MiniLM-L6-v2,384,4,51,0.7832319444444444,0.7857347222222222,,0.7900319444444446,3
all-MiniLM-L6-v2,384,4,52,0.7786472222222223,0.7794166666666666,,0.8061361111111112,1
all-MiniLM-L6-v2,384,4,53,0.7324527777777777,0.7348916666666667,,0.6633249999999999,2
all-MiniLM-L6-v2,384,4,54,0.7389722222222221,0.754225,,0.7594527777777778,1
all-MiniLM-L6-v2,384,4,55,0.7546958333333333,0.7523013888888889,,0.7657208333333332,3
all-MiniLM-L6-v2,384,4,56,0.7355597222222221,0.7327541666666666,,0.7350930555555556,3
all-MiniLM-L6-v2,384,4,57,0.6637222222222222,0.6984111111111111,,0.7151222222222222,3
all-MiniLM-L6-v2,384,4,58,0.7487041666666667,0.7508986111111111,,0.8004347222222222,3
all-MiniLM-L6-v2,384,4,59,0.6917055555555556,0.7172388888888888,,0.7172277777777778,1
all-MiniLM-L6-v2,384,4,60,0.7113319444444445,0.7192791666666667,,0.6234208333333333,1
all-MiniLM-L6-v2,384,4,61,0.7063930555555555,0.7436958333333333,,0.8037291666666666,2
all-MiniLM-L6-v2,384,4,62,0.7332861111111111,0.7311027777777779,,0.752425,1
all-MiniLM-L6-v2,384,4,63,0.6548041666666667,0.6849152777777777,,0.6316791666666667,2
all-MiniLM-L6-v2,384,4,64,0.7342930555555555,0.7703736111111111,,0.8354041666666666,3
all-MiniLM-L6-v2,384,4,65,0.6580472222222222,0.6815638888888889,,0.749975,3
all-MiniLM-L6-v2,384,4,66,0.7488055555555556,0.7450972222222223,,0.7348583333333334,1
all-MiniLM-L6-v2,384,4,67,0.7580319444444444,0.7535819444444444,,0.7431125000000001,1
all-MiniLM-L6-v2,384,4,68,0.6623944444444445,0.7125416666666666,,0.7634777777777779,2
all-MiniLM-L6-v2,384,4,69,0.7550875,0.7675041666666667,,0.7202402777777779,1
all-MiniLM-L6-v2,384,4,70,0.7801208333333334,0.7848819444444444,,0.8186958333333333,1
all-MiniLM-L6-v2,384,4,71,0.7298611111111112,0.7511055555555556,,0.7832083333333334,3
all-MiniLM-L6-v2,384,4,72,0.7782222222222223,0.7977805555555555,,0.7302194444444444,3
all-MiniLM-L6-v2,384,4,73,0.7338902777777778,0.7408625,,0.7635097222222222,3
all-MiniLM-L6-v2,384,4,74,0.6815527777777779,0.6982638888888889,,0.6454722222222222,3
all-MiniLM-L6-v2,384,4,75,0.7198819444444443,0.7281597222222222,,0.7582402777777777,1
all-MiniLM-L6-v2,384,4,76,0.6651041666666667,0.6747013888888889,,0.6208125,1
all-MiniLM-L6-v2,384,4,77,0.7578166666666668,0.7747555555555555,,0.7919666666666667,3
all-MiniLM-L6-v2,384,4,78,0.7368458333333333,0.7603347222222222,,0.8009680555555556,1
all-MiniLM-L6-v2,384,4,79,0.7594180555555556,0.7847791666666666,,0.7520875,1
all-MiniLM-L6-v2,384,4,80,0.7115458333333333,0.7165486111111111,,0.6209541666666667,3
all-MiniLM-L6-v2,384,4,81,0.6167972222222222,0.59645,,0.5353555555555556,3
all-MiniLM-L6-v2,384,4,82,0.7708111111111111,0.7803055555555556,,0.7903694444444445,1
all-MiniLM-L6-v2,384,4,83,0.7703513888888889,0.7791402777777778,,0.8163236111111112,1
all-MiniLM-L6-v2,384,4,84,0.7465666666666668,0.7638472222222222,,0.7967638888888888,1
all-MiniLM-L6-v2,384,4,85,0.72055,0.7254805555555556,,0.6894277777777778,2
all-MiniLM-L6-v2,384,4,86,0.7662277777777777,0.7904333333333333,,0.7877361111111111,3
all-MiniLM-L6-v2,384,4,87,0.6758694444444445,0.6933805555555556,,0.7494944444444445,3
all-MiniLM-L6-v2,384,4,88,0.7296875,0.7423236111111111,,0.7806236111111111,2
all-MiniLM-L6-v2,384,4,89,0.633275,0.6485027777777778,,0.7380166666666665,2
all-MiniLM-L6-v2,384,4,90,0.6968583333333334,0.7406583333333334,,0.794986111111111,3
all-MiniLM-L6-v2,384,4,91,0.7301055555555556,0.7189305555555555,,0.5898833333333333,2
all-MiniLM-L6-v2,384,4,92,0.7778125,0.7718291666666667,,0.7706736111111111,2
all-MiniLM-L6-v2,384,4,93,0.6246708333333333,0.7166069444444445,,0.7199875000000001,1
all-MiniLM-L6-v2,384,4,94,0.7642763888888888,0.7772041666666667,,0.7768013888888888,3
all-MiniLM-L6-v2,384,4,95,0.7346833333333334,0.7412027777777778,,0.7357333333333334,3
all-MiniLM-L6-v2,384,4,96,0.6994013888888889,0.6404902777777777,,0.6815736111111111,3
all-MiniLM-L6-v2,384,4,97,0.7114638888888889,0.7508222222222223,,0.7152083333333334,2
all-MiniLM-L6-v2,384,4,98,0.757998611111111,0.7744402777777778,,0.7513430555555555,1
all-MiniLM-L6-v2,384,4,99,0.7566944444444446,0.7732805555555555,,0.7486388888888889,1
all-MiniLM-L6-v2,384,5,0,0.7850513888888889,0.7943347222222221,,0.796298611111111,1
all-MiniLM-L6-v2,384,5,1,0.7472430555555556,0.7787125000000001,,0.8176513888888889,5
all-MiniLM-L6-v2,384,5,2,0.7586722222222222,0.7717138888888889,,0.8043666666666667,5
all-MiniLM-L6-v2,384,5,3,0.7839125,0.7713083333333334,,0.8004194444444445,2
all-MiniLM-L6-v2,384,5,4,0.7817555555555555,0.7870055555555556,,0.7485305555555555,3
all-MiniLM-L6-v2,384,5,5,0.6777861111111112,0.7239555555555555,,0.7086833333333334,3
all-MiniLM-L6-v2,384,5,6,0.7766722222222222,0.8028111111111111,,0.8104666666666667,2
all-MiniLM-L6-v2,384,5,7,0.7709208333333333,0.7831069444444445,,0.7797319444444444,1
all-MiniLM-L6-v2,384,5,8,0.7611069444444445,0.7829402777777779,,0.7840874999999999,3
all-MiniLM-L6-v2,384,5,9,0.6480055555555556,0.7051972222222223,,0.6639833333333334,3
all-MiniLM-L6-v2,384,5,10,0.7336750000000001,0.7746111111111111,,0.7753333333333333,3
all-MiniLM-L6-v2,384,5,11,0.7181777777777778,0.7511888888888889,,0.7719638888888889,1
all-MiniLM-L6-v2,384,5,12,0.7730972222222223,0.7777694444444445,,0.8073444444444444,3
all-MiniLM-L6-v2,384,5,13,0.812011111111111,0.8165055555555556,,0.7740805555555555,5
all-MiniLM-L6-v2,384,5,14,0.6680736111111111,0.6819402777777779,,0.6242458333333334,5
all-MiniLM-L6-v2,384,5,15,0.724876388888889,0.7689041666666667,,0.7818208333333333,1
all-MiniLM-L6-v2,384,5,16,0.7402916666666668,0.7451888888888889,,0.7786916666666667,3
all-MiniLM-L6-v2,384,5,17,0.5354722222222222,0.6600333333333334,,0.6995861111111112,2
all-MiniLM-L6-v2,384,5,18,0.7393555555555557,0.7560944444444444,,0.7769972222222221,2
all-MiniLM-L6-v2,384,5,19,0.6372083333333334,0.7033722222222222,,0.7487027777777778,5
all-MiniLM-L6-v2,384,5,20,0.7500847222222222,0.7613208333333333,,0.7393263888888888,3
all-MiniLM-L6-v2,384,5,21,0.6618111111111111,0.7072944444444444,,0.7524222222222223,2
all-MiniLM-L6-v2,384,5,22,0.7159611111111112,0.74095,,0.7811666666666667,3
all-MiniLM-L6-v2,384,5,23,0.7467083333333333,0.7611416666666667,,0.8173416666666666,5
all-MiniLM-L6-v2,384,5,24,0.7346402777777777,0.7661541666666667,,0.8018874999999999,1
all-MiniLM-L6-v2,384,5,25,0.7067277777777777,0.7494194444444444,,0.7280027777777778,5
all-MiniLM-L6-v2,384,5,26,0.7434833333333333,0.7538666666666667,,0.7697972222222221,5
all-MiniLM-L6-v2,384,5,27,0.7154069444444445,0.7434597222222221,,0.7681041666666667,3
all-MiniLM-L6-v2,384,5,28,0.7850680555555556,0.7960958333333332,,0.7799319444444445,2
all-MiniLM-L6-v2,384,5,29,0.7349208333333334,0.7434930555555557,,0.7687791666666667,5
all-MiniLM-L6-v2,384,5,30,0.7242125,0.7381875,,0.7343569444444443,1
all-MiniLM-L6-v2,384,5,31,0.7557291666666667,0.7641902777777777,,0.8250791666666667,3
all-MiniLM-L6-v2,384,5,32,0.7844791666666667,0.7931736111111111,,0.7957597222222222,1
all-MiniLM-L6-v2,384,5,33,0.738323611111111,0.7552541666666667,,0.767026388888889,1
all-MiniLM-L6-v2,384,5,34,0.7420736111111111,0.7383930555555556,,0.8005541666666666,2
all-MiniLM-L6-v2,384,5,35,0.7559291666666668,0.7878152777777777,,0.8089902777777779,3
all-MiniLM-L6-v2,384,5,36,0.7514375,0.7772819444444445,,0.7507097222222223,2
all-MiniLM-L6-v2,384,5,37,0.6917583333333334,0.7423916666666667,,0.8016555555555556,3
all-MiniLM-L6-v2,384,5,38,0.7260888888888889,0.7319694444444445,,0.7383694444444444,1
all-MiniLM-L6-v2,384,5,39,0.7702027777777778,0.7746666666666667,,0.6563194444444445,1
all-MiniLM-L6-v2,384,5,40,0.7009847222222222,0.7033902777777779,,0.7385291666666667,3
all-MiniLM-L6-v2,384,5,41,0.7469597222222222,0.7697569444444444,,0.7998458333333334,2
all-MiniLM-L6-v2,384,5,42,0.6839305555555556,0.7180027777777778,,0.7631916666666667,2
all-MiniLM-L6-v2,384,5,43,0.7020819444444445,0.7184875,,0.6969902777777778,5
all-MiniLM-L6-v2,384,5,44,0.7435125,0.7872402777777777,,0.7971402777777779,3
all-MiniLM-L6-v2,384,5,45,0.7615180555555556,0.7858708333333334,,0.7477402777777777,1
all-MiniLM-L6-v2,384,5,46,0.7441277777777778,0.7434750000000001,,0.7351972222222223,5
all-MiniLM-L6-v2,384,5,47,0.7700097222222223,0.7729097222222223,,0.7660402777777777,5
all-MiniLM-L6-v2,384,5,48,0.7198472222222223,0.7192166666666666,,0.5799777777777778,1
all-MiniLM-L6-v2,384,5,49,0.7008916666666666,0.6992194444444444,,0.7430472222222223,3
all-MiniLM-L6-v2,384,5,50,0.7882694444444444,0.7918805555555556,,0.7231055555555556,2
all-MiniLM-L6-v2,384,5,51,0.7793763888888889,0.7856125,,0.7864374999999999,5
all-MiniLM-L6-v2,384,5,52,0.7756083333333333,0.7736666666666667,,0.7855083333333333,5
all-MiniLM-L6-v2,384,5,53,0.717425,0.7330722222222221,,0.6867416666666666,1
all-MiniLM-L6-v2,384,5,54,0.7584138888888889,0.7730138888888889,,0.7686333333333333,1
all-MiniLM-L6-v2,384,5,55,0.7642708333333333,0.7701402777777776,,0.7991236111111111,3
all-MiniLM-L6-v2,384,5,56,0.7161958333333333,0.7142152777777777,,0.7270652777777777,5
all-MiniLM-L6-v2,384,5,57,0.6927333333333333,0.7016944444444444,,0.7505,3
all-MiniLM-L6-v2,384,5,58,0.7531652777777779,0.7526430555555557,,0.8054930555555556,5
all-MiniLM-L6-v2,384,5,59,0.7156833333333333,0.7490916666666667,,0.785463888888889,1
all-MiniLM-L6-v2,384,5,60,0.7289124999999999,0.7360486111111111,,0.6308430555555555,1
all-MiniLM-L6-v2,384,5,61,0.6992569444444445,0.7511041666666667,,0.8046125000000001,3
all-MiniLM-L6-v2,384,5,62,0.7422805555555556,0.7517888888888888,,0.8103555555555557,5
all-MiniLM-L6-v2,384,5,63,0.6152902777777778,0.6587902777777779,,0.6146430555555555,2
all-MiniLM-L6-v2,384,5,64,0.7378736111111112,0.7685041666666668,,0.8255208333333333,2
all-MiniLM-L6-v2,384,5,65,0.6447777777777778,0.691975,,0.7634194444444444,3
all-MiniLM-L6-v2,384,5,66,0.7673472222222224,0.7736611111111111,,0.7728444444444444,5
all-MiniLM-L6-v2,384,5,67,0.7403041666666668,0.7450208333333332,,0.7353652777777778,5
all-MiniLM-L6-v2,384,5,68,0.6436277777777778,0.7228111111111112,,0.7619444444444444,2
all-MiniLM-L6-v2,384,5,69,0.7473458333333334,0.7613069444444445,,0.7444513888888888,2
all-MiniLM-L6-v2,384,5,70,0.785926388888889,0.7856124999999999,,0.8180763888888889,1
all-MiniLM-L6-v2,384,5,71,0.7242166666666666,0.7577694444444445,,0.7926472222222223,5
all-MiniLM-L6-v2,384,5,72,0.7760027777777778,0.7889583333333332,,0.7028527777777777,3
all-MiniLM-L6-v2,384,5,73,0.7478236111111112,0.7551180555555556,,0.7732125000000001,1
all-MiniLM-L6-v2,384,5,74,0.6813055555555555,0.721763888888889,,0.6829305555555556,5
all-MiniLM-L6-v2,384,5,75,0.6885569444444445,0.7079291666666667,,0.7636458333333334,5
all-MiniLM-L6-v2,384,5,76,0.6874291666666666,0.7000902777777778,,0.6950013888888888,2
all-MiniLM-L6-v2,384,5,77,0.7698916666666666,0.78665,,0.834575,2
all-MiniLM-L6-v2,384,5,78,0.7571430555555556,0.7769347222222222,,0.8174708333333334,1
all-MiniLM-L6-v2,384,5,79,0.7533875,0.7802347222222221,,0.7886430555555556,1
all-MiniLM-L6-v2,384,5,80,0.7452013888888888,0.7645791666666667,,0.7200819444444444,3
all-MiniLM-L6-v2,384,5,81,0.6793305555555555,0.7001861111111111,,0.6580083333333333,3
all-MiniLM-L6-v2,384,5,82,0.7868916666666667,0.7988916666666667,,0.7993861111111111,1
all-MiniLM-L6-v2,384,5,83,0.7837680555555555,0.7918152777777778,,0.8201263888888889,1
all-MiniLM-L6-v2,384,5,84,0.7592944444444445,0.7610416666666666,,0.8184277777777778,1
all-MiniLM-L6-v2,384,5,85,0.732075,0.7423083333333333,,0.7293277777777778,2
all-MiniLM-L6-v2,384,5,86,0.7779722222222222,0.7985222222222221,,0.7776055555555555,2
all-MiniLM-L6-v2,384,5,87,0.6661305555555554,0.7123027777777778,,0.7355,5
all-MiniLM-L6-v2,384,5,88,0.7603291666666666,0.7844625000000001,,0.8036402777777778,1
all-MiniLM-L6-v2,384,5,89,0.6787166666666667,0.6977722222222222,,0.7551861111111111,1
all-MiniLM-L6-v2,384,5,90,0.7178,0.7455805555555555,,0.8004027777777778,5
all-MiniLM-L6-v2,384,5,91,0.7267305555555555,0.7229722222222222,,0.6588472222222223,2
all-MiniLM-L6-v2,384,5,92,0.7873069444444444,0.7857125,,0.7802763888888888,1
all-MiniLM-L6-v2,384,5,93,0.6338069444444445,0.6996902777777777,,0.7049013888888889,1
all-MiniLM-L6-v2,384,5,94,0.7702930555555556,0.7838819444444445,,0.7649069444444444,3
all-MiniLM-L6-v2,384,5,95,0.7407166666666667,0.7354222222222222,,0.7547916666666666,5
all-MiniLM-L6-v2,384,5,96,0.736323611111111,0.7539819444444444,,0.7669986111111111,2
all-MiniLM-L6-v2,384,5,97,0.7240111111111112,0.7674583333333334,,0.7726027777777777,1
all-MiniLM-L6-v2,384,5,98,0.7531541666666667,0.7854486111111112,,0.7954569444444445,1
all-MiniLM-L6-v2,384,5,99,0.7625972222222221,0.7602777777777778,,0.689125,1
all-MiniLM-L6-v2,384,7,0,0.7842180555555556,0.7956263888888889,,0.8224569444444444,1
all-MiniLM-L6-v2,384,7,1,0.7556513888888889,0.7802875,,0.812173611111111,1
all-MiniLM-L6-v2,384,7,2,0.7418027777777778,0.7816472222222223,,0.8015916666666667,5
all-MiniLM-L6-v2,384,7,3,0.7628944444444445,0.7707194444444444,,0.8004888888888888,2
all-MiniLM-L6-v2,384,7,4,0.7858833333333334,0.7958666666666666,,0.800513888888889,3
all-MiniLM-L6-v2,384,7,5,0.7362055555555556,0.7948083333333332,,0.8313805555555556,2
all-MiniLM-L6-v2,384,7,6,0.7725861111111112,0.7949472222222222,,0.8099111111111111,1
all-MiniLM-L6-v2,384,7,7,0.7556069444444444,0.774948611111111,,0.8069958333333331,2
all-MiniLM-L6-v2,384,7,8,0.7725291666666667,0.7659513888888889,,0.7992347222222222,3
all-MiniLM-L6-v2,384,7,9,0.6986722222222221,0.7328277777777777,,0.6868555555555554,1
all-MiniLM-L6-v2,384,7,10,0.7638194444444443,0.8093777777777779,,0.8138749999999999,2
all-MiniLM-L6-v2,384,7,11,0.7274277777777779,0.7675416666666668,,0.8033083333333334,2
all-MiniLM-L6-v2,384,7,12,0.7625694444444444,0.7807583333333333,,0.8108833333333334,5
all-MiniLM-L6-v2,384,7,13,0.7970444444444444,0.8050944444444444,,0.8056888888888889,1
all-MiniLM-L6-v2,384,7,14,0.6916791666666666,0.7286125,,0.7162708333333333,3
all-MiniLM-L6-v2,384,7,15,0.7397597222222222,0.7871791666666668,,0.8154902777777778,1
all-MiniLM-L6-v2,384,7,16,0.790575,0.8019444444444446,,0.8172916666666667,1
all-MiniLM-L6-v2,384,7,17,0.5876861111111111,0.7037472222222223,,0.664761111111111,2
all-MiniLM-L6-v2,384,7,18,0.7408,0.7629638888888889,,0.7918583333333333,3
all-MiniLM-L6-v2,384,7,19,0.673175,0.7058055555555556,,0.7787,5
all-MiniLM-L6-v2,384,7,20,0.7829819444444444,0.7870680555555556,,0.7846291666666667,5
all-MiniLM-L6-v2,384,7,21,0.7381,0.7868138888888889,,0.7997222222222222,2
all-MiniLM-L6-v2,384,7,22,0.7226666666666666,0.7550694444444446,,0.7760694444444445,5
all-MiniLM-L6-v2,384,7,23,0.7616972222222222,0.7753972222222222,,0.8127722222222222,1
all-MiniLM-L6-v2,384,7,24,0.7554569444444444,0.7724569444444445,,0.7957513888888889,2
all-MiniLM-L6-v2,384,7,25,0.6946277777777778,0.7423305555555555,,0.6207472222222222,5
all-MiniLM-L6-v2,384,7,26,0.7900944444444444,0.805675,,0.8115888888888889,2
all-MiniLM-L6-v2,384,7,27,0.7470625,0.7514569444444444,,0.7874902777777777,1
all-MiniLM-L6-v2,384,7,28,0.7942708333333334,0.8148458333333334,,0.817473611111111,2
all-MiniLM-L6-v2,384,7,29,0.7495125,0.7733208333333333,,0.7792541666666667,5
all-MiniLM-L6-v2,384,7,30,0.7390597222222222,0.7446263888888889,,0.7662930555555556,5
all-MiniLM-L6-v2,384,7,31,0.7695041666666668,0.7901986111111112,,0.8305125,2
all-MiniLM-L6-v2,384,7,32,0.7929486111111111,0.8085208333333335,,0.8121763888888889,2
all-MiniLM-L6-v2,384,7,33,0.7603041666666667,0.7749541666666667,,0.7828347222222223,1
all-MiniLM-L6-v2,384,7,34,0.7741347222222222,0.7721736111111112,,0.8307208333333334,2
all-MiniLM-L6-v2,384,7,35,0.7734208333333333,0.7858986111111111,,0.8301069444444444,5
all-MiniLM-L6-v2,384,7,36,0.7600597222222223,0.7763736111111111,,0.7738041666666667,2
all-MiniLM-L6-v2,384,7,37,0.6818194444444444,0.7380472222222223,,0.7473777777777777,2
all-MiniLM-L6-v2,384,7,38,0.7439472222222221,0.7352500000000001,,0.7315333333333334,3
all-MiniLM-L6-v2,384,7,39,0.7766583333333333,0.7834611111111112,,0.749688888888889,1
all-MiniLM-L6-v2,384,7,40,0.7114069444444445,0.7191986111111112,,0.7834069444444446,5
all-MiniLM-L6-v2,384,7,41,0.7640569444444445,0.7865763888888888,,0.8233986111111111,3
all-MiniLM-L6-v2,384,7,42,0.7397944444444444,0.755786111111111,,0.7985055555555557,3
all-MiniLM-L6-v2,384,7,43,0.7485263888888889,0.7594319444444444,,0.7756625,3
all-MiniLM-L6-v2,384,7,44,0.7618847222222223,0.7799708333333334,,0.8127013888888889,2
all-MiniLM-L6-v2,384,7,45,0.745123611111111,0.7755041666666666,,0.7587597222222222,1
all-MiniLM-L6-v2,384,7,46,0.7483194444444445,0.7478972222222222,,0.6914138888888889,1
all-MiniLM-L6-v2,384,7,47,0.7643791666666666,0.7738819444444444,,0.7792597222222222,5
all-MiniLM-L6-v2,384,7,48,0.7128333333333333,0.7033194444444445,,0.6514249999999999,1
all-MiniLM-L6-v2,384,7,49,0.740361111111111,0.7442527777777778,,0.7717638888888889,1
all-MiniLM-L6-v2,384,7,50,0.7787777777777778,0.7894305555555555,,0.7738305555555556,1
all-MiniLM-L6-v2,384,7,51,0.7939652777777778,0.8029819444444445,,0.8197402777777779,1
all-MiniLM-L6-v2,384,7,52,0.7772916666666666,0.7842694444444445,,0.7650194444444445,5
all-MiniLM-L6-v2,384,7,53,0.6918166666666667,0.7196055555555555,,0.7110944444444445,3
all-MiniLM-L6-v2,384,7,54,0.7399,0.7694722222222223,,0.7893472222222222,1
all-MiniLM-L6-v2,384,7,55,0.7510152777777778,0.7730569444444445,,0.8005569444444445,5
all-MiniLM-L6-v2,384,7,56,0.7246791666666667,0.7332208333333333,,0.7607541666666666,1
all-MiniLM-L6-v2,384,7,57,0.7035361111111111,0.7339388888888889,,0.7872083333333333,1
all-MiniLM-L6-v2,384,7,58,0.7710847222222222,0.7791902777777778,,0.8064986111111112,2
all-MiniLM-L6-v2,384,7,59,0.7421555555555556,0.7744222222222222,,0.8226222222222224,1
all-MiniLM-L6-v2,384,7,60,0.7350263888888889,0.7514902777777777,,0.741273611111111,1
all-MiniLM-L6-v2,384,7,61,0.725526388888889,0.7725958333333334,,0.8129513888888888,3
all-MiniLM-L6-v2,384,7,62,0.733425,0.7296777777777779,,0.7764444444444445,2
all-MiniLM-L6-v2,384,7,63,0.6611652777777777,0.6963569444444445,,0.6914430555555555,2
all-MiniLM-L6-v2,384,7,64,0.7222736111111111,0.7634263888888888,,0.8136347222222222,3
all-MiniLM-L6-v2,384,7,65,0.6937805555555555,0.7333777777777778,,0.7756666666666666,2
all-MiniLM-L6-v2,384,7,66,0.7622652777777776,0.7908888888888889,,0.7619611111111112,3
all-MiniLM-L6-v2,384,7,67,0.7206402777777777,0.7269958333333333,,0.7185347222222223,5
all-MiniLM-L6-v2,384,7,68,0.6921388888888889,0.7556333333333334,,0.7794222222222222,3
all-MiniLM-L6-v2,384,7,69,0.7336125,0.7581402777777779,,0.7702263888888887,1
all-MiniLM-L6-v2,384,7,70,0.7886708333333333,0.8020180555555556,,0.8362736111111112,1
all-MiniLM-L6-v2,384,7,71,0.7438805555555554,0.7822250000000001,,0.8078444444444444,3
all-MiniLM-L6-v2,384,7,72,0.7926861111111111,0.8098972222222223,,0.8001055555555555,5
all-MiniLM-L6-v2,384,7,73,0.7312708333333333,0.7414208333333333,,0.7565069444444444,1
all-MiniLM-L6-v2,384,7,74,0.7151638888888888,0.7554305555555556,,0.7810638888888889,1
all-MiniLM-L6-v2,384,7,75,0.6837041666666667,0.6843625,,0.7433458333333333,5
all-MiniLM-L6-v2,384,7,76,0.7401569444444445,0.7652958333333334,,0.7819569444444443,2
all-MiniLM-L6-v2,384,7,77,0.7842111111111112,0.7835944444444445,,0.830813888888889,1
all-MiniLM-L6-v2,384,7,78,0.7814013888888889,0.8135930555555556,,0.8400791666666667,1
all-MiniLM-L6-v2,384,7,79,0.7487347222222223,0.7929291666666667,,0.8110069444444444,3
all-MiniLM-L6-v2,384,7,80,0.7282958333333333,0.7588319444444445,,0.6566763888888889,5
all-MiniLM-L6-v2,384,7,81,0.6750250000000001,0.7494277777777779,,0.739638888888889,1
all-MiniLM-L6-v2,384,7,82,0.7910611111111111,0.7871166666666666,,0.8025416666666667,3
all-MiniLM-L6-v2,384,7,83,0.7756388888888888,0.7970375000000001,,0.7968847222222222,2
all-MiniLM-L6-v2,384,7,84,0.7729805555555557,0.7829083333333333,,0.8337666666666667,2
all-MiniLM-L6-v2,384,7,85,0.7360138888888889,0.7518111111111111,,0.7778555555555555,1
all-MiniLM-L6-v2,384,7,86,0.7403527777777779,0.7806083333333333,,0.7533749999999999,2
all-MiniLM-L6-v2,384,7,87,0.6430722222222222,0.6945972222222222,,0.699025,5
all-MiniLM-L6-v2,384,7,88,0.7627875,0.7895847222222223,,0.8445291666666667,2
all-MiniLM-L6-v2,384,7,89,0.7439888888888888,0.7832527777777779,,0.7888861111111111,3
all-MiniLM-L6-v2,384,7,90,0.7199888888888889,0.7487638888888889,,0.799163888888889,5
all-MiniLM-L6-v2,384,7,91,0.7222166666666666,0.7329749999999999,,0.7105555555555556,2
all-MiniLM-L6-v2,384,7,92,0.7684486111111111,0.7880347222222223,,0.8098874999999999,1
all-MiniLM-L6-v2,384,7,93,0.6302347222222222,0.7152902777777778,,0.7246513888888888,2
all-MiniLM-L6-v2,384,7,94,0.7859236111111111,0.8058569444444444,,0.7847291666666667,5
all-MiniLM-L6-v2,384,7,95,0.7451972222222222,0.7548722222222222,,0.7686916666666668,1
all-MiniLM-L6-v2,384,7,96,0.7904291666666666,0.8015486111111112,,0.8337319444444444,2
all-MiniLM-L6-v2,384,7,97,0.7255305555555556,0.7608083333333334,,0.780986111111111,2
all-MiniLM-L6-v2,384,7,98,0.7579041666666666,0.7979347222222223,,0.8283208333333334,1
all-MiniLM-L6-v2,384,7,99,0.7863416666666667,0.8081888888888888,,0.8011944444444445,1
all-MiniLM-L6-v2,384,10,0,0.7665069444444444,0.7858263888888889,0.7926291666666666,0.8246513888888889,1
all-MiniLM-L6-v2,384,10,1,0.7467541666666668,0.7751263888888889,0.7911597222222222,0.8054097222222223,10
all-MiniLM-L6-v2,384,10,2,0.7554194444444444,0.7750944444444445,0.8120638888888888,0.8196833333333333,5
all-MiniLM-L6-v2,384,10,3,0.7470277777777777,0.7618805555555557,0.7880083333333333,0.8076055555555556,2
all-MiniLM-L6-v2,384,10,4,0.7965000000000001,0.8099666666666667,0.8043666666666667,0.8199861111111111,10
all-MiniLM-L6-v2,384,10,5,0.7665083333333333,0.7955027777777779,0.8092111111111111,0.8325444444444445,1
all-MiniLM-L6-v2,384,10,6,0.7845638888888888,0.8007583333333333,0.7937666666666667,0.823763888888889,2
all-MiniLM-L6-v2,384,10,7,0.7709069444444443,0.7947597222222222,0.8151152777777777,0.8301624999999999,3
all-MiniLM-L6-v2,384,10,8,0.7768986111111111,0.782126388888889,0.8295625,0.8254458333333332,1
all-MiniLM-L6-v2,384,10,9,0.7151750000000001,0.7578305555555557,0.7336555555555555,0.7416166666666667,1
all-MiniLM-L6-v2,384,10,10,0.7748694444444445,0.8173555555555556,0.8218777777777777,0.82145,2
all-MiniLM-L6-v2,384,10,11,0.7339305555555556,0.7752416666666667,0.7904583333333333,0.8222111111111111,2
all-MiniLM-L6-v2,384,10,12,0.7760666666666667,0.7972777777777779,0.8181805555555556,0.8216999999999999,10
all-MiniLM-L6-v2,384,10,13,0.7793333333333333,0.7947305555555556,0.8150111111111111,0.8314999999999999,3
all-MiniLM-L6-v2,384,10,14,0.7295180555555556,0.7524680555555555,0.7717541666666667,0.8030652777777778,5
all-MiniLM-L6-v2,384,10,15,0.7419180555555556,0.7910736111111111,0.8226041666666666,0.8331402777777778,2
all-MiniLM-L6-v2,384,10,16,0.7831944444444445,0.8011083333333332,0.8303583333333333,0.8342027777777778,1
all-MiniLM-L6-v2,384,10,17,0.6640722222222222,0.7725416666666667,0.7799972222222222,0.7286666666666668,2
all-MiniLM-L6-v2,384,10,18,0.7681388888888889,0.7787833333333334,0.8097472222222222,0.824638888888889,2
all-MiniLM-L6-v2,384,10,19,0.7084555555555556,0.7575638888888888,0.8004138888888888,0.8032472222222222,5
all-MiniLM-L6-v2,384,10,20,0.7747569444444444,0.7899402777777776,0.8001624999999999,0.7850708333333333,10
all-MiniLM-L6-v2,384,10,21,0.7450083333333335,0.8010027777777777,0.7856916666666667,0.8243444444444445,1
all-MiniLM-L6-v2,384,10,22,0.7240555555555556,0.7322805555555556,0.6959222222222222,0.7399416666666667,5
all-MiniLM-L6-v2,384,10,23,0.756075,0.7768305555555555,0.7797444444444445,0.81875,10
all-MiniLM-L6-v2,384,10,24,0.7714930555555555,0.7777597222222221,0.7742625000000001,0.8010847222222223,10
all-MiniLM-L6-v2,384,10,25,0.7450111111111111,0.7828861111111111,0.7659638888888889,0.7730638888888889,5
all-MiniLM-L6-v2,384,10,26,0.7784583333333333,0.8136749999999999,0.8417083333333333,0.8254388888888887,1
all-MiniLM-L6-v2,384,10,27,0.7356736111111111,0.7463902777777778,0.7363569444444444,0.7619208333333334,1
all-MiniLM-L6-v2,384,10,28,0.7877208333333334,0.8083402777777777,0.7878458333333334,0.8328430555555556,5
all-MiniLM-L6-v2,384,10,29,0.7650625,0.7722902777777778,0.7676625,0.7994291666666667,10
all-MiniLM-L6-v2,384,10,30,0.7517819444444445,0.7692986111111112,0.7364291666666667,0.789648611111111,2
all-MiniLM-L6-v2,384,10,31,0.7621069444444444,0.7953402777777778,0.8174847222222222,0.8389986111111111,2
all-MiniLM-L6-v2,384,10,32,0.8019347222222223,0.8104680555555556,0.8036958333333334,0.8279208333333333,2
all-MiniLM-L6-v2,384,10,33,0.7764430555555556,0.7846597222222222,0.7966680555555556,0.8268458333333334,2
all-MiniLM-L6-v2,384,10,34,0.7793125,0.7866930555555555,0.821998611111111,0.8363347222222222,2
all-MiniLM-L6-v2,384,10,35,0.7855541666666667,0.7977902777777778,0.8123986111111112,0.8484097222222223,10
all-MiniLM-L6-v2,384,10,36,0.7596513888888888,0.7771152777777778,0.7851763888888889,0.8018458333333334,2
all-MiniLM-L6-v2,384,10,37,0.7324972222222221,0.7728583333333333,0.780236111111111,0.7864277777777778,5
all-MiniLM-L6-v2,384,10,38,0.7315916666666666,0.7346916666666667,0.7126916666666667,0.7489055555555555,2
all-MiniLM-L6-v2,384,10,39,0.7899444444444446,0.7927944444444445,0.8037972222222222,0.7908916666666667,1
all-MiniLM-L6-v2,384,10,40,0.7245430555555555,0.7734402777777778,0.8058347222222223,0.8089736111111111,2
all-MiniLM-L6-v2,384,10,41,0.7567791666666668,0.7849708333333333,0.7956930555555556,0.8284874999999999,1
all-MiniLM-L6-v2,384,10,42,0.7547750000000001,0.7841611111111111,0.7951777777777779,0.8144777777777777,1
all-MiniLM-L6-v2,384,10,43,0.7743958333333333,0.7929736111111111,0.7455430555555556,0.8006319444444444,5
all-MiniLM-L6-v2,384,10,44,0.7385513888888889,0.7761097222222222,0.800476388888889,0.8199263888888888,5
all-MiniLM-L6-v2,384,10,45,0.7651402777777777,0.7952736111111112,0.7931375,0.8103069444444444,1
all-MiniLM-L6-v2,384,10,46,0.7819055555555556,0.7778611111111111,0.7726833333333333,0.7941250000000001,10
all-MiniLM-L6-v2,384,10,47,0.7726597222222222,0.801998611111111,0.8118375000000001,0.8046541666666667,10
all-MiniLM-L6-v2,384,10,48,0.7392694444444444,0.7306638888888889,0.7271749999999999,0.7456972222222222,1
all-MiniLM-L6-v2,384,10,49,0.7474777777777778,0.7556444444444443,0.7742138888888889,0.7909027777777778,10
all-MiniLM-L6-v2,384,10,50,0.7673777777777777,0.7937444444444444,0.7192527777777777,0.7774750000000001,1
all-MiniLM-L6-v2,384,10,51,0.7830013888888889,0.8060708333333334,0.8213569444444445,0.8140902777777778,2
all-MiniLM-L6-v2,384,10,52,0.761261111111111,0.7844916666666668,0.7605611111111111,0.7906972222222222,10
all-MiniLM-L6-v2,384,10,53,0.7338277777777777,0.7448722222222223,0.7206277777777778,0.7636027777777777,10
all-MiniLM-L6-v2,384,10,54,0.7251666666666667,0.7522416666666667,0.7540055555555556,0.7700444444444444,1
all-MiniLM-L6-v2,384,10,55,0.7652875,0.8063152777777778,0.8280624999999999,0.8311263888888889,2
all-MiniLM-L6-v2,384,10,56,0.7279513888888889,0.7547541666666667,0.7728319444444444,0.7994958333333334,1
all-MiniLM-L6-v2,384,10,57,0.7176583333333333,0.7481888888888889,0.7813916666666667,0.805625,1
all-MiniLM-L6-v2,384,10,58,0.7769097222222222,0.7860125,0.7969875,0.8065097222222222,10
all-MiniLM-L6-v2,384,10,59,0.754325,0.7937416666666667,0.8060638888888889,0.8394111111111111,1
all-MiniLM-L6-v2,384,10,60,0.7536430555555556,0.7671374999999999,0.7874958333333333,0.7531708333333333,1
all-MiniLM-L6-v2,384,10,61,0.7336652777777778,0.7917958333333334,0.8266708333333332,0.8231680555555555,1
all-MiniLM-L6-v2,384,10,62,0.7614611111111111,0.7461333333333333,0.7656416666666667,0.797225,10
all-MiniLM-L6-v2,384,10,63,0.7294458333333333,0.7804986111111111,0.8061680555555556,0.7869958333333333,2
all-MiniLM-L6-v2,384,10,64,0.7383513888888888,0.7879597222222222,0.7980458333333333,0.8321819444444445,10
all-MiniLM-L6-v2,384,10,65,0.7201333333333334,0.7673166666666666,0.7783333333333333,0.7977527777777776,3
all-MiniLM-L6-v2,384,10,66,0.7775166666666666,0.8048805555555555,0.7995916666666667,0.8298249999999999,1
all-MiniLM-L6-v2,384,10,67,0.7212763888888889,0.7555708333333333,0.7263875,0.7492847222222223,10
all-MiniLM-L6-v2,384,10,68,0.720288888888889,0.7723055555555556,0.7872333333333332,0.792263888888889,10
all-MiniLM-L6-v2,384,10,69,0.7395597222222222,0.7916819444444445,0.7597013888888888,0.8271680555555556,1
all-MiniLM-L6-v2,384,10,70,0.7883597222222223,0.8031986111111111,0.8150541666666666,0.8269986111111112,2
all-MiniLM-L6-v2,384,10,71,0.7424916666666665,0.7907222222222222,0.8276999999999999,0.8220416666666667,2
all-MiniLM-L6-v2,384,10,72,0.7832833333333333,0.8039194444444444,0.7715083333333334,0.8162777777777777,10
all-MiniLM-L6-v2,384,10,73,0.7518208333333333,0.7765763888888889,0.7212097222222222,0.7760041666666667,2
all-MiniLM-L6-v2,384,10,74,0.7211666666666666,0.7626583333333333,0.7805166666666666,0.7914416666666666,1
all-MiniLM-L6-v2,384,10,75,0.7422930555555556,0.7598291666666667,0.7813486111111112,0.8190125,10
all-MiniLM-L6-v2,384,10,76,0.7150930555555556,0.7643430555555555,0.8013375,0.7705458333333334,5
all-MiniLM-L6-v2,384,10,77,0.7837055555555557,0.8023611111111111,0.7983722222222223,0.8263194444444443,10
all-MiniLM-L6-v2,384,10,78,0.788798611111111,0.8143263888888889,0.8186708333333335,0.8387152777777778,1
all-MiniLM-L6-v2,384,10,79,0.7631680555555556,0.8005236111111111,0.7943319444444443,0.8192652777777778,5
all-MiniLM-L6-v2,384,10,80,0.7558152777777778,0.7847347222222222,0.7369597222222223,0.6989041666666667,3
all-MiniLM-L6-v2,384,10,81,0.7054138888888889,0.7400055555555556,0.7632749999999999,0.7784888888888888,1
all-MiniLM-L6-v2,384,10,82,0.7914305555555556,0.7969305555555556,0.8020472222222221,0.8186111111111111,2
all-MiniLM-L6-v2,384,10,83,0.7719152777777777,0.7996708333333333,0.7762930555555555,0.7893097222222222,5
all-MiniLM-L6-v2,384,10,84,0.7857444444444446,0.7987833333333334,0.8059999999999999,0.8461805555555556,2
all-MiniLM-L6-v2,384,10,85,0.72125,0.7651,0.7698055555555556,0.7864583333333334,1
all-MiniLM-L6-v2,384,10,86,0.7513472222222223,0.7808194444444444,0.8117194444444443,0.7706916666666667,2
all-MiniLM-L6-v2,384,10,87,0.7099805555555554,0.7668138888888888,0.7748805555555556,0.7937972222222222,1
all-MiniLM-L6-v2,384,10,88,0.7724513888888889,0.7953736111111112,0.8492208333333332,0.846059722222222,10
all-MiniLM-L6-v2,384,10,89,0.7479916666666666,0.7710444444444445,0.7858416666666665,0.8062166666666666,1
all-MiniLM-L6-v2,384,10,90,0.7182916666666667,0.7593277777777778,0.7961555555555556,0.7931972222222222,10
all-MiniLM-L6-v2,384,10,91,0.7289527777777778,0.7398888888888889,0.734136111111111,0.7491166666666667,2
all-MiniLM-L6-v2,384,10,92,0.7907291666666667,0.8044180555555556,0.7943458333333333,0.8228402777777778,1
all-MiniLM-L6-v2,384,10,93,0.6696624999999998,0.7456930555555555,0.7411958333333334,0.8018819444444444,1
all-MiniLM-L6-v2,384,10,94,0.7865208333333333,0.8070902777777778,0.8062625,0.8148541666666667,5
all-MiniLM-L6-v2,384,10,95,0.7487611111111111,0.7892972222222222,0.7866277777777777,0.829211111111111,10
all-MiniLM-L6-v2,384,10,96,0.7789541666666666,0.8083041666666667,0.8488902777777777,0.8556875,2
all-MiniLM-L6-v2,384,10,97,0.7556277777777778,0.7887194444444444,0.8071611111111112,0.8174027777777779,2
all-MiniLM-L6-v2,384,10,98,0.7422486111111112,0.7826763888888889,0.8092180555555557,0.8391236111111112,3
all-MiniLM-L6-v2,384,10,99,0.7850972222222222,0.8026749999999999,0.8218055555555557,0.8418777777777777,2
all-MiniLM-L6-v2,384,15,0,0.7751097222222222,0.7653319444444444,0.8014152777777779,0.8421680555555556,10
all-MiniLM-L6-v2,384,15,1,0.7670930555555556,0.7892097222222223,0.8039736111111111,0.8317486111111112,10
all-MiniLM-L6-v2,384,15,2,0.7572111111111111,0.7769805555555557,0.7962305555555556,0.8220111111111111,2
all-MiniLM-L6-v2,384,15,3,0.7541777777777777,0.7786111111111111,0.8079666666666666,0.8269361111111112,10
all-MiniLM-L6-v2,384,15,4,0.8056861111111111,0.8248583333333332,0.8283861111111112,0.8510416666666666,10
all-MiniLM-L6-v2,384,15,5,0.7657111111111111,0.7992888888888888,0.8074000000000001,0.8472,1
all-MiniLM-L6-v2,384,15,6,0.7700333333333333,0.7918694444444444,0.7638111111111112,0.8003333333333333,1
all-MiniLM-L6-v2,384,15,7,0.7451152777777779,0.7931263888888889,0.8305680555555556,0.8328569444444444,5
all-MiniLM-L6-v2,384,15,8,0.7837680555555556,0.7912458333333333,0.8062513888888889,0.7991847222222221,10
all-MiniLM-L6-v2,384,15,9,0.7298333333333333,0.7525250000000001,0.7268249999999999,0.7859722222222222,1
all-MiniLM-L6-v2,384,15,10,0.77345,0.8212861111111113,0.8234916666666666,0.8314583333333334,2
all-MiniLM-L6-v2,384,15,11,0.7657166666666666,0.7915583333333334,0.8027166666666665,0.851036111111111,10
all-MiniLM-L6-v2,384,15,12,0.7828944444444444,0.8009222222222223,0.8114888888888888,0.8277972222222223,1
all-MiniLM-L6-v2,384,15,13,0.769463888888889,0.7833277777777778,0.8146527777777778,0.8404555555555557,10
all-MiniLM-L6-v2,384,15,14,0.7312708333333334,0.7506875,0.7544375,0.8008902777777778,10
all-MiniLM-L6-v2,384,15,15,0.7542013888888889,0.7951513888888888,0.8226875,0.8368541666666666,2
all-MiniLM-L6-v2,384,15,16,0.7669583333333334,0.7841166666666667,0.8099416666666667,0.8246861111111111,1
all-MiniLM-L6-v2,384,15,17,0.7144583333333333,0.7816166666666666,0.8076944444444445,0.7913361111111111,1
all-MiniLM-L6-v2,384,15,18,0.7687138888888889,0.7690277777777778,0.7835305555555556,0.8165583333333333,5
all-MiniLM-L6-v2,384,15,19,0.7251402777777778,0.7767083333333333,0.8076805555555555,0.8237277777777778,10
all-MiniLM-L6-v2,384,15,20,0.7703291666666667,0.7912708333333334,0.7670458333333334,0.7947069444444445,10
all-MiniLM-L6-v2,384,15,21,0.7598555555555555,0.8040916666666666,0.7952333333333332,0.8362083333333333,2
all-MiniLM-L6-v2,384,15,22,0.7355833333333334,0.7762249999999999,0.7595305555555555,0.8221944444444446,3
all-MiniLM-L6-v2,384,15,23,0.7380166666666668,0.7659166666666666,0.7567472222222222,0.7893527777777777,1
all-MiniLM-L6-v2,384,15,24,0.7813875000000001,0.7877763888888888,0.7802319444444443,0.8178874999999999,3
all-MiniLM-L6-v2,384,15,25,0.756575,0.7710027777777778,0.7172861111111112,0.7081722222222222,5
all-MiniLM-L6-v2,384,15,26,0.7450166666666667,0.8082444444444444,0.8261027777777777,0.8077916666666667,1
all-MiniLM-L6-v2,384,15,27,0.7447819444444445,0.7543763888888888,0.7586208333333334,0.7719819444444445,1
all-MiniLM-L6-v2,384,15,28,0.7820319444444445,0.7976208333333333,0.7839125,0.8314680555555556,5
all-MiniLM-L6-v2,384,15,29,0.7572041666666667,0.7733819444444445,0.7424347222222223,0.797276388888889,10
all-MiniLM-L6-v2,384,15,30,0.7608013888888889,0.7902986111111112,0.7782513888888889,0.829598611111111,2
all-MiniLM-L6-v2,384,15,31,0.7673791666666667,0.7941097222222222,0.8166569444444445,0.8487236111111112,3
all-MiniLM-L6-v2,384,15,32,0.7931958333333333,0.8052180555555556,0.8110041666666666,0.8478652777777778,10
all-MiniLM-L6-v2,384,15,33,0.7611486111111112,0.7874013888888889,0.8024319444444444,0.8287263888888889,1
all-MiniLM-L6-v2,384,15,34,0.7693625,0.7841069444444444,0.8141180555555557,0.8336791666666666,2
all-MiniLM-L6-v2,384,15,35,0.7843236111111112,0.8014263888888888,0.8205736111111112,0.8526430555555554,3
all-MiniLM-L6-v2,384,15,36,0.767098611111111,0.7884319444444444,0.8046458333333333,0.8247069444444446,2
all-MiniLM-L6-v2,384,15,37,0.7502180555555557,0.7854055555555555,0.8048222222222222,0.8164055555555555,5
all-MiniLM-L6-v2,384,15,38,0.7357277777777779,0.7590333333333333,0.7514305555555556,0.7928,5
all-MiniLM-L6-v2,384,15,39,0.792775,0.7977361111111111,0.8059944444444445,0.8178333333333334,1
all-MiniLM-L6-v2,384,15,40,0.7599486111111111,0.7860736111111112,0.8417569444444445,0.840776388888889,2
all-MiniLM-L6-v2,384,15,41,0.7653319444444445,0.7809402777777779,0.8248208333333333,0.8362625,5
all-MiniLM-L6-v2,384,15,42,0.7462027777777778,0.7874555555555555,0.7924111111111112,0.822861111111111,1
all-MiniLM-L6-v2,384,15,43,0.7627097222222222,0.7895402777777778,0.7629319444444445,0.8138375,5
all-MiniLM-L6-v2,384,15,44,0.7428097222222223,0.7851125,0.8233430555555555,0.8468708333333335,3
all-MiniLM-L6-v2,384,15,45,0.7704736111111111,0.8076152777777779,0.8022319444444445,0.8359069444444445,5
all-MiniLM-L6-v2,384,15,46,0.7827805555555557,0.7928416666666667,0.8090722222222222,0.8375305555555557,10
all-MiniLM-L6-v2,384,15,47,0.7891041666666667,0.8158763888888888,0.8242541666666666,0.8198791666666667,10
all-MiniLM-L6-v2,384,15,48,0.7411833333333333,0.7323555555555555,0.7490611111111111,0.8030083333333334,1
all-MiniLM-L6-v2,384,15,49,0.7234777777777777,0.7439805555555555,0.7635305555555555,0.7863944444444445,3
all-MiniLM-L6-v2,384,15,50,0.7661111111111112,0.7751777777777777,0.7240666666666667,0.7886138888888888,1
all-MiniLM-L6-v2,384,15,51,0.7920263888888889,0.8207875,0.8251875000000001,0.842948611111111,1
all-MiniLM-L6-v2,384,15,52,0.7559638888888889,0.7870083333333333,0.7800111111111111,0.8261527777777776,3
all-MiniLM-L6-v2,384,15,53,0.7544166666666667,0.7694305555555556,0.7473444444444445,0.7866972222222223,10
all-MiniLM-L6-v2,384,15,54,0.7549777777777777,0.7838361111111111,0.8025638888888889,0.8163333333333334,1
all-MiniLM-L6-v2,384,15,55,0.7600513888888889,0.8041847222222223,0.7762347222222221,0.8277402777777777,3
all-MiniLM-L6-v2,384,15,56,0.7584569444444444,0.801623611111111,0.8251041666666666,0.8414125,2
all-MiniLM-L6-v2,384,15,57,0.7419833333333333,0.7644555555555556,0.8072749999999999,0.8329000000000001,10
all-MiniLM-L6-v2,384,15,58,0.7776652777777778,0.7834208333333335,0.7809597222222222,0.8136736111111113,2
all-MiniLM-L6-v2,384,15,59,0.7698638888888889,0.8063805555555557,0.8307027777777778,0.8542055555555554,1
all-MiniLM-L6-v2,384,15,60,0.7296624999999999,0.7558152777777778,0.7732541666666667,0.7708541666666667,5
all-MiniLM-L6-v2,384,15,61,0.7435597222222222,0.7906958333333334,0.8420513888888889,0.8416541666666667,2
all-MiniLM-L6-v2,384,15,62,0.7792555555555556,0.7801027777777778,0.7873805555555555,0.8350583333333333,10
all-MiniLM-L6-v2,384,15,63,0.7305291666666667,0.7830902777777777,0.7826319444444445,0.7945569444444442,2
all-MiniLM-L6-v2,384,15,64,0.7627625,0.8009291666666666,0.841951388888889,0.8539097222222222,10
all-MiniLM-L6-v2,384,15,65,0.7293638888888889,0.7499472222222222,0.7768833333333334,0.8090305555555556,10
all-MiniLM-L6-v2,384,15,66,0.7783833333333332,0.7961194444444444,0.8154555555555555,0.8457166666666667,2
all-MiniLM-L6-v2,384,15,67,0.7275208333333334,0.7611041666666667,0.7660847222222222,0.7753208333333333,10
all-MiniLM-L6-v2,384,15,68,0.735786111111111,0.7849138888888889,0.8042416666666667,0.804038888888889,10
all-MiniLM-L6-v2,384,15,69,0.7555125,0.8046347222222221,0.8244569444444444,0.8539541666666667,1
all-MiniLM-L6-v2,384,15,70,0.7743180555555556,0.8047208333333333,0.8057763888888889,0.8272013888888889,1
all-MiniLM-L6-v2,384,15,71,0.7509666666666668,0.79345,0.8294916666666667,0.8265972222222222,2
all-MiniLM-L6-v2,384,15,72,0.7660166666666666,0.7968833333333334,0.7768138888888889,0.8228,10
all-MiniLM-L6-v2,384,15,73,0.744401388888889,0.7873902777777777,0.7490902777777777,0.8003819444444444,3
all-MiniLM-L6-v2,384,15,74,0.7662777777777778,0.8048388888888889,0.8125444444444445,0.8273944444444445,5
all-MiniLM-L6-v2,384,15,75,0.7376152777777778,0.7707097222222222,0.7894791666666666,0.8176430555555554,3
all-MiniLM-L6-v2,384,15,76,0.7229097222222222,0.7832625,0.8005708333333333,0.798326388888889,10
all-MiniLM-L6-v2,384,15,77,0.7560583333333332,0.7767583333333333,0.8042083333333333,0.826861111111111,1
all-MiniLM-L6-v2,384,15,78,0.7854152777777776,0.8129180555555555,0.8362097222222223,0.8562347222222222,10
all-MiniLM-L6-v2,384,15,79,0.7809486111111111,0.8139652777777777,0.8019319444444444,0.8390375,3
all-MiniLM-L6-v2,384,15,80,0.7597958333333333,0.7961763888888889,0.8010763888888889,0.7972208333333333,3
all-MiniLM-L6-v2,384,15,81,0.7373388888888889,0.7715916666666667,0.7854583333333334,0.8205361111111111,3
all-MiniLM-L6-v2,384,15,82,0.7908694444444444,0.7997694444444444,0.8226777777777778,0.840275,2
all-MiniLM-L6-v2,384,15,83,0.7757541666666666,0.7993347222222222,0.7503930555555556,0.775423611111111,3
all-MiniLM-L6-v2,384,15,84,0.7870777777777777,0.7983777777777779,0.7907333333333333,0.8464499999999999,2
all-MiniLM-L6-v2,384,15,85,0.7436694444444445,0.7720500000000001,0.8014277777777778,0.8363555555555557,2
all-MiniLM-L6-v2,384,15,86,0.7637916666666666,0.8022083333333332,0.833625,0.8400222222222221,3
all-MiniLM-L6-v2,384,15,87,0.7331750000000001,0.7619777777777776,0.7066944444444444,0.7381583333333334,1
all-MiniLM-L6-v2,384,15,88,0.7668597222222222,0.8105180555555556,0.8336819444444444,0.8212402777777777,10
all-MiniLM-L6-v2,384,15,89,0.7580361111111111,0.7812444444444445,0.795313888888889,0.8218527777777778,2
all-MiniLM-L6-v2,384,15,90,0.7201666666666666,0.7676611111111111,0.810838888888889,0.8149861111111112,10
all-MiniLM-L6-v2,384,15,91,0.7471833333333333,0.7885444444444445,0.8130361111111111,0.8180722222222222,2
all-MiniLM-L6-v2,384,15,92,0.7906874999999999,0.7993819444444443,0.7816430555555555,0.8137708333333333,1
all-MiniLM-L6-v2,384,15,93,0.7013875,0.7813236111111111,0.7969569444444444,0.8345986111111111,1
all-MiniLM-L6-v2,384,15,94,0.7914152777777778,0.7910958333333333,0.781501388888889,0.8098569444444444,1
all-MiniLM-L6-v2,384,15,95,0.7694166666666666,0.7998249999999999,0.7977388888888889,0.8365861111111111,10
all-MiniLM-L6-v2,384,15,96,0.7772041666666667,0.8072708333333334,0.835084722222222,0.8582319444444444,2
all-MiniLM-L6-v2,384,15,97,0.7579750000000001,0.7827527777777777,0.783525,0.8119805555555556,3
all-MiniLM-L6-v2,384,15,98,0.7476208333333334,0.7870597222222223,0.8070625,0.8491013888888888,10
all-MiniLM-L6-v2,384,15,99,0.7659527777777777,0.8034666666666668,0.7908583333333334,0.8284472222222222,1
all-MiniLM-L6-v2,384,20,0,0.7720819444444444,0.7773652777777778,0.807623611111111,0.8439180555555557,20
all-MiniLM-L6-v2,384,20,1,0.7589986111111111,0.7982125,0.7803347222222221,0.8312569444444444,20
all-MiniLM-L6-v2,384,20,2,0.7508388888888888,0.7715916666666667,0.8042527777777777,0.8416972222222222,2
all-MiniLM-L6-v2,384,20,3,0.7539055555555556,0.7717583333333333,0.7704027777777778,0.8348944444444444,20
all-MiniLM-L6-v2,384,20,4,0.7892472222222222,0.8153944444444444,0.7922833333333335,0.8458027777777778,10
all-MiniLM-L6-v2,384,20,5,0.7536583333333333,0.7952777777777778,0.810138888888889,0.8420166666666666,1
all-MiniLM-L6-v2,384,20,6,0.7532527777777779,0.7901,0.7827833333333334,0.8107916666666668,1
all-MiniLM-L6-v2,384,20,7,0.7543291666666666,0.7879513888888889,0.8203125,0.8358402777777778,10
all-MiniLM-L6-v2,384,20,8,0.7845569444444445,0.8007819444444444,0.8033541666666666,0.8289930555555557,20
all-MiniLM-L6-v2,384,20,9,0.7422861111111112,0.7734527777777779,0.7487277777777779,0.8134055555555556,1
all-MiniLM-L6-v2,384,20,10,0.7848861111111112,0.8196666666666668,0.8405055555555556,0.8381083333333333,2
all-MiniLM-L6-v2,384,20,11,0.7585833333333333,0.8005555555555556,0.8096055555555556,0.8488388888888889,20
all-MiniLM-L6-v2,384,20,12,0.7804388888888889,0.7950833333333334,0.7917555555555555,0.8321555555555556,1
all-MiniLM-L6-v2,384,20,13,0.7634597222222222,0.7930916666666668,0.8159222222222221,0.8427722222222221,5
all-MiniLM-L6-v2,384,20,14,0.7608097222222222,0.7756097222222222,0.7877569444444446,0.8248319444444444,20
all-MiniLM-L6-v2,384,20,15,0.7492319444444445,0.7834652777777779,0.8087236111111111,0.8401763888888889,1
all-MiniLM-L6-v2,384,20,16,0.7735972222222223,0.7935388888888889,0.8242138888888888,0.8496888888888888,1
all-MiniLM-L6-v2,384,20,17,0.7172000000000001,0.7905083333333335,0.7787777777777777,0.7908444444444445,1
all-MiniLM-L6-v2,384,20,18,0.7764805555555556,0.779525,0.8072444444444444,0.8344,5
all-MiniLM-L6-v2,384,20,19,0.7210749999999999,0.7642861111111111,0.7720583333333333,0.8030361111111111,10
all-MiniLM-L6-v2,384,20,20,0.7607736111111111,0.7880847222222221,0.7774430555555556,0.803701388888889,10
all-MiniLM-L6-v2,384,20,21,0.7693361111111111,0.8085222222222223,0.8129222222222222,0.8427416666666667,2
all-MiniLM-L6-v2,384,20,22,0.7549166666666667,0.7920833333333333,0.800275,0.8477555555555556,2
all-MiniLM-L6-v2,384,20,23,0.7411944444444445,0.7559472222222221,0.7420944444444444,0.8102499999999999,20
all-MiniLM-L6-v2,384,20,24,0.7665958333333334,0.7837125,0.7785597222222221,0.8023347222222221,20
all-MiniLM-L6-v2,384,20,25,0.755663888888889,0.7731916666666667,0.7610750000000001,0.793825,5
all-MiniLM-L6-v2,384,20,26,0.7431,0.8024555555555555,0.8065944444444445,0.8236083333333333,2
all-MiniLM-L6-v2,384,20,27,0.7401069444444444,0.7604652777777778,0.7744430555555555,0.7959458333333334,1
all-MiniLM-L6-v2,384,20,28,0.7794541666666667,0.8044402777777777,0.7945125,0.8414847222222223,20
all-MiniLM-L6-v2,384,20,29,0.7773541666666666,0.7935680555555555,0.7788180555555555,0.8168402777777778,20
all-MiniLM-L6-v2,384,20,30,0.760948611111111,0.7947402777777778,0.7860930555555554,0.8383402777777778,3
all-MiniLM-L6-v2,384,20,31,0.7702791666666667,0.8021763888888889,0.8149291666666667,0.847823611111111,3
all-MiniLM-L6-v2,384,20,32,0.7971680555555556,0.8153680555555556,0.824526388888889,0.8521930555555555,20
all-MiniLM-L6-v2,384,20,33,0.7640819444444443,0.7783625,0.7949513888888888,0.8340347222222223,10
all-MiniLM-L6-v2,384,20,34,0.7622347222222222,0.7774402777777777,0.8023513888888889,0.8288763888888888,2
all-MiniLM-L6-v2,384,20,35,0.7889819444444445,0.8100347222222222,0.832801388888889,0.8626625,2
all-MiniLM-L6-v2,384,20,36,0.7814902777777778,0.7799791666666667,0.8092958333333333,0.8388180555555556,2
all-MiniLM-L6-v2,384,20,37,0.7542027777777778,0.7960805555555555,0.8132555555555556,0.822525,2
all-MiniLM-L6-v2,384,20,38,0.7486222222222222,0.7852138888888889,0.7747972222222221,0.8226361111111111,20
all-MiniLM-L6-v2,384,20,39,0.793036111111111,0.7986083333333333,0.802825,0.8321111111111111,2
all-MiniLM-L6-v2,384,20,40,0.7666652777777777,0.7903458333333333,0.8418291666666667,0.8445402777777778,1
all-MiniLM-L6-v2,384,20,41,0.7766180555555554,0.7792819444444445,0.8067847222222222,0.8396097222222222,3
all-MiniLM-L6-v2,384,20,42,0.7524861111111111,0.7664194444444444,0.7416305555555556,0.7930138888888889,2
all-MiniLM-L6-v2,384,20,43,0.7692319444444445,0.7866513888888887,0.7419708333333332,0.8205791666666666,10
all-MiniLM-L6-v2,384,20,44,0.7585847222222222,0.7963125,0.8222347222222223,0.8564541666666666,20
all-MiniLM-L6-v2,384,20,45,0.7566180555555556,0.7953902777777779,0.7781402777777777,0.8371124999999999,10
all-MiniLM-L6-v2,384,20,46,0.7735916666666667,0.7856416666666668,0.8032583333333334,0.8353361111111111,20
all-MiniLM-L6-v2,384,20,47,0.7874402777777778,0.8165152777777778,0.8107819444444446,0.8291597222222221,5
all-MiniLM-L6-v2,384,20,48,0.7509888888888889,0.757275,0.7652444444444444,0.8050555555555555,3
all-MiniLM-L6-v2,384,20,49,0.7226666666666667,0.7629944444444444,0.7635888888888891,0.8055333333333332,2
all-MiniLM-L6-v2,384,20,50,0.7487972222222222,0.7492583333333334,0.7146611111111111,0.7639027777777777,2
all-MiniLM-L6-v2,384,20,51,0.7850847222222221,0.8060763888888889,0.8031986111111111,0.8436041666666667,1
all-MiniLM-L6-v2,384,20,52,0.7503333333333333,0.7621861111111111,0.7646111111111111,0.8144305555555555,5
all-MiniLM-L6-v2,384,20,53,0.7487027777777777,0.7878000000000001,0.7918722222222221,0.8181361111111112,20
all-MiniLM-L6-v2,384,20,54,0.7528222222222223,0.783675,0.8045083333333334,0.8170916666666667,1
all-MiniLM-L6-v2,384,20,55,0.7630930555555556,0.7896680555555556,0.7995541666666666,0.8396374999999999,2
all-MiniLM-L6-v2,384,20,56,0.7634708333333333,0.7844319444444444,0.8310847222222222,0.8491958333333334,20
all-MiniLM-L6-v2,384,20,57,0.7517666666666666,0.7831777777777778,0.820675,0.843138888888889,20
all-MiniLM-L6-v2,384,20,58,0.7758625,0.7922263888888889,0.7935930555555555,0.8343402777777776,20
all-MiniLM-L6-v2,384,20,59,0.7510722222222223,0.7932805555555555,0.8448416666666667,0.8587916666666666,2
all-MiniLM-L6-v2,384,20,60,0.7441652777777777,0.7573569444444445,0.7825458333333333,0.8120319444444446,20
all-MiniLM-L6-v2,384,20,61,0.7383902777777778,0.8127680555555556,0.8456958333333333,0.8473874999999998,5
all-MiniLM-L6-v2,384,20,62,0.7766722222222222,0.7801083333333334,0.7777305555555556,0.8449694444444446,20
all-MiniLM-L6-v2,384,20,63,0.7336430555555554,0.7845569444444445,0.7737125,0.816051388888889,10
all-MiniLM-L6-v2,384,20,64,0.7707569444444444,0.809851388888889,0.8497180555555556,0.8588402777777777,20
all-MiniLM-L6-v2,384,20,65,0.7366944444444444,0.7701305555555555,0.7759027777777777,0.8120499999999999,20
all-MiniLM-L6-v2,384,20,66,0.7759277777777775,0.8023777777777777,0.8187555555555556,0.8498777777777777,20
all-MiniLM-L6-v2,384,20,67,0.7412791666666666,0.7993958333333333,0.7928208333333333,0.8219236111111111,10
all-MiniLM-L6-v2,384,20,68,0.7270805555555555,0.7970611111111111,0.8190972222222223,0.8271472222222223,10
all-MiniLM-L6-v2,384,20,69,0.7432402777777778,0.8106930555555556,0.8048291666666666,0.8552069444444445,3
all-MiniLM-L6-v2,384,20,70,0.7835486111111112,0.814515277777778,0.8097736111111111,0.8402319444444444,2
all-MiniLM-L6-v2,384,20,71,0.7434194444444444,0.7879444444444444,0.8275083333333334,0.8329222222222221,2
all-MiniLM-L6-v2,384,20,72,0.7694333333333334,0.7959472222222221,0.7732583333333333,0.8191694444444445,10
all-MiniLM-L6-v2,384,20,73,0.7485736111111112,0.7946097222222223,0.7765013888888889,0.8338652777777777,3
all-MiniLM-L6-v2,384,20,74,0.7658222222222223,0.7943888888888888,0.8056444444444445,0.8122027777777778,3
all-MiniLM-L6-v2,384,20,75,0.7696013888888888,0.7688430555555557,0.7429736111111112,0.8217486111111111,3
all-MiniLM-L6-v2,384,20,76,0.7195069444444444,0.7889902777777779,0.8019791666666667,0.8100319444444444,5
all-MiniLM-L6-v2,384,20,77,0.7628916666666667,0.7925888888888889,0.8003611111111111,0.8461861111111111,2
all-MiniLM-L6-v2,384,20,78,0.7810402777777777,0.8142625000000001,0.8368902777777778,0.8576402777777778,10
all-MiniLM-L6-v2,384,20,79,0.786801388888889,0.8131791666666667,0.7835958333333333,0.8233624999999999,5
all-MiniLM-L6-v2,384,20,80,0.7643347222222222,0.8103013888888889,0.7918847222222223,0.8035125000000001,1
all-MiniLM-L6-v2,384,20,81,0.7455222222222223,0.781563888888889,0.7911194444444444,0.8347333333333333,5
all-MiniLM-L6-v2,384,20,82,0.7820472222222222,0.8035472222222223,0.8218972222222223,0.8456416666666666,2
all-MiniLM-L6-v2,384,20,83,0.7744013888888889,0.7959319444444445,0.7754347222222222,0.8298680555555555,3
all-MiniLM-L6-v2,384,20,84,0.7860333333333334,0.8036777777777778,0.8071027777777777,0.8566777777777778,3
all-MiniLM-L6-v2,384,20,85,0.7510888888888888,0.77565,0.7739055555555556,0.8335027777777777,5
all-MiniLM-L6-v2,384,20,86,0.7660111111111112,0.8061277777777778,0.8440777777777779,0.8595138888888889,1
all-MiniLM-L6-v2,384,20,87,0.7586777777777778,0.7735166666666667,0.7634277777777778,0.8002527777777777,1
all-MiniLM-L6-v2,384,20,88,0.775373611111111,0.8127319444444445,0.8188319444444445,0.8448097222222223,10
all-MiniLM-L6-v2,384,20,89,0.7676611111111111,0.7851555555555556,0.7835861111111111,0.827388888888889,5
all-MiniLM-L6-v2,384,20,90,0.7392277777777778,0.786925,0.8136777777777777,0.830275,20
all-MiniLM-L6-v2,384,20,91,0.7437638888888888,0.7818111111111112,0.8093250000000001,0.835461111111111,3
all-MiniLM-L6-v2,384,20,92,0.7932708333333334,0.8129458333333334,0.8172569444444445,0.8407875,3
all-MiniLM-L6-v2,384,20,93,0.7172875000000001,0.7791875,0.7618652777777777,0.8191125,1
all-MiniLM-L6-v2,384,20,94,0.7842430555555556,0.7986097222222223,0.7859041666666666,0.8319902777777778,1
all-MiniLM-L6-v2,384,20,95,0.7710055555555556,0.8167944444444445,0.8174694444444445,0.8445916666666666,20
all-MiniLM-L6-v2,384,20,96,0.7793680555555557,0.8022041666666666,0.7827680555555555,0.8520874999999999,3
all-MiniLM-L6-v2,384,20,97,0.7427416666666667,0.7824055555555556,0.7902888888888888,0.818938888888889,3
all-MiniLM-L6-v2,384,20,98,0.7598375,0.7931958333333333,0.8271680555555556,0.8651541666666667,10
all-MiniLM-L6-v2,384,20,99,0.7453833333333334,0.7914222222222222,0.8028388888888889,0.8093583333333334,1
all-MiniLM-L6-v2,384,30,0,0.779526388888889,0.8072763888888889,0.8171597222222222,0.8564291666666666,30
all-MiniLM-L6-v2,384,30,1,0.7638624999999999,0.7975597222222223,0.7877625,0.8354097222222222,30
all-MiniLM-L6-v2,384,30,2,0.7390611111111111,0.7849083333333334,0.8086611111111112,0.8559555555555556,5
all-MiniLM-L6-v2,384,30,3,0.7638138888888888,0.7826555555555554,0.7793194444444445,0.8538666666666668,20
all-MiniLM-L6-v2,384,30,4,0.77875,0.7977694444444445,0.7914694444444443,0.8464750000000001,5
all-MiniLM-L6-v2,384,30,5,0.7659777777777778,0.8058888888888889,0.8211333333333333,0.8625027777777777,2
all-MiniLM-L6-v2,384,30,6,0.7583722222222222,0.7838722222222222,0.8027111111111112,0.8322083333333333,1
all-MiniLM-L6-v2,384,30,7,0.7508680555555556,0.7912013888888889,0.8004597222222222,0.8326430555555556,30
all-MiniLM-L6-v2,384,30,8,0.7812708333333335,0.8042236111111112,0.8229208333333333,0.8472180555555555,30
all-MiniLM-L6-v2,384,30,9,0.7717722222222222,0.7863416666666667,0.7903972222222222,0.8425499999999999,20
all-MiniLM-L6-v2,384,30,10,0.7876222222222222,0.7972694444444445,0.8009444444444443,0.8453472222222222,2
all-MiniLM-L6-v2,384,30,11,0.7698972222222222,0.8075416666666667,0.8268027777777778,0.8620999999999999,30
all-MiniLM-L6-v2,384,30,12,0.7780222222222222,0.7957277777777778,0.7895277777777777,0.8371111111111111,1
all-MiniLM-L6-v2,384,30,13,0.7392222222222222,0.784475,0.8108027777777779,0.837186111111111,10
all-MiniLM-L6-v2,384,30,14,0.7627791666666667,0.7851597222222222,0.7956097222222221,0.8490625,20
all-MiniLM-L6-v2,384,30,15,0.7479402777777777,0.7982708333333334,0.823848611111111,0.8502430555555556,10
all-MiniLM-L6-v2,384,30,16,0.7961416666666666,0.7946722222222222,0.8267277777777777,0.8660916666666667,1
all-MiniLM-L6-v2,384,30,17,0.7186138888888889,0.7704666666666666,0.7707250000000001,0.823913888888889,10
all-MiniLM-L6-v2,384,30,18,0.7784944444444445,0.7879972222222221,0.8207861111111111,0.8589083333333333,2
all-MiniLM-L6-v2,384,30,19,0.7268555555555556,0.7714055555555555,0.7939944444444444,0.8143777777777778,5
all-MiniLM-L6-v2,384,30,20,0.7618152777777778,0.8103069444444444,0.7970013888888889,0.8342624999999999,20
all-MiniLM-L6-v2,384,30,21,0.7822777777777778,0.8108472222222223,0.8350111111111109,0.8522194444444444,2
all-MiniLM-L6-v2,384,30,22,0.7632861111111111,0.7773722222222222,0.8048666666666666,0.8617444444444445,30
all-MiniLM-L6-v2,384,30,23,0.7459805555555556,0.7653666666666668,0.7670722222222223,0.83475,10
all-MiniLM-L6-v2,384,30,24,0.7644180555555556,0.8059069444444444,0.8043263888888889,0.8231708333333334,30
all-MiniLM-L6-v2,384,30,25,0.757513888888889,0.7998055555555554,0.7797944444444445,0.8363416666666666,5
all-MiniLM-L6-v2,384,30,26,0.7465222222222222,0.7894361111111111,0.8116277777777776,0.8395166666666668,1
all-MiniLM-L6-v2,384,30,27,0.747351388888889,0.7594847222222223,0.7846847222222222,0.8256430555555556,1
all-MiniLM-L6-v2,384,30,28,0.7652958333333334,0.8029458333333334,0.8031986111111111,0.8425930555555555,30
all-MiniLM-L6-v2,384,30,29,0.7687319444444444,0.7911569444444444,0.7839430555555555,0.8307625,30
all-MiniLM-L6-v2,384,30,30,0.7737708333333333,0.7930875,0.7852652777777778,0.8434819444444445,30
all-MiniLM-L6-v2,384,30,31,0.7723458333333333,0.7752125,0.8136680555555555,0.8477486111111111,5
all-MiniLM-L6-v2,384,30,32,0.7950236111111112,0.8085680555555557,0.8095069444444445,0.8523847222222222,30
all-MiniLM-L6-v2,384,30,33,0.7573041666666668,0.7934958333333333,0.8115847222222222,0.8424680555555556,30
all-MiniLM-L6-v2,384,30,34,0.7545041666666668,0.7814819444444445,0.7866208333333333,0.8308763888888889,20
all-MiniLM-L6-v2,384,30,35,0.7844513888888889,0.8278041666666667,0.8523902777777778,0.8696513888888889,30
all-MiniLM-L6-v2,384,30,36,0.7885736111111112,0.7950041666666667,0.822226388888889,0.8505347222222223,20
all-MiniLM-L6-v2,384,30,37,0.7582666666666668,0.7753138888888889,0.7675472222222222,0.8259583333333332,3
all-MiniLM-L6-v2,384,30,38,0.7297250000000001,0.7577416666666666,0.7387777777777778,0.8045055555555556,10
all-MiniLM-L6-v2,384,30,39,0.7879111111111111,0.8115611111111111,0.806211111111111,0.8436944444444445,30
all-MiniLM-L6-v2,384,30,40,0.7794319444444444,0.7951069444444445,0.8374375,0.8614125,30
all-MiniLM-L6-v2,384,30,41,0.7791847222222221,0.7830819444444446,0.8044958333333333,0.8387041666666666,1
all-MiniLM-L6-v2,384,30,42,0.7532,0.7568805555555556,0.7671416666666666,0.8275194444444445,30
all-MiniLM-L6-v2,384,30,43,0.7707180555555556,0.8087541666666667,0.7845875,0.8354569444444444,10
all-MiniLM-L6-v2,384,30,44,0.7622847222222222,0.8037624999999999,0.8249180555555555,0.8766458333333332,30
all-MiniLM-L6-v2,384,30,45,0.7756625,0.7959569444444444,0.7773347222222222,0.8507513888888888,20
all-MiniLM-L6-v2,384,30,46,0.7656472222222223,0.7974694444444445,0.7948000000000001,0.8583138888888888,30
all-MiniLM-L6-v2,384,30,47,0.7804569444444445,0.8145958333333333,0.8131208333333333,0.8393736111111111,3
all-MiniLM-L6-v2,384,30,48,0.7478277777777776,0.7865527777777778,0.7934055555555556,0.821061111111111,20
all-MiniLM-L6-v2,384,30,49,0.7131861111111112,0.7553555555555554,0.7597999999999999,0.810288888888889,30
all-MiniLM-L6-v2,384,30,50,0.7554305555555556,0.755363888888889,0.7316194444444444,0.8151222222222222,10
all-MiniLM-L6-v2,384,30,51,0.758198611111111,0.7843708333333332,0.8046708333333333,0.8314347222222223,30
all-MiniLM-L6-v2,384,30,52,0.7555527777777777,0.7871861111111111,0.7496194444444445,0.8281777777777777,30
all-MiniLM-L6-v2,384,30,53,0.7373388888888889,0.7912333333333333,0.7917555555555555,0.8198083333333333,30
all-MiniLM-L6-v2,384,30,54,0.7640972222222222,0.8034250000000001,0.7941472222222222,0.8233611111111111,30
all-MiniLM-L6-v2,384,30,55,0.7730097222222222,0.804248611111111,0.7773597222222223,0.8487125000000001,2
all-MiniLM-L6-v2,384,30,56,0.755198611111111,0.7932152777777778,0.8203069444444444,0.8544236111111112,30
all-MiniLM-L6-v2,384,30,57,0.758036111111111,0.7943555555555556,0.8238944444444445,0.8386305555555555,30
all-MiniLM-L6-v2,384,30,58,0.7770930555555555,0.8010319444444444,0.7737791666666667,0.8366763888888888,30
all-MiniLM-L6-v2,384,30,59,0.7656222222222223,0.8062083333333333,0.8179638888888889,0.863925,1
all-MiniLM-L6-v2,384,30,60,0.7720652777777778,0.7788402777777776,0.7725763888888889,0.8526874999999999,20
all-MiniLM-L6-v2,384,30,61,0.7431875,0.8032875,0.8198958333333334,0.842776388888889,30
all-MiniLM-L6-v2,384,30,62,0.767625,0.7711777777777777,0.7657166666666667,0.8478138888888889,20
all-MiniLM-L6-v2,384,30,63,0.7448236111111112,0.7926763888888888,0.7860319444444445,0.8343652777777778,10
all-MiniLM-L6-v2,384,30,64,0.7750222222222223,0.8166625000000001,0.8027486111111112,0.8510458333333334,30
all-MiniLM-L6-v2,384,30,65,0.7507583333333333,0.7989444444444445,0.7953833333333333,0.825338888888889,20
all-MiniLM-L6-v2,384,30,66,0.7784069444444445,0.8042555555555555,0.8022750000000001,0.8451666666666667,30
all-MiniLM-L6-v2,384,30,67,0.7525291666666667,0.7890013888888888,0.7627875,0.833773611111111,3
all-MiniLM-L6-v2,384,30,68,0.7408555555555556,0.7880805555555556,0.8069666666666666,0.8233083333333333,1
all-MiniLM-L6-v2,384,30,69,0.7348097222222222,0.8117930555555555,0.7874152777777778,0.8607569444444445,20
all-MiniLM-L6-v2,384,30,70,0.7808763888888889,0.8033486111111111,0.7892652777777778,0.8549819444444445,3
all-MiniLM-L6-v2,384,30,71,0.7507916666666666,0.7929666666666667,0.829413888888889,0.8338472222222222,5
all-MiniLM-L6-v2,384,30,72,0.7655555555555555,0.7812250000000001,0.7879472222222221,0.8391055555555555,3
all-MiniLM-L6-v2,384,30,73,0.7466291666666667,0.7967680555555556,0.7933513888888889,0.8518958333333334,3
all-MiniLM-L6-v2,384,30,74,0.7647638888888889,0.8136555555555556,0.8114666666666668,0.8387166666666667,10
all-MiniLM-L6-v2,384,30,75,0.7759680555555556,0.8023208333333333,0.7763958333333333,0.8538791666666667,20
all-MiniLM-L6-v2,384,30,76,0.7411458333333334,0.8066513888888889,0.8244347222222222,0.8360430555555556,30
all-MiniLM-L6-v2,384,30,77,0.7771888888888888,0.8137527777777778,0.7970194444444445,0.8623027777777778,20
all-MiniLM-L6-v2,384,30,78,0.7828402777777778,0.8180263888888889,0.8145513888888889,0.8616958333333333,20
all-MiniLM-L6-v2,384,30,79,0.7849375000000001,0.8106263888888888,0.7819847222222223,0.8355986111111111,5
all-MiniLM-L6-v2,384,30,80,0.759901388888889,0.7960541666666667,0.780001388888889,0.8311624999999998,5
all-MiniLM-L6-v2,384,30,81,0.7279833333333334,0.7761888888888889,0.7349249999999999,0.8353166666666666,20
all-MiniLM-L6-v2,384,30,82,0.7836666666666667,0.7975611111111112,0.8076111111111111,0.8487222222222222,2
all-MiniLM-L6-v2,384,30,83,0.7713402777777778,0.7937375,0.8015152777777779,0.8337208333333332,20
all-MiniLM-L6-v2,384,30,84,0.780536111111111,0.7824777777777778,0.819275,0.8573666666666666,5
all-MiniLM-L6-v2,384,30,85,0.7636972222222222,0.7651777777777778,0.7944611111111111,0.8561749999999999,2
all-MiniLM-L6-v2,384,30,86,0.7441388888888889,0.8017722222222222,0.8325333333333333,0.8622722222222222,5
all-MiniLM-L6-v2,384,30,87,0.7656194444444444,0.7757833333333334,0.770425,0.8298222222222223,5
all-MiniLM-L6-v2,384,30,88,0.7775041666666667,0.8011208333333334,0.8136125000000001,0.841851388888889,20
all-MiniLM-L6-v2,384,30,89,0.7666277777777778,0.8014666666666668,0.7888611111111111,0.8394972222222221,3
all-MiniLM-L6-v2,384,30,90,0.7368222222222222,0.7730833333333333,0.7958888888888889,0.8245361111111111,30
all-MiniLM-L6-v2,384,30,91,0.7580861111111111,0.7827361111111112,0.8149916666666667,0.8337249999999999,5
all-MiniLM-L6-v2,384,30,92,0.7896847222222222,0.7809263888888889,0.7872486111111112,0.8470486111111111,3
all-MiniLM-L6-v2,384,30,93,0.7493319444444444,0.7980875000000001,0.7874402777777778,0.8449597222222222,10
all-MiniLM-L6-v2,384,30,94,0.7879847222222222,0.8008069444444446,0.7575041666666666,0.8265791666666668,30
all-MiniLM-L6-v2,384,30,95,0.7827111111111111,0.8228833333333334,0.8235194444444445,0.8613111111111111,30
all-MiniLM-L6-v2,384,30,96,0.7693541666666667,0.8051625,0.7812180555555556,0.8551041666666667,3
all-MiniLM-L6-v2,384,30,97,0.7442555555555554,0.7895833333333333,0.8002222222222222,0.8309138888888888,20
all-MiniLM-L6-v2,384,30,98,0.7511597222222223,0.8100736111111111,0.8139652777777777,0.8653958333333334,30
all-MiniLM-L6-v2,384,30,99,0.7572,0.8084666666666667,0.8050638888888888,0.8429666666666666,1
all-MiniLM-L6-v2,384,50,0,0.7848236111111111,0.8012541666666666,0.7946930555555557,0.8643013888888889,20
all-MiniLM-L6-v2,384,50,1,0.7745430555555556,0.8222069444444444,0.8321347222222223,0.8526541666666667,40
all-MiniLM-L6-v2,384,50,2,0.75355,0.8031277777777779,0.8285472222222222,0.8631111111111109,10
all-MiniLM-L6-v2,384,50,3,0.77275,0.8046777777777778,0.8072861111111111,0.8584027777777777,40
all-MiniLM-L6-v2,384,50,4,0.7710583333333334,0.7874444444444445,0.8189472222222223,0.8563972222222223,3
all-MiniLM-L6-v2,384,50,5,0.7805694444444444,0.8056916666666667,0.8099055555555557,0.8648,2
all-MiniLM-L6-v2,384,50,6,0.7536083333333334,0.7919749999999999,0.7894694444444444,0.8439805555555556,40
all-MiniLM-L6-v2,384,50,7,0.7556958333333333,0.8029319444444445,0.7814847222222222,0.8419680555555555,40
all-MiniLM-L6-v2,384,50,8,0.7657569444444445,0.7912847222222221,0.7865125,0.8368319444444444,30
all-MiniLM-L6-v2,384,50,9,0.7771861111111111,0.7942694444444445,0.7689972222222222,0.8443277777777779,40
all-MiniLM-L6-v2,384,50,10,0.7837888888888889,0.7976944444444445,0.7615333333333334,0.8606111111111112,20
all-MiniLM-L6-v2,384,50,11,0.7616027777777779,0.802875,0.8088944444444445,0.8595777777777778,20
all-MiniLM-L6-v2,384,50,12,0.7753805555555556,0.8105777777777777,0.7881083333333334,0.8407972222222222,40
all-MiniLM-L6-v2,384,50,13,0.7479861111111111,0.7832361111111112,0.801075,0.8501999999999998,20
all-MiniLM-L6-v2,384,50,14,0.7747291666666667,0.8066236111111111,0.7942375000000002,0.8591763888888888,30
all-MiniLM-L6-v2,384,50,15,0.753026388888889,0.7901597222222222,0.8294875,0.8543097222222222,5
all-MiniLM-L6-v2,384,50,16,0.7856500000000001,0.8090527777777777,0.8166027777777778,0.8657861111111111,5
all-MiniLM-L6-v2,384,50,17,0.7248805555555555,0.787625,0.7754805555555555,0.8406972222222221,10
all-MiniLM-L6-v2,384,50,18,0.7729694444444445,0.8107333333333333,0.8055194444444443,0.8572055555555553,20
all-MiniLM-L6-v2,384,50,19,0.7652555555555556,0.783175,0.7822083333333334,0.8452222222222222,30
all-MiniLM-L6-v2,384,50,20,0.7651319444444445,0.8087986111111111,0.8006152777777777,0.8455319444444443,20
all-MiniLM-L6-v2,384,50,21,0.7833527777777778,0.8173305555555554,0.8143694444444444,0.8505611111111111,30
all-MiniLM-L6-v2,384,50,22,0.7768277777777777,0.81065,0.8145694444444445,0.8677694444444444,40
all-MiniLM-L6-v2,384,50,23,0.7477277777777778,0.7778055555555555,0.7845694444444445,0.835225,20
all-MiniLM-L6-v2,384,50,24,0.7680986111111111,0.8202208333333333,0.8314513888888889,0.8481791666666667,40
all-MiniLM-L6-v2,384,50,25,0.7650916666666666,0.7971305555555556,0.7688666666666667,0.8557722222222222,10
all-MiniLM-L6-v2,384,50,26,0.762175,0.795938888888889,0.7792555555555556,0.8562305555555556,30
all-MiniLM-L6-v2,384,50,27,0.7649069444444444,0.7555625,0.7564124999999999,0.8324180555555556,1
all-MiniLM-L6-v2,384,50,28,0.7686458333333333,0.8157819444444443,0.8046875,0.8530930555555556,40
all-MiniLM-L6-v2,384,50,29,0.771648611111111,0.8092041666666667,0.7898319444444445,0.8398013888888889,40
all-MiniLM-L6-v2,384,50,30,0.7711402777777777,0.7892291666666665,0.7933375,0.8469069444444445,3
all-MiniLM-L6-v2,384,50,31,0.7716597222222222,0.7802569444444445,0.7807097222222222,0.8552875,40
all-MiniLM-L6-v2,384,50,32,0.7926652777777778,0.7983930555555556,0.7820708333333333,0.8557597222222223,40
all-MiniLM-L6-v2,384,50,33,0.7736430555555556,0.8126847222222222,0.7719069444444445,0.845198611111111,40
all-MiniLM-L6-v2,384,50,34,0.745926388888889,0.7882847222222221,0.7800708333333334,0.8392986111111111,40
all-MiniLM-L6-v2,384,50,35,0.7773958333333333,0.8272874999999997,0.8293986111111111,0.8731319444444444,30
all-MiniLM-L6-v2,384,50,36,0.7944875,0.7961763888888889,0.8092652777777778,0.8556847222222222,40
all-MiniLM-L6-v2,384,50,37,0.7705138888888889,0.8033277777777778,0.8020722222222223,0.8487333333333333,10
all-MiniLM-L6-v2,384,50,38,0.7306833333333334,0.7572888888888889,0.7033333333333334,0.8270972222222222,10
all-MiniLM-L6-v2,384,50,39,0.7961805555555557,0.7955916666666667,0.8150611111111111,0.8602555555555554,30
all-MiniLM-L6-v2,384,50,40,0.7820819444444443,0.8029208333333334,0.8351347222222223,0.8656791666666667,10
all-MiniLM-L6-v2,384,50,41,0.7720319444444445,0.7700652777777778,0.7906375,0.8420541666666667,1
all-MiniLM-L6-v2,384,50,42,0.7671388888888889,0.7945249999999999,0.7977972222222222,0.852125,40
all-MiniLM-L6-v2,384,50,43,0.7731152777777778,0.8187152777777779,0.7881847222222222,0.8481958333333335,30
all-MiniLM-L6-v2,384,50,44,0.7674930555555556,0.8049847222222222,0.8106458333333334,0.8690458333333333,40
all-MiniLM-L6-v2,384,50,45,0.7729263888888889,0.8002458333333333,0.7690041666666667,0.8491291666666669,30
all-MiniLM-L6-v2,384,50,46,0.7722472222222223,0.8057666666666666,0.7944611111111111,0.8607444444444444,40
all-MiniLM-L6-v2,384,50,47,0.7850569444444444,0.8263097222222222,0.8275458333333334,0.8489041666666667,40
all-MiniLM-L6-v2,384,50,48,0.7503333333333333,0.7976527777777778,0.8012833333333335,0.8477305555555554,30
all-MiniLM-L6-v2,384,50,49,0.7415416666666668,0.7766305555555555,0.7812555555555556,0.8441305555555555,40
all-MiniLM-L6-v2,384,50,50,0.7597194444444444,0.7680444444444444,0.7273944444444445,0.8415777777777778,40
all-MiniLM-L6-v2,384,50,51,0.7635791666666667,0.8005791666666666,0.7945680555555555,0.8554680555555556,30
all-MiniLM-L6-v2,384,50,52,0.7668527777777778,0.7914722222222222,0.7354750000000001,0.8554361111111112,40
all-MiniLM-L6-v2,384,50,53,0.7524916666666667,0.7870527777777778,0.7839972222222222,0.8337583333333333,20
all-MiniLM-L6-v2,384,50,54,0.7643111111111112,0.8172305555555556,0.7835222222222222,0.8341166666666666,40
all-MiniLM-L6-v2,384,50,55,0.7768180555555555,0.7985430555555556,0.7899597222222222,0.8615375000000001,30
all-MiniLM-L6-v2,384,50,56,0.754501388888889,0.8096847222222222,0.8171791666666668,0.8564125,40
all-MiniLM-L6-v2,384,50,57,0.7615222222222223,0.8105555555555556,0.8087805555555555,0.8550666666666666,40
all-MiniLM-L6-v2,384,50,58,0.7736375000000001,0.7926402777777778,0.7965986111111112,0.8429930555555555,40
all-MiniLM-L6-v2,384,50,59,0.7728638888888889,0.8242361111111112,0.806688888888889,0.8612444444444445,40
all-MiniLM-L6-v2,384,50,60,0.7753291666666666,0.7966402777777778,0.7912597222222222,0.8619180555555557,40
all-MiniLM-L6-v2,384,50,61,0.7579652777777777,0.8088013888888889,0.7725236111111111,0.8321041666666665,40
all-MiniLM-L6-v2,384,50,62,0.7709111111111111,0.7901583333333334,0.7626166666666666,0.8531638888888888,40
all-MiniLM-L6-v2,384,50,63,0.7451902777777777,0.7898263888888889,0.7526402777777779,0.8360875000000001,20
all-MiniLM-L6-v2,384,50,64,0.7676458333333334,0.8299736111111111,0.8039708333333333,0.8567125,40
all-MiniLM-L6-v2,384,50,65,0.7587805555555556,0.8017083333333335,0.7796222222222222,0.8386972222222224,30
all-MiniLM-L6-v2,384,50,66,0.777175,0.8057722222222222,0.8099027777777776,0.8570333333333333,40
all-MiniLM-L6-v2,384,50,67,0.7718847222222223,0.8067625,0.7816291666666667,0.8536125000000001,40
all-MiniLM-L6-v2,384,50,68,0.7469208333333335,0.8091333333333334,0.7947666666666666,0.8448916666666667,30
all-MiniLM-L6-v2,384,50,69,0.7618708333333334,0.8264458333333333,0.7992291666666667,0.8645875,40
all-MiniLM-L6-v2,384,50,70,0.7769152777777778,0.7979097222222223,0.7853013888888889,0.8629652777777779,40
all-MiniLM-L6-v2,384,50,71,0.7455472222222221,0.7862416666666667,0.7753861111111111,0.8317611111111112,10
all-MiniLM-L6-v2,384,50,72,0.7653277777777776,0.7878638888888889,0.8081833333333334,0.8472472222222223,5
all-MiniLM-L6-v2,384,50,73,0.7433736111111111,0.7848013888888888,0.793723611111111,0.8607680555555556,40
all-MiniLM-L6-v2,384,50,74,0.7728861111111112,0.8282694444444445,0.8179777777777778,0.8650499999999999,40
all-MiniLM-L6-v2,384,50,75,0.7724847222222222,0.8129736111111111,0.8068625,0.8598208333333333,20
all-MiniLM-L6-v2,384,50,76,0.7706291666666666,0.8245513888888889,0.8285208333333334,0.8643875000000001,40
all-MiniLM-L6-v2,384,50,77,0.7710777777777778,0.8058500000000001,0.7850416666666666,0.8614555555555555,40
all-MiniLM-L6-v2,384,50,78,0.7739902777777778,0.8115875,0.819901388888889,0.8618013888888889,20
all-MiniLM-L6-v2,384,50,79,0.7889486111111111,0.8044208333333334,0.7953874999999999,0.8473625,5
all-MiniLM-L6-v2,384,50,80,0.7771236111111111,0.7987319444444443,0.7946875,0.8418902777777778,20
all-MiniLM-L6-v2,384,50,81,0.7549361111111111,0.7986777777777778,0.76955,0.8476999999999999,40
all-MiniLM-L6-v2,384,50,82,0.7808944444444446,0.7909222222222223,0.8021277777777778,0.8512805555555556,2
all-MiniLM-L6-v2,384,50,83,0.7809708333333334,0.7976625,0.7874097222222222,0.8622513888888889,20
all-MiniLM-L6-v2,384,50,84,0.7486694444444444,0.7791194444444445,0.8044055555555556,0.8593777777777778,3
all-MiniLM-L6-v2,384,50,85,0.7687277777777778,0.7661888888888888,0.7732305555555556,0.8551583333333334,5
all-MiniLM-L6-v2,384,50,86,0.7536472222222221,0.8005361111111111,0.8224833333333332,0.8783916666666667,10
all-MiniLM-L6-v2,384,50,87,0.7682777777777778,0.7964611111111111,0.7792611111111111,0.8442472222222221,40
all-MiniLM-L6-v2,384,50,88,0.7841902777777777,0.7997902777777777,0.8232819444444445,0.8392180555555555,5
all-MiniLM-L6-v2,384,50,89,0.779513888888889,0.8023055555555555,0.8022305555555556,0.8538666666666667,5
all-MiniLM-L6-v2,384,50,90,0.7509972222222222,0.7815055555555557,0.7814888888888889,0.8377777777777777,40
all-MiniLM-L6-v2,384,50,91,0.7520055555555555,0.8030527777777777,0.8141666666666668,0.8590333333333333,40
all-MiniLM-L6-v2,384,50,92,0.7887069444444446,0.812326388888889,0.8020736111111111,0.8579402777777778,20
all-MiniLM-L6-v2,384,50,93,0.7636013888888888,0.7898263888888889,0.8003180555555556,0.855726388888889,2
all-MiniLM-L6-v2,384,50,94,0.7734847222222222,0.7982958333333334,0.7854458333333333,0.8465763888888889,20
all-MiniLM-L6-v2,384,50,95,0.7693444444444445,0.8224555555555556,0.7970972222222222,0.8612833333333333,40
all-MiniLM-L6-v2,384,50,96,0.7734597222222223,0.8045125,0.7685236111111111,0.8597319444444445,30
all-MiniLM-L6-v2,384,50,97,0.7579083333333334,0.7955361111111112,0.7821833333333333,0.8478222222222223,40
all-MiniLM-L6-v2,384,50,98,0.7530791666666667,0.8081263888888889,0.8002013888888888,0.8754069444444444,40
all-MiniLM-L6-v2,384,50,99,0.7750444444444444,0.8092194444444445,0.7898055555555556,0.8531138888888888,40
all-MiniLM-L6-v2,384,75,0,0.785323611111111,0.815001388888889,0.8032236111111111,0.8724652777777776,30
all-MiniLM-L6-v2,384,75,1,0.7735652777777777,0.8234708333333333,0.8355152777777777,0.8617513888888889,40
all-MiniLM-L6-v2,384,75,2,0.7529611111111112,0.7956138888888888,0.8117055555555557,0.8591388888888889,5
all-MiniLM-L6-v2,384,75,3,0.7749888888888888,0.803988888888889,0.8046333333333333,0.8597444444444444,40
all-MiniLM-L6-v2,384,75,4,0.7673388888888889,0.8116472222222222,0.8206888888888889,0.8581444444444444,40
all-MiniLM-L6-v2,384,75,5,0.7733805555555555,0.8102972222222222,0.8138027777777778,0.8744833333333333,30
all-MiniLM-L6-v2,384,75,6,0.7618444444444444,0.7959972222222221,0.800313888888889,0.8567055555555556,30
all-MiniLM-L6-v2,384,75,7,0.7452819444444444,0.8059319444444444,0.7886986111111112,0.8362458333333334,20
all-MiniLM-L6-v2,384,75,8,0.7723402777777778,0.8064291666666668,0.8115347222222222,0.8652930555555556,30
all-MiniLM-L6-v2,384,75,9,0.7730111111111111,0.8023611111111111,0.7791027777777778,0.8551249999999999,40
all-MiniLM-L6-v2,384,75,10,0.7858222222222222,0.797011111111111,0.8104194444444444,0.8673583333333333,20
all-MiniLM-L6-v2,384,75,11,0.7582722222222222,0.8133611111111111,0.8117583333333334,0.8745944444444446,30
all-MiniLM-L6-v2,384,75,12,0.7786166666666666,0.826975,0.8216055555555556,0.8493527777777778,40
all-MiniLM-L6-v2,384,75,13,0.7578972222222221,0.7998583333333334,0.8125888888888888,0.8622777777777777,40
all-MiniLM-L6-v2,384,75,14,0.7718180555555556,0.8106236111111111,0.7974819444444444,0.8627347222222221,30
all-MiniLM-L6-v2,384,75,15,0.7516791666666667,0.7932458333333332,0.818098611111111,0.852598611111111,40
all-MiniLM-L6-v2,384,75,16,0.7895597222222221,0.8164305555555555,0.8157888888888889,0.8753833333333334,5
all-MiniLM-L6-v2,384,75,17,0.7534222222222222,0.8126249999999999,0.7907055555555556,0.8551666666666666,30
all-MiniLM-L6-v2,384,75,18,0.7675611111111111,0.8193194444444445,0.7966277777777777,0.8642916666666667,40
all-MiniLM-L6-v2,384,75,19,0.7659944444444444,0.8017027777777778,0.7904305555555555,0.8452333333333334,30
all-MiniLM-L6-v2,384,75,20,0.7692875000000001,0.8122125,0.8086541666666668,0.8500875,30
all-MiniLM-L6-v2,384,75,21,0.7746361111111111,0.8098611111111111,0.8059916666666668,0.8537638888888889,30
all-MiniLM-L6-v2,384,75,22,0.7710416666666666,0.8232583333333333,0.8151444444444444,0.8681222222222222,40
all-MiniLM-L6-v2,384,75,23,0.7395333333333332,0.7819777777777779,0.7751722222222223,0.8346472222222222,40
all-MiniLM-L6-v2,384,75,24,0.7661097222222222,0.8237125000000001,0.8245291666666666,0.8523152777777777,30
all-MiniLM-L6-v2,384,75,25,0.7669000000000001,0.7996694444444445,0.7660555555555556,0.8599305555555554,10
all-MiniLM-L6-v2,384,75,26,0.7709111111111111,0.8182944444444444,0.771711111111111,0.8626250000000001,30
all-MiniLM-L6-v2,384,75,27,0.7672819444444444,0.7933625,0.7588708333333334,0.8355402777777776,20
all-MiniLM-L6-v2,384,75,28,0.7630763888888888,0.8164958333333333,0.8013152777777777,0.8536874999999999,40
all-MiniLM-L6-v2,384,75,29,0.7799458333333333,0.8160736111111111,0.7794708333333333,0.8544402777777778,30
all-MiniLM-L6-v2,384,75,30,0.7693041666666667,0.7959263888888889,0.7745319444444444,0.8494152777777778,10
all-MiniLM-L6-v2,384,75,31,0.7700319444444444,0.7872402777777777,0.8045319444444444,0.8574541666666666,10
all-MiniLM-L6-v2,384,75,32,0.7918986111111112,0.815051388888889,0.8036486111111111,0.8629458333333333,40
all-MiniLM-L6-v2,384,75,33,0.7753152777777779,0.8159958333333333,0.8039319444444445,0.8558541666666666,30
all-MiniLM-L6-v2,384,75,34,0.7575291666666667,0.8054458333333332,0.8175208333333333,0.8530819444444444,40
all-MiniLM-L6-v2,384,75,35,0.7699041666666667,0.8063847222222222,0.8106374999999999,0.8737652777777777,40
all-MiniLM-L6-v2,384,75,36,0.7844541666666668,0.8033708333333333,0.8184625000000001,0.8546763888888889,40
all-MiniLM-L6-v2,384,75,37,0.7763388888888889,0.82165,0.7990416666666668,0.8625027777777778,40
all-MiniLM-L6-v2,384,75,38,0.7423055555555557,0.7799888888888888,0.7916944444444445,0.8505333333333334,10
all-MiniLM-L6-v2,384,75,39,0.7940111111111112,0.8024222222222221,0.808475,0.8611722222222222,30
all-MiniLM-L6-v2,384,75,40,0.7756652777777778,0.8102319444444444,0.8161625,0.8631097222222223,10
all-MiniLM-L6-v2,384,75,41,0.7703236111111111,0.7728041666666666,0.7662347222222223,0.8494041666666667,5
all-MiniLM-L6-v2,384,75,42,0.7746083333333332,0.8010555555555556,0.7925194444444446,0.8646416666666668,40
all-MiniLM-L6-v2,384,75,43,0.7764736111111111,0.807473611111111,0.8072319444444445,0.8583208333333332,40
all-MiniLM-L6-v2,384,75,44,0.7652986111111111,0.8153930555555555,0.8151986111111111,0.8737847222222221,40
all-MiniLM-L6-v2,384,75,45,0.772301388888889,0.8134986111111111,0.7871541666666667,0.861876388888889,40
all-MiniLM-L6-v2,384,75,46,0.7729305555555556,0.8111194444444444,0.8063111111111111,0.8636694444444444,40
all-MiniLM-L6-v2,384,75,47,0.7890541666666666,0.8277013888888889,0.821740277777778,0.8617319444444446,40
all-MiniLM-L6-v2,384,75,48,0.7557444444444443,0.8085833333333333,0.8176333333333332,0.8602944444444445,40
all-MiniLM-L6-v2,384,75,49,0.752311111111111,0.7900305555555556,0.7950805555555556,0.8668694444444444,40
all-MiniLM-L6-v2,384,75,50,0.7601416666666667,0.7874666666666665,0.7803861111111111,0.8431583333333333,30
all-MiniLM-L6-v2,384,75,51,0.7697291666666667,0.8185597222222223,0.7943374999999999,0.8645652777777777,40
all-MiniLM-L6-v2,384,75,52,0.7641944444444445,0.8012722222222222,0.7822722222222221,0.8608861111111111,30
all-MiniLM-L6-v2,384,75,53,0.760788888888889,0.804925,0.8018277777777778,0.8467194444444444,40
all-MiniLM-L6-v2,384,75,54,0.7692194444444445,0.7950166666666666,0.7913722222222223,0.8474222222222223,20
all-MiniLM-L6-v2,384,75,55,0.7762319444444444,0.7981569444444444,0.7914680555555557,0.8635208333333333,40
all-MiniLM-L6-v2,384,75,56,0.7485847222222222,0.7993458333333334,0.7916819444444444,0.8546736111111112,40
all-MiniLM-L6-v2,384,75,57,0.7606444444444445,0.8044,0.7954611111111111,0.8611222222222222,40
all-MiniLM-L6-v2,384,75,58,0.7745847222222222,0.8032513888888888,0.8012680555555556,0.8605430555555557,30
all-MiniLM-L6-v2,384,75,59,0.7686694444444444,0.8100638888888889,0.8065888888888889,0.8586027777777777,40
all-MiniLM-L6-v2,384,75,60,0.7724541666666667,0.8057680555555556,0.790201388888889,0.8652208333333333,40
all-MiniLM-L6-v2,384,75,61,0.7617819444444444,0.8184180555555556,0.7788430555555557,0.8458347222222222,30
all-MiniLM-L6-v2,384,75,62,0.7763861111111111,0.812525,0.7905083333333331,0.8612305555555554,40
all-MiniLM-L6-v2,384,75,63,0.7558708333333333,0.7973708333333335,0.7691430555555556,0.8494097222222223,20
all-MiniLM-L6-v2,384,75,64,0.7720708333333334,0.8156958333333333,0.8055208333333334,0.8603597222222222,40
all-MiniLM-L6-v2,384,75,65,0.7504583333333333,0.7984277777777777,0.8017388888888888,0.8496527777777778,30
all-MiniLM-L6-v2,384,75,66,0.7767416666666667,0.8127388888888889,0.8139888888888889,0.8656972222222222,40
all-MiniLM-L6-v2,384,75,67,0.7767152777777777,0.7877402777777778,0.7720236111111111,0.8645458333333335,10
all-MiniLM-L6-v2,384,75,68,0.7457944444444444,0.8032666666666667,0.7973444444444445,0.8542527777777779,10
all-MiniLM-L6-v2,384,75,69,0.7645291666666666,0.8287125000000001,0.7899875000000001,0.8653624999999999,40
all-MiniLM-L6-v2,384,75,70,0.7727736111111112,0.8061875000000001,0.7566902777777778,0.8614569444444444,40
all-MiniLM-L6-v2,384,75,71,0.751475,0.8090361111111111,0.7861138888888889,0.8453194444444445,30
all-MiniLM-L6-v2,384,75,72,0.7561194444444445,0.8247333333333333,0.8199833333333334,0.856763888888889,40
all-MiniLM-L6-v2,384,75,73,0.7462013888888889,0.7997902777777779,0.8143541666666667,0.8621708333333333,40
all-MiniLM-L6-v2,384,75,74,0.7756861111111111,0.8186305555555555,0.8110138888888889,0.8675555555555555,30
all-MiniLM-L6-v2,384,75,75,0.7644513888888889,0.8110152777777777,0.8094791666666666,0.8603902777777779,40
all-MiniLM-L6-v2,384,75,76,0.7749152777777778,0.8311041666666666,0.8346791666666666,0.8672986111111111,40
all-MiniLM-L6-v2,384,75,77,0.7773222222222221,0.8115666666666668,0.7937694444444444,0.8704500000000001,40
all-MiniLM-L6-v2,384,75,78,0.7780625000000001,0.8239986111111111,0.8235625,0.8674375000000001,30
all-MiniLM-L6-v2,384,75,79,0.7825958333333334,0.8189819444444445,0.8061652777777777,0.8477875,40
all-MiniLM-L6-v2,384,75,80,0.7667736111111111,0.8021430555555555,0.7799541666666667,0.8577902777777776,10
all-MiniLM-L6-v2,384,75,81,0.7619194444444444,0.7891694444444445,0.769075,0.8543249999999999,40
all-MiniLM-L6-v2,384,75,82,0.7740277777777778,0.7855000000000001,0.7992888888888889,0.8612222222222222,40
all-MiniLM-L6-v2,384,75,83,0.7782486111111111,0.8000513888888888,0.7932541666666667,0.870876388888889,40
all-MiniLM-L6-v2,384,75,84,0.756575,0.7937416666666666,0.7868694444444444,0.8577972222222221,30
all-MiniLM-L6-v2,384,75,85,0.7678,0.7826888888888888,0.7745055555555556,0.8592194444444443,20
all-MiniLM-L6-v2,384,75,86,0.7547583333333333,0.8066527777777779,0.8214472222222222,0.8837333333333334,30
all-MiniLM-L6-v2,384,75,87,0.7679736111111112,0.8107138888888888,0.7986249999999999,0.8455611111111112,40
all-MiniLM-L6-v2,384,75,88,0.7827541666666666,0.7966930555555556,0.828298611111111,0.8509625,5
all-MiniLM-L6-v2,384,75,89,0.7768527777777777,0.793075,0.7767888888888889,0.8581166666666666,10
all-MiniLM-L6-v2,384,75,90,0.7552861111111111,0.791525,0.7723416666666667,0.839438888888889,40
all-MiniLM-L6-v2,384,75,91,0.7535055555555555,0.7934916666666667,0.7766277777777777,0.8639666666666667,40
all-MiniLM-L6-v2,384,75,92,0.7910152777777778,0.8179347222222222,0.8016541666666667,0.8640625,40
all-MiniLM-L6-v2,384,75,93,0.7627763888888889,0.8196291666666666,0.8059013888888888,0.8576263888888889,40
all-MiniLM-L6-v2,384,75,94,0.7750013888888889,0.7737791666666667,0.8017291666666668,0.8514902777777777,10
all-MiniLM-L6-v2,384,75,95,0.7630361111111111,0.8083777777777778,0.8119638888888888,0.8635194444444444,20
all-MiniLM-L6-v2,384,75,96,0.7622375,0.7970930555555557,0.7829319444444445,0.8616347222222221,10
all-MiniLM-L6-v2,384,75,97,0.7629444444444444,0.8099777777777779,0.777511111111111,0.8500055555555555,30
all-MiniLM-L6-v2,384,75,98,0.7546263888888888,0.8186930555555555,0.8266986111111112,0.8778458333333333,20
all-MiniLM-L6-v2,384,75,99,0.7726083333333333,0.8085611111111111,0.7777277777777778,0.8650527777777778,40
all-MiniLM-L6-v2,384,100,0,0.7829958333333333,0.8198152777777777,0.8131986111111111,0.8731375,30
all-MiniLM-L6-v2,384,100,1,0.7770819444444446,0.8238680555555556,0.8232013888888889,0.8555902777777777,40
all-MiniLM-L6-v2,384,100,2,0.7619027777777778,0.8207722222222222,0.8196972222222223,0.8649305555555555,40
all-MiniLM-L6-v2,384,100,3,0.7726138888888889,0.8071527777777778,0.8106527777777778,0.8591888888888888,40
all-MiniLM-L6-v2,384,100,4,0.7658222222222222,0.8069638888888889,0.8073888888888889,0.864513888888889,40
all-MiniLM-L6-v2,384,100,5,0.7670277777777778,0.8112666666666667,0.8169083333333333,0.8776666666666666,30
all-MiniLM-L6-v2,384,100,6,0.7616277777777778,0.8074083333333334,0.8186083333333334,0.862463888888889,40
all-MiniLM-L6-v2,384,100,7,0.7455263888888888,0.8080041666666666,0.7850847222222223,0.8457402777777778,40
all-MiniLM-L6-v2,384,100,8,0.7685791666666667,0.7942791666666666,0.8090319444444445,0.8644874999999999,20
all-MiniLM-L6-v2,384,100,9,0.767313888888889,0.8047111111111112,0.7951250000000001,0.8594444444444446,40
all-MiniLM-L6-v2,384,100,10,0.7860916666666666,0.8081694444444445,0.8210138888888889,0.864463888888889,20
all-MiniLM-L6-v2,384,100,11,0.7614527777777778,0.8139027777777778,0.8172166666666667,0.8831138888888889,40
all-MiniLM-L6-v2,384,100,12,0.7775055555555556,0.8277749999999999,0.8149805555555556,0.8477222222222223,40
all-MiniLM-L6-v2,384,100,13,0.7689777777777778,0.8047166666666666,0.8150472222222223,0.8680305555555555,30
all-MiniLM-L6-v2,384,100,14,0.7673291666666666,0.8081069444444444,0.8006319444444445,0.8627958333333334,40
all-MiniLM-L6-v2,384,100,15,0.7557847222222223,0.8031819444444445,0.8194930555555555,0.8563875,40
all-MiniLM-L6-v2,384,100,16,0.7887972222222223,0.8274333333333334,0.82885,0.8734333333333334,20
all-MiniLM-L6-v2,384,100,17,0.7500083333333334,0.8163722222222222,0.8091194444444445,0.8622888888888888,20
all-MiniLM-L6-v2,384,100,18,0.7729416666666666,0.8217,0.8091583333333334,0.8662972222222223,30
all-MiniLM-L6-v2,384,100,19,0.7681333333333332,0.8067194444444444,0.8021111111111111,0.852325,30
all-MiniLM-L6-v2,384,100,20,0.7710069444444445,0.8212402777777777,0.8077958333333334,0.8570680555555555,40
all-MiniLM-L6-v2,384,100,21,0.7731416666666666,0.8183,0.8186333333333333,0.8518083333333333,30
all-MiniLM-L6-v2,384,100,22,0.7701416666666666,0.8253138888888889,0.8255055555555555,0.8701722222222222,40
all-MiniLM-L6-v2,384,100,23,0.737163888888889,0.7850416666666666,0.7633333333333332,0.8354166666666666,20
all-MiniLM-L6-v2,384,100,24,0.7669208333333333,0.8164680555555556,0.8228986111111112,0.8544319444444445,20
all-MiniLM-L6-v2,384,100,25,0.7728611111111111,0.808088888888889,0.8082944444444444,0.869675,20
all-MiniLM-L6-v2,384,100,26,0.7729888888888888,0.82265,0.8088722222222222,0.8632027777777777,40
all-MiniLM-L6-v2,384,100,27,0.7725680555555555,0.7927708333333333,0.7752902777777778,0.8446736111111111,10
all-MiniLM-L6-v2,384,100,28,0.7659541666666667,0.8106986111111112,0.7948847222222222,0.8587680555555557,40
all-MiniLM-L6-v2,384,100,29,0.7736958333333334,0.8233541666666667,0.7881930555555556,0.8577958333333332,40
all-MiniLM-L6-v2,384,100,30,0.7764569444444445,0.8098430555555556,0.8271625,0.8579125,20
all-MiniLM-L6-v2,384,100,31,0.7693708333333333,0.8031166666666667,0.8118347222222222,0.8639847222222223,20
all-MiniLM-L6-v2,384,100,32,0.7884902777777778,0.8183319444444443,0.8074180555555555,0.8680680555555556,30
all-MiniLM-L6-v2,384,100,33,0.7716402777777778,0.8161541666666666,0.8073375,0.8588791666666666,40
all-MiniLM-L6-v2,384,100,34,0.7612708333333333,0.8113625,0.8147347222222222,0.8562458333333334,40
all-MiniLM-L6-v2,384,100,35,0.772501388888889,0.8097597222222223,0.8126458333333333,0.8744402777777779,40
all-MiniLM-L6-v2,384,100,36,0.7821430555555555,0.8129930555555557,0.829323611111111,0.8581097222222223,40
all-MiniLM-L6-v2,384,100,37,0.7737555555555555,0.8228361111111111,0.8228555555555556,0.8678388888888888,40
all-MiniLM-L6-v2,384,100,38,0.7506805555555556,0.7947972222222222,0.7886555555555557,0.8537333333333332,20
all-MiniLM-L6-v2,384,100,39,0.7931611111111112,0.8066472222222222,0.8047083333333332,0.8647416666666667,40
all-MiniLM-L6-v2,384,100,40,0.7750152777777778,0.8232930555555555,0.8308763888888888,0.8690541666666667,40
all-MiniLM-L6-v2,384,100,41,0.7801902777777778,0.8107569444444445,0.8195541666666667,0.8574763888888888,40
all-MiniLM-L6-v2,384,100,42,0.7687527777777778,0.8040472222222221,0.8016527777777778,0.8656638888888889,40
all-MiniLM-L6-v2,384,100,43,0.7847763888888889,0.8162902777777777,0.8188208333333333,0.8673402777777779,40
all-MiniLM-L6-v2,384,100,44,0.7658347222222222,0.8173541666666667,0.8230875000000001,0.8718875,40
all-MiniLM-L6-v2,384,100,45,0.7743930555555555,0.8062486111111111,0.7997319444444445,0.8608902777777777,30
all-MiniLM-L6-v2,384,100,46,0.7728250000000001,0.8184444444444445,0.8059805555555556,0.8706527777777777,40
all-MiniLM-L6-v2,384,100,47,0.7887041666666667,0.8246375,0.8203069444444445,0.8638625000000001,40
all-MiniLM-L6-v2,384,100,48,0.7598944444444443,0.8144277777777778,0.8179944444444445,0.8544777777777777,40
all-MiniLM-L6-v2,384,100,49,0.761588888888889,0.802,0.8194777777777779,0.8768916666666666,20
all-MiniLM-L6-v2,384,100,50,0.7574027777777779,0.8000305555555556,0.7973999999999999,0.8507888888888886,40
all-MiniLM-L6-v2,384,100,51,0.7757708333333333,0.8184847222222221,0.8210958333333336,0.8721625000000001,30
all-MiniLM-L6-v2,384,100,52,0.7601388888888889,0.8083055555555556,0.7880722222222222,0.8620805555555556,40
all-MiniLM-L6-v2,384,100,53,0.7701555555555556,0.8089777777777778,0.8090111111111111,0.8553916666666667,40
all-MiniLM-L6-v2,384,100,54,0.7744361111111111,0.8073777777777779,0.8139888888888889,0.854675,40
all-MiniLM-L6-v2,384,100,55,0.7707847222222223,0.7931930555555556,0.7967680555555554,0.8603375000000001,40
all-MiniLM-L6-v2,384,100,56,0.7510402777777777,0.8077319444444445,0.8047319444444445,0.8566680555555555,40
all-MiniLM-L6-v2,384,100,57,0.7713805555555555,0.819663888888889,0.8168805555555555,0.8738527777777778,40
all-MiniLM-L6-v2,384,100,58,0.7692958333333333,0.8164847222222222,0.808948611111111,0.8603430555555555,40
all-MiniLM-L6-v2,384,100,59,0.7672555555555556,0.8166694444444443,0.8141305555555556,0.8628555555555555,40
all-MiniLM-L6-v2,384,100,60,0.7731041666666667,0.8132125000000001,0.7860208333333334,0.8734430555555557,20
all-MiniLM-L6-v2,384,100,61,0.7612625000000001,0.8093125,0.7905541666666666,0.8474930555555557,20
all-MiniLM-L6-v2,384,100,62,0.772988888888889,0.8163166666666668,0.8109555555555557,0.8634583333333333,40
all-MiniLM-L6-v2,384,100,63,0.7537597222222222,0.7983513888888889,0.7945263888888889,0.8559458333333333,30
all-MiniLM-L6-v2,384,100,64,0.7725208333333333,0.8162430555555557,0.8117263888888889,0.8537375,40
all-MiniLM-L6-v2,384,100,65,0.7514527777777777,0.8003055555555556,0.804188888888889,0.8582194444444444,30
all-MiniLM-L6-v2,384,100,66,0.7739722222222222,0.8163,0.817811111111111,0.8675194444444444,40
all-MiniLM-L6-v2,384,100,67,0.7761986111111112,0.7831458333333332,0.7775124999999998,0.8705430555555557,5
all-MiniLM-L6-v2,384,100,68,0.7649027777777777,0.8220472222222223,0.8006972222222223,0.8646555555555555,40
all-MiniLM-L6-v2,384,100,69,0.7694624999999999,0.8337458333333334,0.7983458333333333,0.8651875,30
all-MiniLM-L6-v2,384,100,70,0.7686458333333333,0.8066430555555555,0.8015347222222222,0.8629097222222222,40
all-MiniLM-L6-v2,384,100,71,0.7486777777777778,0.8126194444444446,0.7737472222222223,0.8499694444444446,30
all-MiniLM-L6-v2,384,100,72,0.7593638888888887,0.8294111111111111,0.8339416666666667,0.8598777777777777,40
all-MiniLM-L6-v2,384,100,73,0.7569569444444445,0.8148263888888888,0.8253319444444445,0.8665958333333332,40
all-MiniLM-L6-v2,384,100,74,0.7691555555555556,0.8343666666666666,0.8154916666666666,0.8771722222222222,30
all-MiniLM-L6-v2,384,100,75,0.7682069444444445,0.8132347222222223,0.7936291666666667,0.8641736111111111,30
all-MiniLM-L6-v2,384,100,76,0.7762569444444445,0.8368736111111112,0.8429763888888889,0.8713541666666667,40
all-MiniLM-L6-v2,384,100,77,0.7723249999999999,0.8155222222222223,0.7952472222222222,0.8727305555555557,40
all-MiniLM-L6-v2,384,100,78,0.777051388888889,0.8301902777777778,0.8270625,0.8638375,30
all-MiniLM-L6-v2,384,100,79,0.7757986111111111,0.8233041666666667,0.8187736111111111,0.8506347222222223,40
all-MiniLM-L6-v2,384,100,80,0.7697708333333334,0.8073875,0.8101819444444445,0.8604263888888889,40
all-MiniLM-L6-v2,384,100,81,0.7671000000000001,0.792111111111111,0.7871555555555556,0.864013888888889,30
all-MiniLM-L6-v2,384,100,82,0.7755416666666667,0.8015777777777777,0.822338888888889,0.8675666666666666,30
all-MiniLM-L6-v2,384,100,83,0.7682180555555556,0.7955874999999999,0.7702125,0.8705597222222222,40
all-MiniLM-L6-v2,384,100,84,0.7588166666666667,0.8045,0.7952999999999999,0.8580999999999999,40
all-MiniLM-L6-v2,384,100,85,0.7681555555555556,0.8162416666666665,0.7909138888888889,0.8668777777777776,30
all-MiniLM-L6-v2,384,100,86,0.7611944444444445,0.8087805555555556,0.7988444444444445,0.8859333333333334,30
all-MiniLM-L6-v2,384,100,87,0.7633972222222222,0.8108333333333333,0.811761111111111,0.8534305555555556,40
all-MiniLM-L6-v2,384,100,88,0.7783930555555556,0.8314291666666667,0.8334652777777778,0.8592041666666667,40
all-MiniLM-L6-v2,384,100,89,0.7823138888888889,0.7989944444444445,0.7948833333333334,0.8616944444444444,30
all-MiniLM-L6-v2,384,100,90,0.7595944444444446,0.7944083333333333,0.7786472222222223,0.8449138888888889,40
all-MiniLM-L6-v2,384,100,91,0.7601972222222222,0.7988138888888888,0.7711694444444445,0.8685000000000002,40
all-MiniLM-L6-v2,384,100,92,0.7882152777777778,0.8281791666666666,0.8187125,0.8660291666666666,40
all-MiniLM-L6-v2,384,100,93,0.7676430555555556,0.8295180555555555,0.8364375000000002,0.8658708333333335,30
all-MiniLM-L6-v2,384,100,94,0.7741263888888889,0.8046791666666666,0.8052930555555555,0.858823611111111,20
all-MiniLM-L6-v2,384,100,95,0.7542944444444444,0.8089361111111112,0.8054333333333332,0.8601777777777778,10
all-MiniLM-L6-v2,384,100,96,0.7644402777777778,0.8103791666666668,0.7906958333333334,0.8733986111111111,40
all-MiniLM-L6-v2,384,100,97,0.7583666666666666,0.8151722222222223,0.7948944444444446,0.8531583333333332,40
all-MiniLM-L6-v2,384,100,98,0.7635847222222222,0.8157680555555555,0.8382847222222221,0.8795874999999999,10
all-MiniLM-L6-v2,384,100,99,0.772361111111111,0.7890472222222222,0.7886333333333333,0.8671055555555556,10
all-MiniLM-L6-v2,384,150,0,0.7780569444444445,0.8202847222222223,0.8346402777777777,0.8744180555555556,30
all-MiniLM-L6-v2,384,150,1,0.7774486111111112,0.826626388888889,0.8333124999999999,0.8624013888888888,40
all-MiniLM-L6-v2,384,150,2,0.7658,0.8229833333333333,0.8094361111111112,0.8627833333333333,40
all-MiniLM-L6-v2,384,150,3,0.7696805555555556,0.7991722222222222,0.8159611111111111,0.8610388888888889,40
all-MiniLM-L6-v2,384,150,4,0.7614222222222222,0.7999222222222222,0.8009722222222222,0.8669805555555555,40
all-MiniLM-L6-v2,384,150,5,0.7699333333333334,0.8212833333333334,0.8245222222222222,0.8802833333333333,40
all-MiniLM-L6-v2,384,150,6,0.7665138888888889,0.8153027777777778,0.8209972222222223,0.8626416666666666,40
all-MiniLM-L6-v2,384,150,7,0.7598763888888889,0.8258763888888889,0.8262125,0.8644347222222221,30
all-MiniLM-L6-v2,384,150,8,0.7672125,0.8065430555555556,0.8263069444444444,0.8617097222222223,30
all-MiniLM-L6-v2,384,150,9,0.7683305555555555,0.8217249999999999,0.8152888888888888,0.8653305555555555,40
all-MiniLM-L6-v2,384,150,10,0.780963888888889,0.8271111111111111,0.8268416666666667,0.8684777777777777,40
all-MiniLM-L6-v2,384,150,11,0.7678499999999999,0.8086555555555556,0.817875,0.8857166666666667,40
all-MiniLM-L6-v2,384,150,12,0.7721250000000002,0.8242888888888888,0.8124861111111112,0.847563888888889,40
all-MiniLM-L6-v2,384,150,13,0.7708805555555556,0.8124083333333334,0.8358083333333333,0.8708805555555557,40
all-MiniLM-L6-v2,384,150,14,0.7639680555555555,0.8149041666666667,0.8155125,0.8667208333333334,40
all-MiniLM-L6-v2,384,150,15,0.7529597222222222,0.8026486111111111,0.8220652777777777,0.8602152777777778,40
all-MiniLM-L6-v2,384,150,16,0.7846194444444445,0.8308194444444444,0.8336305555555554,0.8739666666666667,20
all-MiniLM-L6-v2,384,150,17,0.7562722222222221,0.8167,0.8247500000000001,0.8606555555555555,30
all-MiniLM-L6-v2,384,150,18,0.7631166666666666,0.8357777777777778,0.8310861111111111,0.8752305555555555,40
all-MiniLM-L6-v2,384,150,19,0.7677,0.8190194444444444,0.8034305555555555,0.863538888888889,40
all-MiniLM-L6-v2,384,150,20,0.7752986111111111,0.8152263888888889,0.8196569444444445,0.8649347222222221,20
all-MiniLM-L6-v2,384,150,21,0.7748388888888889,0.8180888888888889,0.8363333333333334,0.8608666666666667,40
all-MiniLM-L6-v2,384,150,22,0.7677027777777777,0.8277222222222222,0.8502944444444445,0.8755805555555556,40
all-MiniLM-L6-v2,384,150,23,0.7392805555555555,0.7956361111111112,0.8079944444444443,0.8468416666666666,20
all-MiniLM-L6-v2,384,150,24,0.7669763888888887,0.8222375000000001,0.8323513888888889,0.8581375,30
all-MiniLM-L6-v2,384,150,25,0.7783277777777778,0.8152833333333332,0.8284833333333333,0.8764611111111111,20
all-MiniLM-L6-v2,384,150,26,0.7726361111111111,0.8302444444444445,0.8387916666666666,0.8690916666666667,40
all-MiniLM-L6-v2,384,150,27,0.7720041666666667,0.8165041666666667,0.8288375000000001,0.8576680555555556,40
all-MiniLM-L6-v2,384,150,28,0.7723180555555555,0.8206680555555554,0.8346180555555556,0.8615263888888889,40
all-MiniLM-L6-v2,384,150,29,0.7743319444444443,0.8245291666666666,0.7982736111111112,0.8670486111111111,40
all-MiniLM-L6-v2,384,150,30,0.7709374999999999,0.8211958333333333,0.8412375,0.8600402777777778,40
all-MiniLM-L6-v2,384,150,31,0.7635347222222222,0.8108597222222222,0.8198819444444443,0.8671902777777778,40
all-MiniLM-L6-v2,384,150,32,0.7852902777777777,0.8172819444444444,0.8398680555555555,0.8754013888888889,30
all-MiniLM-L6-v2,384,150,33,0.7717847222222223,0.8190541666666667,0.8140569444444445,0.8615347222222223,40
all-MiniLM-L6-v2,384,150,34,0.7640930555555555,0.8180180555555556,0.8332375000000001,0.8607069444444445,40
all-MiniLM-L6-v2,384,150,35,0.7774152777777779,0.8163319444444446,0.8245125,0.8782041666666667,40
all-MiniLM-L6-v2,384,150,36,0.7778541666666667,0.8207625,0.8237791666666667,0.8623541666666668,40
all-MiniLM-L6-v2,384,150,37,0.7814916666666666,0.8282666666666667,0.8347222222222221,0.8769416666666666,40
all-MiniLM-L6-v2,384,150,38,0.7557583333333332,0.8112083333333333,0.8100333333333333,0.8674888888888889,40
all-MiniLM-L6-v2,384,150,39,0.793036111111111,0.81925,0.8209277777777777,0.8696805555555555,40
all-MiniLM-L6-v2,384,150,40,0.7662625000000001,0.8243347222222223,0.8309013888888889,0.8718736111111112,40
all-MiniLM-L6-v2,384,150,41,0.7778541666666666,0.7769347222222223,0.8204125000000001,0.8645375,5
all-MiniLM-L6-v2,384,150,42,0.7705888888888889,0.824213888888889,0.8266888888888889,0.8677388888888888,40
all-MiniLM-L6-v2,384,150,43,0.7844125,0.8264402777777778,0.8316902777777777,0.8698180555555556,40
all-MiniLM-L6-v2,384,150,44,0.7690652777777778,0.8217680555555557,0.8378069444444445,0.8802263888888889,40
all-MiniLM-L6-v2,384,150,45,0.7694013888888889,0.8134347222222221,0.8217041666666667,0.8662624999999999,40
all-MiniLM-L6-v2,384,150,46,0.7684833333333333,0.8190861111111112,0.8036944444444444,0.865586111111111,40
all-MiniLM-L6-v2,384,150,47,0.7809152777777777,0.8276402777777777,0.8200708333333333,0.8655347222222222,40
all-MiniLM-L6-v2,384,150,48,0.7619583333333333,0.8256,0.8312416666666668,0.8583999999999999,40
all-MiniLM-L6-v2,384,150,49,0.7630138888888889,0.8094944444444444,0.8356416666666667,0.8799833333333333,40
all-MiniLM-L6-v2,384,150,50,0.7550527777777778,0.8075027777777778,0.8093416666666666,0.8612444444444444,40
all-MiniLM-L6-v2,384,150,51,0.7757958333333334,0.8355319444444443,0.8412319444444444,0.8765236111111111,30
all-MiniLM-L6-v2,384,150,52,0.773175,0.8234777777777778,0.8261222222222222,0.8688638888888889,30
all-MiniLM-L6-v2,384,150,53,0.7750055555555555,0.8163527777777778,0.8228055555555555,0.8677527777777778,40
all-MiniLM-L6-v2,384,150,54,0.7708527777777778,0.8229666666666666,0.8369416666666667,0.8631861111111111,40
all-MiniLM-L6-v2,384,150,55,0.7687874999999998,0.8057486111111111,0.8106180555555554,0.8632263888888887,40
all-MiniLM-L6-v2,384,150,56,0.7500791666666666,0.8141152777777777,0.813726388888889,0.8613902777777778,40
all-MiniLM-L6-v2,384,150,57,0.7680388888888889,0.822013888888889,0.8336833333333333,0.8783305555555555,40
all-MiniLM-L6-v2,384,150,58,0.7719486111111111,0.8183819444444445,0.8272902777777777,0.8711430555555555,40
all-MiniLM-L6-v2,384,150,59,0.7645722222222222,0.813088888888889,0.8278055555555555,0.8604249999999999,40
all-MiniLM-L6-v2,384,150,60,0.7692708333333333,0.8185652777777777,0.8098347222222223,0.8807680555555554,20
all-MiniLM-L6-v2,384,150,61,0.7608625,0.8257375000000001,0.8251541666666666,0.8602902777777778,40
all-MiniLM-L6-v2,384,150,62,0.7737388888888889,0.8113944444444445,0.817563888888889,0.8720249999999999,40
all-MiniLM-L6-v2,384,150,63,0.7542375,0.8136430555555556,0.8289736111111111,0.8578208333333334,40
all-MiniLM-L6-v2,384,150,64,0.7690819444444443,0.8277347222222222,0.8351625,0.8579569444444445,40
all-MiniLM-L6-v2,384,150,65,0.7554027777777779,0.808025,0.8029611111111111,0.8664333333333334,20
all-MiniLM-L6-v2,384,150,66,0.7686694444444444,0.8085833333333333,0.8334638888888888,0.8752138888888888,40
all-MiniLM-L6-v2,384,150,67,0.7741680555555555,0.8045069444444445,0.8078652777777777,0.8780736111111112,20
all-MiniLM-L6-v2,384,150,68,0.7644305555555556,0.8381166666666667,0.8216666666666667,0.8723,40
all-MiniLM-L6-v2,384,150,69,0.769548611111111,0.8431875,0.8249541666666667,0.8695902777777779,40
all-MiniLM-L6-v2,384,150,70,0.7723569444444444,0.8089069444444444,0.8254847222222221,0.8731347222222222,30
all-MiniLM-L6-v2,384,150,71,0.7504361111111111,0.8053055555555556,0.8070722222222222,0.8582694444444444,40
all-MiniLM-L6-v2,384,150,72,0.758275,0.8318000000000001,0.8282833333333335,0.8653333333333334,40
all-MiniLM-L6-v2,384,150,73,0.7601791666666667,0.8257430555555556,0.8349180555555555,0.8710763888888889,40
all-MiniLM-L6-v2,384,150,74,0.7699805555555556,0.8408777777777778,0.8427888888888888,0.8853694444444444,40
all-MiniLM-L6-v2,384,150,75,0.767701388888889,0.8235263888888888,0.8091152777777779,0.8697597222222222,40
all-MiniLM-L6-v2,384,150,76,0.7782569444444444,0.8507541666666666,0.8618125,0.8763458333333334,40
all-MiniLM-L6-v2,384,150,77,0.7695916666666667,0.8184638888888889,0.8292333333333333,0.8743333333333334,40
all-MiniLM-L6-v2,384,150,78,0.7739597222222223,0.8252736111111111,0.8272763888888888,0.864398611111111,40
all-MiniLM-L6-v2,384,150,79,0.7792958333333333,0.8273680555555556,0.8238986111111111,0.8617097222222223,30
all-MiniLM-L6-v2,384,150,80,0.7685375,0.8052763888888889,0.8229791666666668,0.8644902777777778,30
all-MiniLM-L6-v2,384,150,81,0.7625000000000001,0.8093027777777778,0.8073472222222222,0.8654805555555556,40
all-MiniLM-L6-v2,384,150,82,0.7693500000000001,0.8265138888888888,0.8345861111111111,0.8659416666666665,40
all-MiniLM-L6-v2,384,150,83,0.7710375,0.8036513888888889,0.818173611111111,0.8747069444444444,40
all-MiniLM-L6-v2,384,150,84,0.7588444444444445,0.8159611111111111,0.7938083333333333,0.8581277777777777,40
all-MiniLM-L6-v2,384,150,85,0.7687555555555555,0.816788888888889,0.8180555555555555,0.8713138888888889,40
all-MiniLM-L6-v2,384,150,86,0.7615666666666666,0.8133777777777778,0.8354166666666667,0.8876416666666667,40
all-MiniLM-L6-v2,384,150,87,0.7685444444444445,0.8158944444444444,0.8196166666666667,0.8551944444444445,40
all-MiniLM-L6-v2,384,150,88,0.7767986111111111,0.812976388888889,0.8255625,0.8631652777777777,20
all-MiniLM-L6-v2,384,150,89,0.7839583333333333,0.8083472222222222,0.8237083333333334,0.8691500000000001,40
all-MiniLM-L6-v2,384,150,90,0.7557666666666667,0.7984277777777778,0.797711111111111,0.8456638888888888,40
all-MiniLM-L6-v2,384,150,91,0.7611805555555555,0.8048861111111112,0.8298666666666666,0.8710527777777777,30
all-MiniLM-L6-v2,384,150,92,0.7895791666666667,0.8348736111111111,0.8283125,0.870898611111111,40
all-MiniLM-L6-v2,384,150,93,0.7678541666666666,0.834673611111111,0.8346013888888888,0.8636430555555556,40
all-MiniLM-L6-v2,384,150,94,0.7779402777777779,0.8136486111111112,0.8229763888888889,0.8609652777777778,30
all-MiniLM-L6-v2,384,150,95,0.7631583333333334,0.8104472222222223,0.8185111111111112,0.8732722222222222,5
all-MiniLM-L6-v2,384,150,96,0.7659958333333333,0.8160958333333335,0.8112430555555556,0.8752569444444444,30
all-MiniLM-L6-v2,384,150,97,0.7582222222222221,0.8239777777777777,0.8162472222222223,0.8531500000000001,40
all-MiniLM-L6-v2,384,150,98,0.7626680555555556,0.8309069444444444,0.8363986111111111,0.8798986111111111,20
all-MiniLM-L6-v2,384,150,99,0.7745388888888889,0.8235388888888889,0.8096194444444446,0.8826861111111112,30
all-MiniLM-L6-v2,384,200,0,0.7786763888888889,0.8230541666666666,0.8415486111111112,0.879323611111111,40
all-MiniLM-L6-v2,384,200,1,0.7742680555555556,0.8339263888888888,0.8375513888888889,0.8649625000000001,20
all-MiniLM-L6-v2,384,200,2,0.7679166666666666,0.8271361111111111,0.8183111111111112,0.8720666666666667,40
all-MiniLM-L6-v2,384,200,3,0.7696111111111111,0.8007666666666666,0.8287944444444444,0.8664055555555557,40
all-MiniLM-L6-v2,384,200,4,0.7609888888888888,0.813125,0.8284555555555555,0.8698055555555555,30
all-MiniLM-L6-v2,384,200,5,0.7653527777777778,0.8204972222222222,0.8208111111111112,0.8803777777777777,40
all-MiniLM-L6-v2,384,200,6,0.7681250000000001,0.8164194444444445,0.8260027777777776,0.8637888888888889,40
all-MiniLM-L6-v2,384,200,7,0.7597513888888888,0.8215263888888888,0.8206597222222223,0.8661763888888889,30
all-MiniLM-L6-v2,384,200,8,0.774226388888889,0.8184319444444443,0.8233152777777778,0.8661847222222222,40
all-MiniLM-L6-v2,384,200,9,0.7647972222222222,0.8182916666666666,0.8277722222222222,0.8658805555555557,30
all-MiniLM-L6-v2,384,200,10,0.7748555555555555,0.8206222222222224,0.829125,0.8702305555555555,20
all-MiniLM-L6-v2,384,200,11,0.767325,0.8191833333333334,0.8262277777777778,0.8835472222222223,40
all-MiniLM-L6-v2,384,200,12,0.7741944444444444,0.8279861111111111,0.834275,0.8563138888888889,40
all-MiniLM-L6-v2,384,200,13,0.7651916666666667,0.8152694444444444,0.8409638888888888,0.8712777777777778,40
all-MiniLM-L6-v2,384,200,14,0.7650847222222222,0.8266708333333334,0.8349930555555556,0.8691569444444444,40
all-MiniLM-L6-v2,384,200,15,0.750448611111111,0.8049569444444444,0.8323541666666667,0.8635708333333333,40
all-MiniLM-L6-v2,384,200,16,0.7822916666666666,0.8306666666666667,0.8451944444444445,0.8738111111111111,20
all-MiniLM-L6-v2,384,200,17,0.7630388888888888,0.8184861111111111,0.8319416666666667,0.8629388888888889,30
all-MiniLM-L6-v2,384,200,18,0.7593833333333334,0.8303944444444444,0.8343416666666668,0.8741777777777778,40
all-MiniLM-L6-v2,384,200,19,0.7627694444444444,0.8226166666666667,0.8159694444444444,0.8665944444444443,40
all-MiniLM-L6-v2,384,200,20,0.7749986111111111,0.8234625,0.8358680555555555,0.8754736111111111,40
all-MiniLM-L6-v2,384,200,21,0.77175,0.821,0.8471111111111111,0.8671305555555555,40
all-MiniLM-L6-v2,384,200,22,0.7689861111111113,0.8330027777777778,0.8434555555555555,0.8813472222222221,40
all-MiniLM-L6-v2,384,200,23,0.7431333333333333,0.8135222222222221,0.8164527777777778,0.8551805555555555,40
all-MiniLM-L6-v2,384,200,24,0.7653347222222223,0.8154152777777779,0.8395430555555555,0.8584958333333333,20
all-MiniLM-L6-v2,384,200,25,0.7792833333333334,0.8208222222222221,0.8417444444444445,0.8792472222222223,20
all-MiniLM-L6-v2,384,200,26,0.7757722222222222,0.8403611111111111,0.8562305555555557,0.8723527777777778,40
all-MiniLM-L6-v2,384,200,27,0.7662013888888889,0.8219902777777778,0.8357541666666667,0.8592069444444445,30
all-MiniLM-L6-v2,384,200,28,0.7754013888888889,0.8215041666666667,0.8311291666666667,0.8630180555555557,40
all-MiniLM-L6-v2,384,200,29,0.7756375000000001,0.8336375,0.843576388888889,0.8691208333333332,40
all-MiniLM-L6-v2,384,200,30,0.7683680555555555,0.8250513888888888,0.8527875,0.8606041666666666,40
all-MiniLM-L6-v2,384,200,31,0.7655902777777778,0.8222041666666666,0.8325486111111111,0.8720986111111111,40
all-MiniLM-L6-v2,384,200,32,0.7832736111111112,0.8174958333333333,0.8491708333333333,0.8782347222222222,40
all-MiniLM-L6-v2,384,200,33,0.7724458333333334,0.8201013888888888,0.8214125,0.8709097222222222,40
all-MiniLM-L6-v2,384,200,34,0.7610902777777777,0.8215597222222222,0.8371763888888889,0.8627902777777778,40
all-MiniLM-L6-v2,384,200,35,0.7754986111111111,0.8198708333333333,0.837376388888889,0.8774347222222223,40
all-MiniLM-L6-v2,384,200,36,0.7764402777777778,0.8285124999999999,0.8224236111111112,0.8659986111111111,40
all-MiniLM-L6-v2,384,200,37,0.7802055555555556,0.8281666666666666,0.8436722222222222,0.8805305555555556,40
all-MiniLM-L6-v2,384,200,38,0.7532249999999999,0.8135694444444445,0.8332916666666667,0.8712333333333334,40
all-MiniLM-L6-v2,384,200,39,0.790075,0.8230416666666668,0.8488027777777777,0.8743305555555556,40
all-MiniLM-L6-v2,384,200,40,0.7700375,0.8287791666666666,0.8426819444444444,0.8716458333333332,40
all-MiniLM-L6-v2,384,200,41,0.7721486111111112,0.7822458333333333,0.8309347222222223,0.8644875,5
all-MiniLM-L6-v2,384,200,42,0.7727444444444445,0.828011111111111,0.8501694444444445,0.8703083333333334,40
all-MiniLM-L6-v2,384,200,43,0.7814847222222221,0.8383902777777779,0.8517402777777776,0.8693513888888889,40
all-MiniLM-L6-v2,384,200,44,0.7633819444444445,0.8175402777777778,0.8361930555555556,0.8830236111111112,40
all-MiniLM-L6-v2,384,200,45,0.7688930555555555,0.8188236111111111,0.8316875000000001,0.876498611111111,40
all-MiniLM-L6-v2,384,200,46,0.7729777777777778,0.8192333333333334,0.8194416666666666,0.8679388888888889,30
all-MiniLM-L6-v2,384,200,47,0.7820208333333333,0.834173611111111,0.8275791666666668,0.8661208333333332,30
all-MiniLM-L6-v2,384,200,48,0.7688305555555556,0.8212888888888888,0.8318388888888888,0.8588472222222221,40
all-MiniLM-L6-v2,384,200,49,0.7700861111111111,0.8268027777777778,0.8533138888888889,0.8813472222222221,30
all-MiniLM-L6-v2,384,200,50,0.7609083333333333,0.8126916666666667,0.8317361111111111,0.8660083333333333,40
all-MiniLM-L6-v2,384,200,51,0.7726625,0.8387680555555554,0.8582680555555555,0.8796708333333334,40
all-MiniLM-L6-v2,384,200,52,0.7718444444444444,0.8268694444444444,0.8404333333333333,0.87145,30
all-MiniLM-L6-v2,384,200,53,0.779925,0.8185166666666667,0.8350388888888889,0.8695833333333334,40
all-MiniLM-L6-v2,384,200,54,0.7719499999999999,0.8186361111111111,0.8467611111111111,0.8641805555555555,30
all-MiniLM-L6-v2,384,200,55,0.7719597222222223,0.8075819444444445,0.8259291666666667,0.8669958333333333,40
all-MiniLM-L6-v2,384,200,56,0.7549625000000001,0.8264902777777778,0.8214319444444445,0.8656569444444444,40
all-MiniLM-L6-v2,384,200,57,0.7668611111111111,0.8225416666666667,0.8589166666666668,0.880961111111111,40
all-MiniLM-L6-v2,384,200,58,0.7677680555555556,0.8140847222222222,0.8340569444444446,0.8743125,40
all-MiniLM-L6-v2,384,200,59,0.7621805555555556,0.812375,0.8279444444444446,0.8654722222222223,40
all-MiniLM-L6-v2,384,200,60,0.7717069444444444,0.8317013888888889,0.8406624999999999,0.8811597222222222,40
all-MiniLM-L6-v2,384,200,61,0.7662069444444445,0.8360319444444444,0.8438208333333334,0.866251388888889,40
all-MiniLM-L6-v2,384,200,62,0.7711027777777778,0.8135222222222223,0.8371555555555555,0.8730111111111112,40
all-MiniLM-L6-v2,384,200,63,0.7584486111111112,0.8149680555555555,0.8426847222222222,0.8641263888888888,30
all-MiniLM-L6-v2,384,200,64,0.7690430555555555,0.8262319444444445,0.8383263888888888,0.8632930555555556,40
all-MiniLM-L6-v2,384,200,65,0.7580055555555555,0.8063861111111111,0.8321500000000001,0.8654777777777778,30
all-MiniLM-L6-v2,384,200,66,0.7714527777777778,0.8130388888888889,0.8405944444444444,0.8798916666666665,40
all-MiniLM-L6-v2,384,200,67,0.7764263888888888,0.8125902777777777,0.8383708333333333,0.8860597222222222,30
all-MiniLM-L6-v2,384,200,68,0.7640361111111111,0.8356638888888889,0.8482194444444444,0.8766194444444444,30
all-MiniLM-L6-v2,384,200,69,0.7715624999999999,0.8393430555555554,0.8383069444444443,0.8747652777777778,20
all-MiniLM-L6-v2,384,200,70,0.7701652777777778,0.8245180555555556,0.8394569444444445,0.875048611111111,40
all-MiniLM-L6-v2,384,200,71,0.7558277777777778,0.807875,0.8201750000000001,0.8613500000000001,40
all-MiniLM-L6-v2,384,200,72,0.7599916666666666,0.8270638888888888,0.8393277777777779,0.8679194444444444,40
all-MiniLM-L6-v2,384,200,73,0.7633902777777778,0.8308041666666667,0.8400319444444445,0.8714319444444446,40
all-MiniLM-L6-v2,384,200,74,0.7697277777777778,0.8445861111111111,0.8566333333333334,0.887075,40
all-MiniLM-L6-v2,384,200,75,0.7688041666666667,0.8299569444444443,0.8239902777777777,0.8676819444444445,40
all-MiniLM-L6-v2,384,200,76,0.7785347222222222,0.846451388888889,0.8594430555555554,0.8785180555555556,40
all-MiniLM-L6-v2,384,200,77,0.7679083333333333,0.8293555555555556,0.8270194444444444,0.8781305555555554,40
all-MiniLM-L6-v2,384,200,78,0.7787569444444445,0.8265291666666665,0.8432736111111111,0.8737874999999999,40
all-MiniLM-L6-v2,384,200,79,0.7831041666666667,0.8206902777777778,0.8306069444444444,0.8707708333333334,20
all-MiniLM-L6-v2,384,200,80,0.7689930555555555,0.8061152777777778,0.8416375,0.8629375000000001,30
all-MiniLM-L6-v2,384,200,81,0.7582444444444445,0.8167555555555556,0.8326833333333334,0.8734611111111111,40
all-MiniLM-L6-v2,384,200,82,0.7698194444444444,0.8259194444444445,0.8401777777777778,0.8673916666666667,40
all-MiniLM-L6-v2,384,200,83,0.7623041666666667,0.8075208333333334,0.8324763888888889,0.8780986111111111,40
all-MiniLM-L6-v2,384,200,84,0.7574861111111111,0.8114444444444444,0.8046111111111109,0.8666,30
all-MiniLM-L6-v2,384,200,85,0.7673777777777778,0.81565,0.8268277777777777,0.8705444444444445,40
all-MiniLM-L6-v2,384,200,86,0.7595194444444445,0.8102222222222222,0.8271583333333333,0.8846305555555556,40
all-MiniLM-L6-v2,384,200,87,0.7690166666666667,0.8253527777777778,0.8275805555555555,0.8592777777777777,40
all-MiniLM-L6-v2,384,200,88,0.7728069444444444,0.8263791666666667,0.8419069444444445,0.8732458333333334,20
all-MiniLM-L6-v2,384,200,89,0.7804,0.816875,0.8357472222222221,0.8743555555555557,40
all-MiniLM-L6-v2,384,200,90,0.7621611111111112,0.8107083333333334,0.8292361111111111,0.849675,40
all-MiniLM-L6-v2,384,200,91,0.7658388888888888,0.8234277777777778,0.8390277777777777,0.8749277777777777,40
all-MiniLM-L6-v2,384,200,92,0.7909347222222222,0.838201388888889,0.8435736111111112,0.8741569444444445,40
all-MiniLM-L6-v2,384,200,93,0.7663847222222222,0.8430958333333334,0.8551458333333334,0.8701402777777777,40
all-MiniLM-L6-v2,384,200,94,0.7809097222222222,0.8280597222222221,0.8482125,0.8710930555555556,40
all-MiniLM-L6-v2,384,200,95,0.7635333333333333,0.8245833333333332,0.8385,0.8794722222222222,40
all-MiniLM-L6-v2,384,200,96,0.7697430555555554,0.8248569444444445,0.8348763888888888,0.8793763888888889,40
all-MiniLM-L6-v2,384,200,97,0.7580444444444445,0.8239472222222223,0.8317444444444445,0.8543583333333333,40
all-MiniLM-L6-v2,384,200,98,0.7565291666666667,0.8317902777777779,0.8406180555555555,0.8774236111111111,40
all-MiniLM-L6-v2,384,200,99,0.776411111111111,0.8290972222222223,0.8351638888888889,0.8839333333333332,40
BAAI/bge-base-en-v1.5,768,2,0,0.7269347222222222,0.7057708333333333,,0.6298263888888889,1
BAAI/bge-base-en-v1.5,768,2,1,0.7457902777777778,0.7868819444444444,,0.7797402777777778,2
BAAI/bge-base-en-v1.5,768,2,2,0.7702625,0.8008597222222221,,0.7990236111111111,1
BAAI/bge-base-en-v1.5,768,2,3,0.7781236111111112,0.8054430555555556,,0.8083486111111111,2
BAAI/bge-base-en-v1.5,768,2,4,0.8006319444444444,0.8169958333333335,,0.7932236111111111,2
BAAI/bge-base-en-v1.5,768,2,5,0.7002555555555556,0.6185194444444445,,0.45650833333333335,2
BAAI/bge-base-en-v1.5,768,2,6,0.7923208333333334,0.8116402777777778,,0.7988736111111112,2
BAAI/bge-base-en-v1.5,768,2,7,0.7362625,0.7423486111111111,,0.6905041666666666,2
BAAI/bge-base-en-v1.5,768,2,8,0.7442055555555555,0.770925,,0.6923027777777778,2
BAAI/bge-base-en-v1.5,768,2,9,0.7756069444444444,0.8251680555555555,,0.829148611111111,1
BAAI/bge-base-en-v1.5,768,2,10,0.7272111111111111,0.7573694444444445,,0.7317527777777778,2
BAAI/bge-base-en-v1.5,768,2,11,0.753186111111111,0.798236111111111,,0.8246277777777777,1
BAAI/bge-base-en-v1.5,768,2,12,0.7293902777777778,0.7709097222222223,,0.7933930555555555,1
BAAI/bge-base-en-v1.5,768,2,13,0.7579083333333334,0.7301833333333333,,0.5282222222222221,2
BAAI/bge-base-en-v1.5,768,2,14,0.8122972222222222,0.8360888888888888,,0.7616694444444444,2
BAAI/bge-base-en-v1.5,768,2,15,0.7667416666666667,0.8119333333333334,,0.8031777777777779,2
BAAI/bge-base-en-v1.5,768,2,16,0.7241208333333333,0.7741208333333334,,0.7951458333333333,1
BAAI/bge-base-en-v1.5,768,2,17,0.6607680555555555,0.7006625,,0.7052263888888889,1
BAAI/bge-base-en-v1.5,768,2,18,0.8098500000000001,0.7990972222222222,,0.7349333333333333,2
BAAI/bge-base-en-v1.5,768,2,19,0.6094236111111111,0.6609763888888889,,0.5899819444444444,1
BAAI/bge-base-en-v1.5,768,2,20,0.7811486111111112,0.7846569444444444,,0.6958513888888889,1
BAAI/bge-base-en-v1.5,768,2,21,0.5767083333333333,0.5133861111111111,,0.3985611111111111,2
BAAI/bge-base-en-v1.5,768,2,22,0.6086125,0.6261208333333333,,0.5393597222222222,2
BAAI/bge-base-en-v1.5,768,2,23,0.7766847222222222,0.7780736111111111,,0.6840847222222222,2
BAAI/bge-base-en-v1.5,768,2,24,0.7369305555555556,0.7605333333333333,,0.6763694444444445,1
BAAI/bge-base-en-v1.5,768,2,25,0.6988791666666667,0.7120541666666667,,0.6677319444444445,2
BAAI/bge-base-en-v1.5,768,2,26,0.6485527777777778,0.6566972222222223,,0.5712583333333333,2
BAAI/bge-base-en-v1.5,768,2,27,0.6609055555555555,0.7239555555555556,,0.7386416666666666,2
BAAI/bge-base-en-v1.5,768,2,28,0.7633625,0.7632374999999999,,0.681651388888889,2
BAAI/bge-base-en-v1.5,768,2,29,0.7247722222222223,0.7420249999999999,,0.7298694444444445,2
BAAI/bge-base-en-v1.5,768,2,30,0.7008388888888889,0.7452222222222221,,0.7708916666666668,1
BAAI/bge-base-en-v1.5,768,2,31,0.7205125,0.7881847222222222,,0.8076875,2
BAAI/bge-base-en-v1.5,768,2,32,0.7929652777777778,0.8271347222222223,,0.8138236111111112,1
BAAI/bge-base-en-v1.5,768,2,33,0.7535027777777779,0.8012611111111112,,0.8146777777777776,1
BAAI/bge-base-en-v1.5,768,2,34,0.7364972222222222,0.7884805555555556,,0.7955777777777778,2
BAAI/bge-base-en-v1.5,768,2,35,0.7440625,0.7309875,,0.6646791666666667,1
BAAI/bge-base-en-v1.5,768,2,36,0.7771027777777778,0.8034583333333334,,0.7787194444444444,2
BAAI/bge-base-en-v1.5,768,2,37,0.6708861111111111,0.7186722222222223,,0.7179055555555555,1
BAAI/bge-base-en-v1.5,768,2,38,0.7002666666666666,0.7622083333333334,,0.7939638888888889,2
BAAI/bge-base-en-v1.5,768,2,39,0.8090138888888889,0.7989861111111112,,0.6892138888888889,1
BAAI/bge-base-en-v1.5,768,2,40,0.7285736111111112,0.7651013888888889,,0.7129319444444444,1
BAAI/bge-base-en-v1.5,768,2,41,0.7206708333333333,0.785876388888889,,0.7775263888888888,2
BAAI/bge-base-en-v1.5,768,2,42,0.7089958333333333,0.7539875,,0.7063375000000001,2
BAAI/bge-base-en-v1.5,768,2,43,0.7023041666666667,0.7164124999999999,,0.6890791666666667,2
BAAI/bge-base-en-v1.5,768,2,44,0.7540722222222221,0.7785305555555555,,0.7414333333333333,2
BAAI/bge-base-en-v1.5,768,2,45,0.7764000000000001,0.7854444444444445,,0.7598944444444443,1
BAAI/bge-base-en-v1.5,768,2,46,0.7493555555555557,0.7390166666666667,,0.6418111111111112,2
BAAI/bge-base-en-v1.5,768,2,47,0.7506263888888889,0.7766319444444444,,0.7670541666666667,2
BAAI/bge-base-en-v1.5,768,2,48,0.7257583333333334,0.6624194444444446,,0.5075444444444444,1
BAAI/bge-base-en-v1.5,768,2,49,0.6350305555555555,0.6226611111111111,,0.5425166666666666,2
BAAI/bge-base-en-v1.5,768,2,50,0.7840277777777778,0.7874944444444445,,0.757325,1
BAAI/bge-base-en-v1.5,768,2,51,0.8008402777777778,0.8058986111111112,,0.7859986111111112,1
BAAI/bge-base-en-v1.5,768,2,52,0.7870250000000001,0.7896166666666666,,0.7610805555555555,2
BAAI/bge-base-en-v1.5,768,2,53,0.7737055555555555,0.8188166666666666,,0.7937416666666667,2
BAAI/bge-base-en-v1.5,768,2,54,0.7425277777777778,0.7593111111111113,,0.72905,1
BAAI/bge-base-en-v1.5,768,2,55,0.7028944444444444,0.7227222222222223,,0.7224027777777777,2
BAAI/bge-base-en-v1.5,768,2,56,0.7630930555555556,0.7594486111111111,,0.6987569444444444,2
BAAI/bge-base-en-v1.5,768,2,57,0.7335319444444445,0.7538930555555555,,0.6761291666666667,1
BAAI/bge-base-en-v1.5,768,2,58,0.7014569444444444,0.7308569444444445,,0.7114013888888889,1
BAAI/bge-base-en-v1.5,768,2,59,0.7717666666666667,0.7880222222222222,,0.7919472222222222,1
BAAI/bge-base-en-v1.5,768,2,60,0.7463944444444445,0.7531833333333333,,0.7105472222222222,1
BAAI/bge-base-en-v1.5,768,2,61,0.7227833333333333,0.7649166666666667,,0.7571277777777778,2
BAAI/bge-base-en-v1.5,768,2,62,0.7102402777777778,0.7288527777777778,,0.6525138888888888,2
BAAI/bge-base-en-v1.5,768,2,63,0.7186444444444444,0.7050305555555556,,0.6660694444444445,2
BAAI/bge-base-en-v1.5,768,2,64,0.7920402777777779,0.8301597222222222,,0.8277402777777778,2
BAAI/bge-base-en-v1.5,768,2,65,0.714038888888889,0.7732861111111111,,0.8009416666666667,2
BAAI/bge-base-en-v1.5,768,2,66,0.7254041666666667,0.7394819444444444,,0.6669902777777779,2
BAAI/bge-base-en-v1.5,768,2,67,0.7033722222222223,0.6931083333333334,,0.6581944444444445,1
BAAI/bge-base-en-v1.5,768,2,68,0.7344680555555555,0.7532708333333334,,0.7066125000000001,1
BAAI/bge-base-en-v1.5,768,2,69,0.7795458333333333,0.8194458333333334,,0.8202263888888889,2
BAAI/bge-base-en-v1.5,768,2,70,0.7628347222222223,0.7987847222222223,,0.7883847222222222,1
BAAI/bge-base-en-v1.5,768,2,71,0.6902958333333333,0.7204000000000002,,0.6952333333333334,2
BAAI/bge-base-en-v1.5,768,2,72,0.7086416666666666,0.713238888888889,,0.6148833333333333,2
BAAI/bge-base-en-v1.5,768,2,73,0.7397194444444445,0.7575277777777779,,0.7464027777777777,2
BAAI/bge-base-en-v1.5,768,2,74,0.6301722222222222,0.5976388888888888,,0.4801277777777777,2
BAAI/bge-base-en-v1.5,768,2,75,0.7757930555555557,0.7830263888888889,,0.7403819444444444,1
BAAI/bge-base-en-v1.5,768,2,76,0.7470041666666667,0.7390597222222223,,0.6628291666666667,2
BAAI/bge-base-en-v1.5,768,2,77,0.7678097222222222,0.7879597222222222,,0.7543041666666668,2
BAAI/bge-base-en-v1.5,768,2,78,0.7671874999999999,0.8205097222222222,,0.8330708333333333,2
BAAI/bge-base-en-v1.5,768,2,79,0.768098611111111,0.7898902777777779,,0.7920152777777778,2
BAAI/bge-base-en-v1.5,768,2,80,0.7409791666666667,0.7476541666666666,,0.6522041666666667,2
BAAI/bge-base-en-v1.5,768,2,81,0.6717083333333334,0.6964388888888889,,0.582211111111111,2
BAAI/bge-base-en-v1.5,768,2,82,0.7597055555555555,0.7794486111111111,,0.7336625,2
BAAI/bge-base-en-v1.5,768,2,83,0.7820097222222222,0.8122166666666666,,0.7999666666666667,1
BAAI/bge-base-en-v1.5,768,2,84,0.7512069444444445,0.7887958333333334,,0.7833013888888889,2
BAAI/bge-base-en-v1.5,768,2,85,0.7182,0.75125,,0.6926166666666667,2
BAAI/bge-base-en-v1.5,768,2,86,0.790088888888889,0.8391555555555555,,0.8159555555555555,1
BAAI/bge-base-en-v1.5,768,2,87,0.6109166666666667,0.650625,,0.6595194444444444,2
BAAI/bge-base-en-v1.5,768,2,88,0.6327097222222222,0.6473819444444444,,0.6115319444444444,1
BAAI/bge-base-en-v1.5,768,2,89,0.7342569444444444,0.7653625000000001,,0.7676708333333333,2
BAAI/bge-base-en-v1.5,768,2,90,0.7399194444444444,0.7722472222222222,,0.7685000000000001,2
BAAI/bge-base-en-v1.5,768,2,91,0.7159375,0.6497708333333333,,0.4093486111111111,2
BAAI/bge-base-en-v1.5,768,2,92,0.7622125000000001,0.7805125,,0.7624291666666666,2
BAAI/bge-base-en-v1.5,768,2,93,0.6120916666666666,0.7612319444444444,,0.771126388888889,2
BAAI/bge-base-en-v1.5,768,2,94,0.7465138888888889,0.7645722222222222,,0.7527472222222222,1
BAAI/bge-base-en-v1.5,768,2,95,0.7201625,0.7693763888888888,,0.7947763888888889,1
BAAI/bge-base-en-v1.5,768,2,96,0.6955375000000001,0.7034152777777778,,0.5714847222222221,2
BAAI/bge-base-en-v1.5,768,2,97,0.7315194444444444,0.7615277777777778,,0.7171972222222223,1
BAAI/bge-base-en-v1.5,768,2,98,0.8104333333333333,0.8081,,0.6742222222222222,2
BAAI/bge-base-en-v1.5,768,2,99,0.7772694444444443,0.7723388888888889,,0.7303138888888888,1
BAAI/bge-base-en-v1.5,768,3,0,0.7485097222222222,0.7802125000000001,,0.7812069444444445,1
BAAI/bge-base-en-v1.5,768,3,1,0.7772013888888889,0.8242986111111111,,0.8317763888888889,1
BAAI/bge-base-en-v1.5,768,3,2,0.7755430555555555,0.8225486111111111,,0.8191986111111111,2
BAAI/bge-base-en-v1.5,768,3,3,0.7840486111111111,0.8152013888888889,,0.8188263888888889,2
BAAI/bge-base-en-v1.5,768,3,4,0.8022069444444445,0.8215597222222222,,0.7840847222222223,3
BAAI/bge-base-en-v1.5,768,3,5,0.75695,0.7449777777777778,,0.6286166666666666,3
BAAI/bge-base-en-v1.5,768,3,6,0.7998416666666667,0.8168319444444445,,0.7979680555555556,3
BAAI/bge-base-en-v1.5,768,3,7,0.7701708333333332,0.801901388888889,,0.7799680555555556,2
BAAI/bge-base-en-v1.5,768,3,8,0.7680388888888889,0.801625,,0.7486777777777778,3
BAAI/bge-base-en-v1.5,768,3,9,0.6897541666666667,0.7721597222222222,,0.7571097222222222,1
BAAI/bge-base-en-v1.5,768,3,10,0.7457750000000001,0.7826722222222222,,0.760461111111111,3
BAAI/bge-base-en-v1.5,768,3,11,0.7266138888888889,0.8077,,0.8366055555555556,1
BAAI/bge-base-en-v1.5,768,3,12,0.7336680555555556,0.7776569444444446,,0.7946236111111111,2
BAAI/bge-base-en-v1.5,768,3,13,0.7784944444444445,0.7876833333333333,,0.6927027777777778,3
BAAI/bge-base-en-v1.5,768,3,14,0.76245,0.8037638888888889,,0.7490083333333333,3
BAAI/bge-base-en-v1.5,768,3,15,0.7453305555555554,0.7825805555555556,,0.7250916666666667,3
BAAI/bge-base-en-v1.5,768,3,16,0.7419083333333333,0.8064819444444444,,0.7979930555555556,3
BAAI/bge-base-en-v1.5,768,3,17,0.6895930555555556,0.7495347222222223,,0.7281291666666667,2
BAAI/bge-base-en-v1.5,768,3,18,0.7989777777777778,0.8169,,0.7999666666666666,1
BAAI/bge-base-en-v1.5,768,3,19,0.6488236111111111,0.7105291666666667,,0.7006041666666667,1
BAAI/bge-base-en-v1.5,768,3,20,0.7574458333333334,0.7691041666666666,,0.7383652777777778,3
BAAI/bge-base-en-v1.5,768,3,21,0.6190694444444444,0.6494638888888888,,0.6104444444444445,3
BAAI/bge-base-en-v1.5,768,3,22,0.6591486111111111,0.6913374999999999,,0.5745652777777778,3
BAAI/bge-base-en-v1.5,768,3,23,0.7650736111111112,0.8018736111111111,,0.7597125,3
BAAI/bge-base-en-v1.5,768,3,24,0.7305805555555556,0.7836944444444444,,0.753725,1
BAAI/bge-base-en-v1.5,768,3,25,0.7061374999999999,0.765651388888889,,0.7576986111111111,3
BAAI/bge-base-en-v1.5,768,3,26,0.6921277777777777,0.7292416666666667,,0.6779166666666667,3
BAAI/bge-base-en-v1.5,768,3,27,0.6968861111111111,0.7431777777777778,,0.6168805555555555,3
BAAI/bge-base-en-v1.5,768,3,28,0.770876388888889,0.7626375,,0.7238847222222221,3
BAAI/bge-base-en-v1.5,768,3,29,0.7216861111111111,0.7553333333333333,,0.7237916666666667,3
BAAI/bge-base-en-v1.5,768,3,30,0.7504069444444444,0.7970250000000001,,0.8067250000000001,1
BAAI/bge-base-en-v1.5,768,3,31,0.7672736111111109,0.8158486111111111,,0.8268513888888889,2
BAAI/bge-base-en-v1.5,768,3,32,0.8112874999999999,0.8382347222222222,,0.7921291666666667,1
BAAI/bge-base-en-v1.5,768,3,33,0.7621888888888888,0.8108666666666667,,0.8181888888888889,1
BAAI/bge-base-en-v1.5,768,3,34,0.7151583333333333,0.7781,,0.7888194444444445,3
BAAI/bge-base-en-v1.5,768,3,35,0.7417097222222223,0.7456708333333333,,0.7258652777777778,1
BAAI/bge-base-en-v1.5,768,3,36,0.7555333333333333,0.7875361111111111,,0.7804194444444444,3
BAAI/bge-base-en-v1.5,768,3,37,0.7146291666666666,0.7503,,0.718375,1
BAAI/bge-base-en-v1.5,768,3,38,0.7496583333333333,0.8041416666666666,,0.8225333333333333,1
BAAI/bge-base-en-v1.5,768,3,39,0.80675,0.8090944444444443,,0.7457027777777777,1
BAAI/bge-base-en-v1.5,768,3,40,0.7022902777777779,0.7400763888888888,,0.6785347222222223,1
BAAI/bge-base-en-v1.5,768,3,41,0.7697875000000001,0.8081263888888889,,0.8034874999999999,2
BAAI/bge-base-en-v1.5,768,3,42,0.6825569444444444,0.7576680555555556,,0.719776388888889,3
BAAI/bge-base-en-v1.5,768,3,43,0.7546152777777777,0.773051388888889,,0.7144152777777777,3
BAAI/bge-base-en-v1.5,768,3,44,0.7854194444444444,0.8091194444444445,,0.7779333333333333,3
BAAI/bge-base-en-v1.5,768,3,45,0.7871111111111111,0.8000611111111111,,0.7779250000000001,3
BAAI/bge-base-en-v1.5,768,3,46,0.7439388888888888,0.7174722222222223,,0.5921388888888889,1
BAAI/bge-base-en-v1.5,768,3,47,0.7693152777777778,0.8074375,,0.7636513888888888,2
BAAI/bge-base-en-v1.5,768,3,48,0.7485916666666667,0.7303944444444446,,0.6514,1
BAAI/bge-base-en-v1.5,768,3,49,0.6453444444444445,0.6359333333333334,,0.5910194444444444,3
BAAI/bge-base-en-v1.5,768,3,50,0.7652722222222222,0.7844027777777778,,0.74925,1
BAAI/bge-base-en-v1.5,768,3,51,0.7844319444444444,0.8017208333333333,,0.7917208333333332,1
BAAI/bge-base-en-v1.5,768,3,52,0.7856444444444445,0.8253027777777777,,0.8316944444444445,1
BAAI/bge-base-en-v1.5,768,3,53,0.7863527777777778,0.83145,,0.8169194444444444,1
BAAI/bge-base-en-v1.5,768,3,54,0.7401027777777778,0.7634888888888889,,0.7152749999999999,1
BAAI/bge-base-en-v1.5,768,3,55,0.7476111111111111,0.7428305555555555,,0.703688888888889,3
BAAI/bge-base-en-v1.5,768,3,56,0.7480597222222223,0.7725208333333333,,0.7399847222222222,2
BAAI/bge-base-en-v1.5,768,3,57,0.7097555555555555,0.7434708333333334,,0.7200541666666667,3
BAAI/bge-base-en-v1.5,768,3,58,0.7433486111111112,0.7843347222222221,,0.7539791666666666,2
BAAI/bge-base-en-v1.5,768,3,59,0.7540472222222223,0.7842722222222223,,0.7953555555555556,2
BAAI/bge-base-en-v1.5,768,3,60,0.719525,0.7200166666666667,,0.5661111111111111,3
BAAI/bge-base-en-v1.5,768,3,61,0.6869277777777778,0.751813888888889,,0.7630361111111112,3
BAAI/bge-base-en-v1.5,768,3,62,0.7020583333333332,0.7238166666666668,,0.6858888888888889,2
BAAI/bge-base-en-v1.5,768,3,63,0.7387305555555554,0.7533694444444445,,0.7130027777777778,2
BAAI/bge-base-en-v1.5,768,3,64,0.8090152777777778,0.8517041666666667,,0.8532819444444444,1
BAAI/bge-base-en-v1.5,768,3,65,0.7239722222222221,0.7935944444444445,,0.8179944444444445,1
BAAI/bge-base-en-v1.5,768,3,66,0.7299680555555556,0.7552069444444444,,0.7302652777777778,1
BAAI/bge-base-en-v1.5,768,3,67,0.7365972222222222,0.7215805555555557,,0.6493166666666667,3
BAAI/bge-base-en-v1.5,768,3,68,0.7351125000000001,0.7775236111111111,,0.7915930555555555,2
BAAI/bge-base-en-v1.5,768,3,69,0.7656319444444444,0.7911236111111111,,0.7388486111111112,3
BAAI/bge-base-en-v1.5,768,3,70,0.7593791666666666,0.8235152777777778,,0.831473611111111,2
BAAI/bge-base-en-v1.5,768,3,71,0.6918666666666666,0.7276333333333334,,0.72485,3
BAAI/bge-base-en-v1.5,768,3,72,0.7611930555555556,0.7568166666666667,,0.6539666666666667,1
BAAI/bge-base-en-v1.5,768,3,73,0.7558972222222222,0.7704277777777778,,0.7689694444444445,1
BAAI/bge-base-en-v1.5,768,3,74,0.6837694444444444,0.6781249999999999,,0.5436000000000001,3
BAAI/bge-base-en-v1.5,768,3,75,0.7723625,0.7951069444444445,,0.7912152777777778,1
BAAI/bge-base-en-v1.5,768,3,76,0.7446847222222222,0.7525513888888888,,0.7001375,2
BAAI/bge-base-en-v1.5,768,3,77,0.7837902777777778,0.825001388888889,,0.8089263888888889,3
BAAI/bge-base-en-v1.5,768,3,78,0.7756375,0.8248791666666666,,0.8343013888888888,1
BAAI/bge-base-en-v1.5,768,3,79,0.7568847222222223,0.7731597222222223,,0.7106347222222221,3
BAAI/bge-base-en-v1.5,768,3,80,0.7187319444444444,0.714576388888889,,0.5624458333333333,3
BAAI/bge-base-en-v1.5,768,3,81,0.7234972222222222,0.7513944444444445,,0.6817055555555556,2
BAAI/bge-base-en-v1.5,768,3,82,0.7747652777777778,0.7979402777777778,,0.7725041666666667,3
BAAI/bge-base-en-v1.5,768,3,83,0.7966125,0.8430916666666666,,0.84765,1
BAAI/bge-base-en-v1.5,768,3,84,0.7613986111111111,0.8138152777777778,,0.7903930555555556,3
BAAI/bge-base-en-v1.5,768,3,85,0.7072333333333334,0.7131777777777777,,0.6291527777777778,3
BAAI/bge-base-en-v1.5,768,3,86,0.7952333333333333,0.8398888888888889,,0.8224555555555556,1
BAAI/bge-base-en-v1.5,768,3,87,0.68665,0.7529055555555555,,0.7496805555555556,3
BAAI/bge-base-en-v1.5,768,3,88,0.7487125,0.7957291666666667,,0.7738458333333333,2
BAAI/bge-base-en-v1.5,768,3,89,0.6970291666666667,0.7519486111111111,,0.699573611111111,3
BAAI/bge-base-en-v1.5,768,3,90,0.7595777777777778,0.8078638888888889,,0.8193055555555556,3
BAAI/bge-base-en-v1.5,768,3,91,0.7373763888888889,0.7328874999999999,,0.6242069444444445,2
BAAI/bge-base-en-v1.5,768,3,92,0.8083652777777778,0.8543597222222222,,0.8257180555555556,1
BAAI/bge-base-en-v1.5,768,3,93,0.6739152777777778,0.7941374999999999,,0.8162986111111112,3
BAAI/bge-base-en-v1.5,768,3,94,0.7686083333333333,0.7988305555555555,,0.784525,2
BAAI/bge-base-en-v1.5,768,3,95,0.7628652777777778,0.8143680555555557,,0.8271347222222223,1
BAAI/bge-base-en-v1.5,768,3,96,0.7472597222222221,0.775373611111111,,0.6875541666666668,1
BAAI/bge-base-en-v1.5,768,3,97,0.7587722222222222,0.793436111111111,,0.7428472222222223,1
BAAI/bge-base-en-v1.5,768,3,98,0.8047361111111111,0.8246916666666666,,0.7573305555555555,3
BAAI/bge-base-en-v1.5,768,3,99,0.7741416666666667,0.7797194444444444,,0.7534083333333333,1
BAAI/bge-base-en-v1.5,768,4,0,0.7585736111111111,0.7971541666666666,,0.7929597222222221,1
BAAI/bge-base-en-v1.5,768,4,1,0.7755263888888889,0.8215819444444443,,0.8310569444444444,1
BAAI/bge-base-en-v1.5,768,4,2,0.775123611111111,0.8128041666666668,,0.8067236111111111,2
BAAI/bge-base-en-v1.5,768,4,3,0.7931569444444444,0.8154847222222222,,0.8085763888888888,3
BAAI/bge-base-en-v1.5,768,4,4,0.7962541666666667,0.8117486111111112,,0.7832291666666666,3
BAAI/bge-base-en-v1.5,768,4,5,0.775938888888889,0.7375055555555555,,0.5979861111111111,1
BAAI/bge-base-en-v1.5,768,4,6,0.7874416666666667,0.8234263888888889,,0.8116208333333332,2
BAAI/bge-base-en-v1.5,768,4,7,0.7757263888888889,0.804423611111111,,0.7979013888888888,1
BAAI/bge-base-en-v1.5,768,4,8,0.7463305555555555,0.8010833333333334,,0.784461111111111,1
BAAI/bge-base-en-v1.5,768,4,9,0.6645708333333333,0.7752541666666667,,0.7446375000000001,2
BAAI/bge-base-en-v1.5,768,4,10,0.7875472222222223,0.8379166666666668,,0.8221833333333333,1
BAAI/bge-base-en-v1.5,768,4,11,0.7372111111111112,0.8057583333333332,,0.831938888888889,2
BAAI/bge-base-en-v1.5,768,4,12,0.7678625,0.8113347222222222,,0.8184791666666666,1
BAAI/bge-base-en-v1.5,768,4,13,0.7907611111111111,0.805077777777778,,0.7589472222222222,1
BAAI/bge-base-en-v1.5,768,4,14,0.7412444444444444,0.7422722222222221,,0.6519444444444444,2
BAAI/bge-base-en-v1.5,768,4,15,0.7190972222222222,0.7822861111111111,,0.7500972222222223,2
BAAI/bge-base-en-v1.5,768,4,16,0.7529819444444443,0.8097402777777778,,0.8028736111111111,1
BAAI/bge-base-en-v1.5,768,4,17,0.6665736111111111,0.7566180555555556,,0.7525125,2
BAAI/bge-base-en-v1.5,768,4,18,0.774513888888889,0.8051277777777777,,0.8124166666666667,2
BAAI/bge-base-en-v1.5,768,4,19,0.6772402777777777,0.7448513888888889,,0.7809263888888889,2
BAAI/bge-base-en-v1.5,768,4,20,0.7677486111111111,0.7906319444444444,,0.7687902777777778,2
BAAI/bge-base-en-v1.5,768,4,21,0.6766305555555555,0.6949472222222223,,0.6668916666666667,1
BAAI/bge-base-en-v1.5,768,4,22,0.6981208333333333,0.7794875,,0.7500597222222222,3
BAAI/bge-base-en-v1.5,768,4,23,0.7553208333333333,0.7974819444444444,,0.7499180555555556,1
BAAI/bge-base-en-v1.5,768,4,24,0.7369027777777779,0.7986111111111112,,0.7995027777777777,2
BAAI/bge-base-en-v1.5,768,4,25,0.7510486111111112,0.8162541666666666,,0.7734430555555556,3
BAAI/bge-base-en-v1.5,768,4,26,0.7105277777777778,0.7542527777777778,,0.7166916666666667,3
BAAI/bge-base-en-v1.5,768,4,27,0.7267277777777778,0.7757250000000001,,0.7190972222222223,3
BAAI/bge-base-en-v1.5,768,4,28,0.7865902777777777,0.7843208333333332,,0.7306708333333334,3
BAAI/bge-base-en-v1.5,768,4,29,0.7464277777777778,0.7763638888888889,,0.7405055555555555,2
BAAI/bge-base-en-v1.5,768,4,30,0.7610805555555555,0.8045694444444444,,0.8061666666666666,2
BAAI/bge-base-en-v1.5,768,4,31,0.7701430555555555,0.8165430555555555,,0.8213291666666668,2
BAAI/bge-base-en-v1.5,768,4,32,0.8166152777777778,0.8514875,,0.8110430555555556,2
BAAI/bge-base-en-v1.5,768,4,33,0.7834416666666666,0.819336111111111,,0.794386111111111,3
BAAI/bge-base-en-v1.5,768,4,34,0.7331138888888888,0.7956500000000001,,0.8008722222222221,2
BAAI/bge-base-en-v1.5,768,4,35,0.7381486111111111,0.7640347222222224,,0.7702069444444445,1
BAAI/bge-base-en-v1.5,768,4,36,0.7813222222222223,0.8110194444444445,,0.8025388888888889,2
BAAI/bge-base-en-v1.5,768,4,37,0.7238916666666666,0.7736666666666667,,0.7835027777777778,1
BAAI/bge-base-en-v1.5,768,4,38,0.75295,0.8013250000000001,,0.8130222222222222,1
BAAI/bge-base-en-v1.5,768,4,39,0.8046333333333333,0.8224833333333335,,0.7898555555555555,2
BAAI/bge-base-en-v1.5,768,4,40,0.7038791666666666,0.7027791666666667,,0.5916708333333334,3
BAAI/bge-base-en-v1.5,768,4,41,0.7695930555555556,0.8108097222222221,,0.8058208333333334,2
BAAI/bge-base-en-v1.5,768,4,42,0.6868652777777777,0.770748611111111,,0.7518902777777778,3
BAAI/bge-base-en-v1.5,768,4,43,0.7390597222222223,0.7220208333333333,,0.7008624999999999,3
BAAI/bge-base-en-v1.5,768,4,44,0.78285,0.8240194444444444,,0.7946666666666666,1
BAAI/bge-base-en-v1.5,768,4,45,0.7840111111111111,0.7796388888888889,,0.7186138888888889,1
BAAI/bge-base-en-v1.5,768,4,46,0.7465305555555557,0.7166138888888889,,0.5965277777777778,3
BAAI/bge-base-en-v1.5,768,4,47,0.7685513888888889,0.7982430555555556,,0.7640763888888888,2
BAAI/bge-base-en-v1.5,768,4,48,0.7306944444444445,0.7033277777777778,,0.6328277777777778,3
BAAI/bge-base-en-v1.5,768,4,49,0.7333638888888889,0.7366111111111111,,0.7276027777777777,3
BAAI/bge-base-en-v1.5,768,4,50,0.7840138888888889,0.7978388888888888,,0.7142944444444443,3
BAAI/bge-base-en-v1.5,768,4,51,0.7766652777777778,0.7911319444444445,,0.7709819444444443,1
BAAI/bge-base-en-v1.5,768,4,52,0.7697222222222222,0.8041972222222222,,0.8107888888888888,1
BAAI/bge-base-en-v1.5,768,4,53,0.7797944444444445,0.7880833333333335,,0.7244027777777777,1
BAAI/bge-base-en-v1.5,768,4,54,0.7508055555555556,0.7749305555555556,,0.7398888888888888,1
BAAI/bge-base-en-v1.5,768,4,55,0.760961111111111,0.7831277777777778,,0.77095,1
BAAI/bge-base-en-v1.5,768,4,56,0.7476069444444445,0.7718208333333332,,0.7368180555555556,3
BAAI/bge-base-en-v1.5,768,4,57,0.6940569444444445,0.7442597222222221,,0.7413763888888889,1
BAAI/bge-base-en-v1.5,768,4,58,0.7630708333333334,0.8148680555555556,,0.8150180555555556,2
BAAI/bge-base-en-v1.5,768,4,59,0.7563472222222222,0.7756944444444445,,0.7735944444444444,3
BAAI/bge-base-en-v1.5,768,4,60,0.7316680555555556,0.734388888888889,,0.6625749999999999,1
BAAI/bge-base-en-v1.5,768,4,61,0.7231305555555556,0.8108861111111112,,0.8136194444444445,2
BAAI/bge-base-en-v1.5,768,4,62,0.7122249999999999,0.7504527777777779,,0.7409694444444445,2
BAAI/bge-base-en-v1.5,768,4,63,0.7386722222222222,0.760086111111111,,0.748575,2
BAAI/bge-base-en-v1.5,768,4,64,0.7953097222222222,0.8494180555555555,,0.8558625000000001,1
BAAI/bge-base-en-v1.5,768,4,65,0.68855,0.7947083333333333,,0.8153,1
BAAI/bge-base-en-v1.5,768,4,66,0.7416097222222222,0.767026388888889,,0.7521013888888889,3
BAAI/bge-base-en-v1.5,768,4,67,0.7732416666666667,0.7787222222222221,,0.7352666666666667,1
BAAI/bge-base-en-v1.5,768,4,68,0.7410152777777779,0.7877097222222222,,0.8007736111111112,2
BAAI/bge-base-en-v1.5,768,4,69,0.7879319444444446,0.8126958333333333,,0.7575541666666668,2
BAAI/bge-base-en-v1.5,768,4,70,0.7711541666666667,0.8236625,,0.8327513888888887,2
BAAI/bge-base-en-v1.5,768,4,71,0.6978527777777778,0.7489555555555556,,0.7521194444444445,3
BAAI/bge-base-en-v1.5,768,4,72,0.7775222222222222,0.8070944444444444,,0.7579888888888889,3
BAAI/bge-base-en-v1.5,768,4,73,0.7557,0.7864944444444444,,0.788186111111111,3
BAAI/bge-base-en-v1.5,768,4,74,0.7143111111111111,0.7208749999999999,,0.6599583333333334,3
BAAI/bge-base-en-v1.5,768,4,75,0.7417097222222222,0.7776680555555555,,0.7825680555555555,3
BAAI/bge-base-en-v1.5,768,4,76,0.7383097222222221,0.7422513888888891,,0.6916041666666666,2
BAAI/bge-base-en-v1.5,768,4,77,0.7780347222222223,0.8348208333333333,,0.8333430555555557,1
BAAI/bge-base-en-v1.5,768,4,78,0.8035958333333333,0.8316958333333334,,0.8281375,1
BAAI/bge-base-en-v1.5,768,4,79,0.7522930555555556,0.7888708333333334,,0.7383236111111111,3
BAAI/bge-base-en-v1.5,768,4,80,0.7280819444444444,0.7370375,,0.6464763888888888,3
BAAI/bge-base-en-v1.5,768,4,81,0.6909208333333333,0.7255500000000001,,0.6072888888888889,3
BAAI/bge-base-en-v1.5,768,4,82,0.7757402777777778,0.8107486111111111,,0.8005513888888889,1
BAAI/bge-base-en-v1.5,768,4,83,0.8001583333333333,0.8381888888888889,,0.831525,1
BAAI/bge-base-en-v1.5,768,4,84,0.7500208333333334,0.8128875,,0.8172402777777777,2
BAAI/bge-base-en-v1.5,768,4,85,0.7281444444444445,0.7477694444444444,,0.7063444444444444,3
BAAI/bge-base-en-v1.5,768,4,86,0.7737305555555555,0.827225,,0.8203277777777778,2
BAAI/bge-base-en-v1.5,768,4,87,0.7115305555555556,0.7600611111111111,,0.7645805555555555,3
BAAI/bge-base-en-v1.5,768,4,88,0.7648625,0.8080069444444444,,0.7893041666666667,1
BAAI/bge-base-en-v1.5,768,4,89,0.6787347222222222,0.7714569444444445,,0.7607458333333332,3
BAAI/bge-base-en-v1.5,768,4,90,0.7528472222222222,0.8134833333333333,,0.8287583333333334,3
BAAI/bge-base-en-v1.5,768,4,91,0.742848611111111,0.7456347222222222,,0.5893541666666667,3
BAAI/bge-base-en-v1.5,768,4,92,0.8178624999999999,0.8536708333333333,,0.8121041666666667,1
BAAI/bge-base-en-v1.5,768,4,93,0.6852291666666668,0.7807263888888889,,0.7992319444444445,3
BAAI/bge-base-en-v1.5,768,4,94,0.7614472222222222,0.7892055555555556,,0.7730888888888888,3
BAAI/bge-base-en-v1.5,768,4,95,0.7535847222222223,0.7991069444444445,,0.7947625,1
BAAI/bge-base-en-v1.5,768,4,96,0.7769583333333334,0.8142486111111112,,0.8026958333333333,1
BAAI/bge-base-en-v1.5,768,4,97,0.7484694444444444,0.7943305555555555,,0.738675,1
BAAI/bge-base-en-v1.5,768,4,98,0.7738611111111111,0.8251055555555555,,0.7745916666666668,1
BAAI/bge-base-en-v1.5,768,4,99,0.7653361111111111,0.8070972222222222,,0.8120694444444444,3
BAAI/bge-base-en-v1.5,768,5,0,0.7503569444444445,0.7966375,,0.7966541666666667,1
BAAI/bge-base-en-v1.5,768,5,1,0.7541236111111111,0.8140958333333332,,0.8208708333333334,2
BAAI/bge-base-en-v1.5,768,5,2,0.7620374999999999,0.8173541666666666,,0.8158041666666667,2
BAAI/bge-base-en-v1.5,768,5,3,0.7965819444444445,0.8266541666666667,,0.8145541666666667,3
BAAI/bge-base-en-v1.5,768,5,4,0.7955541666666667,0.816023611111111,,0.7697402777777778,5
BAAI/bge-base-en-v1.5,768,5,5,0.7375930555555557,0.7569472222222222,,0.6616194444444444,1
BAAI/bge-base-en-v1.5,768,5,6,0.7727736111111112,0.8136458333333334,,0.7982513888888888,3
BAAI/bge-base-en-v1.5,768,5,7,0.7619652777777779,0.7966041666666666,,0.7891097222222223,1
BAAI/bge-base-en-v1.5,768,5,8,0.7740472222222223,0.8209055555555554,,0.8121444444444443,1
BAAI/bge-base-en-v1.5,768,5,9,0.6588625000000001,0.7543180555555555,,0.7160402777777778,2
BAAI/bge-base-en-v1.5,768,5,10,0.7698027777777778,0.8272194444444445,,0.8179583333333332,1
BAAI/bge-base-en-v1.5,768,5,11,0.7743388888888889,0.83935,,0.8477583333333333,1
BAAI/bge-base-en-v1.5,768,5,12,0.7702638888888889,0.8170986111111112,,0.8211291666666666,1
BAAI/bge-base-en-v1.5,768,5,13,0.7909249999999999,0.810275,,0.7894722222222224,1
BAAI/bge-base-en-v1.5,768,5,14,0.7309458333333333,0.7715972222222223,,0.6979944444444445,5
BAAI/bge-base-en-v1.5,768,5,15,0.7338527777777777,0.7917194444444444,,0.7736805555555555,5
BAAI/bge-base-en-v1.5,768,5,16,0.7677763888888889,0.8204569444444443,,0.8100569444444443,1
BAAI/bge-base-en-v1.5,768,5,17,0.5877875,0.7443652777777776,,0.6797847222222222,2
BAAI/bge-base-en-v1.5,768,5,18,0.7656083333333333,0.8029611111111112,,0.8053944444444443,2
BAAI/bge-base-en-v1.5,768,5,19,0.6456347222222223,0.7945430555555556,,0.7768763888888889,5
BAAI/bge-base-en-v1.5,768,5,20,0.7638791666666667,0.7955791666666667,,0.7825958333333333,5
BAAI/bge-base-en-v1.5,768,5,21,0.6798944444444445,0.7262416666666666,,0.7059472222222223,2
BAAI/bge-base-en-v1.5,768,5,22,0.7083458333333333,0.7961291666666667,,0.7973847222222221,3
BAAI/bge-base-en-v1.5,768,5,23,0.7550152777777778,0.8115458333333333,,0.7952513888888889,5
BAAI/bge-base-en-v1.5,768,5,24,0.7643416666666667,0.8283583333333334,,0.8190694444444444,1
BAAI/bge-base-en-v1.5,768,5,25,0.7481763888888888,0.8057458333333333,,0.7583069444444445,5
BAAI/bge-base-en-v1.5,768,5,26,0.7295638888888889,0.7618749999999999,,0.7083444444444444,5
BAAI/bge-base-en-v1.5,768,5,27,0.7540305555555555,0.8057083333333334,,0.7946666666666666,3
BAAI/bge-base-en-v1.5,768,5,28,0.7989847222222222,0.8038569444444446,,0.7912152777777777,5
BAAI/bge-base-en-v1.5,768,5,29,0.7482444444444445,0.7906833333333333,,0.7814083333333335,2
BAAI/bge-base-en-v1.5,768,5,30,0.7503055555555556,0.7949527777777778,,0.7713305555555556,1
BAAI/bge-base-en-v1.5,768,5,31,0.7721847222222222,0.8177930555555557,,0.8207791666666668,2
BAAI/bge-base-en-v1.5,768,5,32,0.7980375000000002,0.833526388888889,,0.8035208333333332,1
BAAI/bge-base-en-v1.5,768,5,33,0.7637083333333334,0.8194888888888888,,0.8017416666666666,1
BAAI/bge-base-en-v1.5,768,5,34,0.7497972222222222,0.8081027777777778,,0.8145222222222223,5
BAAI/bge-base-en-v1.5,768,5,35,0.7548902777777777,0.8093597222222222,,0.8064097222222222,5
BAAI/bge-base-en-v1.5,768,5,36,0.7599916666666667,0.8075777777777777,,0.7915722222222221,5
BAAI/bge-base-en-v1.5,768,5,37,0.7386305555555557,0.7976444444444445,,0.821113888888889,1
BAAI/bge-base-en-v1.5,768,5,38,0.743038888888889,0.7917444444444444,,0.7847361111111112,2
BAAI/bge-base-en-v1.5,768,5,39,0.7969111111111111,0.8060333333333334,,0.727075,2
BAAI/bge-base-en-v1.5,768,5,40,0.7161875,0.7386930555555556,,0.6856375,5
BAAI/bge-base-en-v1.5,768,5,41,0.7613180555555554,0.8125402777777777,,0.8101625,2
BAAI/bge-base-en-v1.5,768,5,42,0.7094680555555556,0.7826208333333333,,0.7793791666666667,3
BAAI/bge-base-en-v1.5,768,5,43,0.7380055555555556,0.7623152777777779,,0.7353236111111111,5
BAAI/bge-base-en-v1.5,768,5,44,0.7879958333333332,0.8055638888888889,,0.7748361111111112,5
BAAI/bge-base-en-v1.5,768,5,45,0.78095,0.8030888888888889,,0.7777833333333334,5
BAAI/bge-base-en-v1.5,768,5,46,0.7608583333333333,0.7652166666666667,,0.6829527777777779,5
BAAI/bge-base-en-v1.5,768,5,47,0.7557819444444445,0.7994402777777778,,0.7673597222222223,1
BAAI/bge-base-en-v1.5,768,5,48,0.7450861111111111,0.7348277777777777,,0.6738222222222222,1
BAAI/bge-base-en-v1.5,768,5,49,0.7317527777777779,0.7752583333333333,,0.7450416666666666,5
BAAI/bge-base-en-v1.5,768,5,50,0.7714916666666667,0.795825,,0.742738888888889,2
BAAI/bge-base-en-v1.5,768,5,51,0.7627069444444444,0.7926847222222222,,0.7766097222222221,1
BAAI/bge-base-en-v1.5,768,5,52,0.7586652777777778,0.7877416666666668,,0.793325,5
BAAI/bge-base-en-v1.5,768,5,53,0.7601222222222223,0.7796333333333333,,0.743738888888889,1
BAAI/bge-base-en-v1.5,768,5,54,0.7516277777777778,0.7897083333333333,,0.7634222222222222,5
BAAI/bge-base-en-v1.5,768,5,55,0.7637999999999999,0.8028583333333335,,0.8142861111111112,3
BAAI/bge-base-en-v1.5,768,5,56,0.7365347222222223,0.7610569444444444,,0.7295847222222224,3
BAAI/bge-base-en-v1.5,768,5,57,0.7310708333333333,0.7952597222222223,,0.8035791666666667,1
BAAI/bge-base-en-v1.5,768,5,58,0.7700819444444444,0.8183152777777778,,0.8251847222222222,5
BAAI/bge-base-en-v1.5,768,5,59,0.7656000000000001,0.8061138888888888,,0.8248944444444445,1
BAAI/bge-base-en-v1.5,768,5,60,0.7623694444444443,0.7943277777777777,,0.7200333333333333,1
BAAI/bge-base-en-v1.5,768,5,61,0.7224083333333333,0.8117805555555555,,0.816236111111111,1
BAAI/bge-base-en-v1.5,768,5,62,0.7394777777777778,0.8047249999999999,,0.7963111111111111,5
BAAI/bge-base-en-v1.5,768,5,63,0.7152277777777778,0.743275,,0.7439472222222222,5
BAAI/bge-base-en-v1.5,768,5,64,0.7895763888888889,0.8405208333333333,,0.8500791666666666,1
BAAI/bge-base-en-v1.5,768,5,65,0.6992777777777777,0.8000277777777777,,0.8218055555555557,1
BAAI/bge-base-en-v1.5,768,5,66,0.7512819444444444,0.7911652777777779,,0.7800430555555555,5
BAAI/bge-base-en-v1.5,768,5,67,0.7652694444444444,0.7744388888888889,,0.7447361111111112,2
BAAI/bge-base-en-v1.5,768,5,68,0.7377430555555555,0.7958458333333334,,0.8123375,2
BAAI/bge-base-en-v1.5,768,5,69,0.7932125,0.8202430555555555,,0.7790736111111112,2
BAAI/bge-base-en-v1.5,768,5,70,0.7922597222222222,0.8383847222222223,,0.8435319444444442,1
BAAI/bge-base-en-v1.5,768,5,71,0.7012416666666667,0.7705388888888889,,0.7759277777777778,5
BAAI/bge-base-en-v1.5,768,5,72,0.763113888888889,0.7911333333333334,,0.7583722222222222,5
BAAI/bge-base-en-v1.5,768,5,73,0.7695861111111111,0.7876972222222223,,0.7874194444444444,2
BAAI/bge-base-en-v1.5,768,5,74,0.7192138888888889,0.7632861111111111,,0.7162,5
BAAI/bge-base-en-v1.5,768,5,75,0.7293819444444445,0.7844375,,0.8040902777777776,2
BAAI/bge-base-en-v1.5,768,5,76,0.7385402777777778,0.7702208333333335,,0.7497819444444443,5
BAAI/bge-base-en-v1.5,768,5,77,0.7794958333333334,0.8427458333333333,,0.8537569444444444,1
BAAI/bge-base-en-v1.5,768,5,78,0.8032986111111111,0.8324375,,0.8310652777777778,2
BAAI/bge-base-en-v1.5,768,5,79,0.757898611111111,0.8090930555555556,,0.7820236111111112,5
BAAI/bge-base-en-v1.5,768,5,80,0.7572125000000001,0.7905597222222223,,0.757373611111111,2
BAAI/bge-base-en-v1.5,768,5,81,0.7175541666666667,0.7817361111111112,,0.7097027777777778,2
BAAI/bge-base-en-v1.5,768,5,82,0.7838375,0.8295791666666666,,0.8092791666666665,5
BAAI/bge-base-en-v1.5,768,5,83,0.8095888888888889,0.8466416666666667,,0.8326194444444444,1
BAAI/bge-base-en-v1.5,768,5,84,0.7525402777777777,0.8221319444444445,,0.823001388888889,2
BAAI/bge-base-en-v1.5,768,5,85,0.7402888888888889,0.7762472222222221,,0.7613805555555555,3
BAAI/bge-base-en-v1.5,768,5,86,0.786575,0.8488749999999999,,0.8363444444444443,1
BAAI/bge-base-en-v1.5,768,5,87,0.704,0.7682638888888889,,0.7714416666666666,5
BAAI/bge-base-en-v1.5,768,5,88,0.7791458333333333,0.838276388888889,,0.8176847222222222,1
BAAI/bge-base-en-v1.5,768,5,89,0.7088319444444444,0.7917680555555555,,0.8020819444444445,2
BAAI/bge-base-en-v1.5,768,5,90,0.7577305555555555,0.8210500000000001,,0.8330388888888889,5
BAAI/bge-base-en-v1.5,768,5,91,0.7423458333333333,0.7486152777777779,,0.6189236111111112,3
BAAI/bge-base-en-v1.5,768,5,92,0.8141263888888888,0.8521152777777778,,0.8277708333333333,1
BAAI/bge-base-en-v1.5,768,5,93,0.6995055555555555,0.7813375,,0.7939847222222223,1
BAAI/bge-base-en-v1.5,768,5,94,0.7757486111111112,0.7977333333333334,,0.7778277777777778,3
BAAI/bge-base-en-v1.5,768,5,95,0.7587791666666666,0.7943569444444444,,0.7973180555555555,1
BAAI/bge-base-en-v1.5,768,5,96,0.7843680555555557,0.8261291666666668,,0.8240152777777777,1
BAAI/bge-base-en-v1.5,768,5,97,0.7520083333333333,0.7971305555555556,,0.7854472222222222,2
BAAI/bge-base-en-v1.5,768,5,98,0.7771833333333333,0.8308277777777778,,0.8129611111111111,5
BAAI/bge-base-en-v1.5,768,5,99,0.7615625,0.797525,,0.7559305555555556,3
BAAI/bge-base-en-v1.5,768,7,0,0.7688958333333333,0.8258486111111112,,0.8293347222222222,1
BAAI/bge-base-en-v1.5,768,7,1,0.7648625,0.8129708333333332,,0.8160847222222222,1
BAAI/bge-base-en-v1.5,768,7,2,0.7594472222222222,0.8312958333333333,,0.8175791666666667,2
BAAI/bge-base-en-v1.5,768,7,3,0.7767291666666668,0.8144847222222222,,0.8168069444444443,3
BAAI/bge-base-en-v1.5,768,7,4,0.788801388888889,0.8189902777777778,,0.8019847222222222,2
BAAI/bge-base-en-v1.5,768,7,5,0.7682166666666667,0.8334638888888889,,0.8421777777777777,1
BAAI/bge-base-en-v1.5,768,7,6,0.7739791666666667,0.8200513888888887,,0.8090180555555555,3
BAAI/bge-base-en-v1.5,768,7,7,0.7571680555555556,0.8234319444444445,,0.8123097222222222,5
BAAI/bge-base-en-v1.5,768,7,8,0.7823916666666666,0.8076388888888888,,0.815425,2
BAAI/bge-base-en-v1.5,768,7,9,0.7019958333333334,0.7712791666666667,,0.7377374999999999,1
BAAI/bge-base-en-v1.5,768,7,10,0.7779416666666668,0.8308388888888888,,0.8276111111111111,1
BAAI/bge-base-en-v1.5,768,7,11,0.7801055555555556,0.8393277777777778,,0.8397277777777779,1
BAAI/bge-base-en-v1.5,768,7,12,0.7665263888888888,0.8284958333333332,,0.8282569444444445,1
BAAI/bge-base-en-v1.5,768,7,13,0.7805166666666666,0.8101833333333334,,0.8094083333333333,1
BAAI/bge-base-en-v1.5,768,7,14,0.7475972222222224,0.8121416666666668,,0.7846833333333334,3
BAAI/bge-base-en-v1.5,768,7,15,0.7473805555555556,0.8290416666666667,,0.8353055555555555,2
BAAI/bge-base-en-v1.5,768,7,16,0.7907055555555556,0.8220347222222223,,0.8173958333333333,1
BAAI/bge-base-en-v1.5,768,7,17,0.6460902777777778,0.7530486111111111,,0.6423208333333333,2
BAAI/bge-base-en-v1.5,768,7,18,0.7673027777777778,0.8032083333333334,,0.8217694444444444,3
BAAI/bge-base-en-v1.5,768,7,19,0.6809069444444443,0.8034791666666666,,0.7921374999999999,3
BAAI/bge-base-en-v1.5,768,7,20,0.7814875,0.8189847222222222,,0.8198569444444446,5
BAAI/bge-base-en-v1.5,768,7,21,0.7432472222222223,0.8199000000000001,,0.8079694444444444,2
BAAI/bge-base-en-v1.5,768,7,22,0.7354625000000001,0.8199597222222222,,0.8093486111111111,1
BAAI/bge-base-en-v1.5,768,7,23,0.7677402777777778,0.8222291666666666,,0.8082875,2
BAAI/bge-base-en-v1.5,768,7,24,0.7760305555555556,0.8287055555555556,,0.8171555555555556,3
BAAI/bge-base-en-v1.5,768,7,25,0.7374402777777778,0.7707430555555556,,0.6420930555555555,3
BAAI/bge-base-en-v1.5,768,7,26,0.7668444444444444,0.7884916666666666,,0.7378194444444445,5
BAAI/bge-base-en-v1.5,768,7,27,0.7673805555555555,0.8268138888888888,,0.8222777777777778,5
BAAI/bge-base-en-v1.5,768,7,28,0.791851388888889,0.8275291666666666,,0.8211291666666666,2
BAAI/bge-base-en-v1.5,768,7,29,0.7624388888888889,0.8017861111111111,,0.8034916666666668,2
BAAI/bge-base-en-v1.5,768,7,30,0.7598333333333334,0.8139500000000001,,0.8077111111111113,1
BAAI/bge-base-en-v1.5,768,7,31,0.7735263888888888,0.8258152777777779,,0.8214819444444444,3
BAAI/bge-base-en-v1.5,768,7,32,0.7855291666666667,0.8406402777777778,,0.8376513888888889,2
BAAI/bge-base-en-v1.5,768,7,33,0.7829083333333333,0.8174055555555555,,0.813436111111111,5
BAAI/bge-base-en-v1.5,768,7,34,0.7711361111111111,0.8198250000000002,,0.8281555555555556,3
BAAI/bge-base-en-v1.5,768,7,35,0.7810430555555556,0.8315125000000001,,0.8391986111111113,2
BAAI/bge-base-en-v1.5,768,7,36,0.7546194444444445,0.8102250000000001,,0.7979194444444444,5
BAAI/bge-base-en-v1.5,768,7,37,0.7161888888888888,0.7711555555555555,,0.7789555555555556,1
BAAI/bge-base-en-v1.5,768,7,38,0.7408666666666667,0.798825,,0.7836777777777777,5
BAAI/bge-base-en-v1.5,768,7,39,0.7921888888888889,0.8357638888888889,,0.8099555555555555,3
BAAI/bge-base-en-v1.5,768,7,40,0.7372375,0.7964736111111111,,0.8009569444444444,5
BAAI/bge-base-en-v1.5,768,7,41,0.7676986111111112,0.8264513888888888,,0.8347680555555557,1
BAAI/bge-base-en-v1.5,768,7,42,0.7429458333333333,0.8010180555555556,,0.8007402777777778,1
BAAI/bge-base-en-v1.5,768,7,43,0.7703930555555556,0.8039902777777778,,0.7621708333333332,3
BAAI/bge-base-en-v1.5,768,7,44,0.8021083333333334,0.8294722222222222,,0.8176444444444444,1
BAAI/bge-base-en-v1.5,768,7,45,0.7751472222222222,0.794325,,0.7721944444444446,3
BAAI/bge-base-en-v1.5,768,7,46,0.7617638888888889,0.7474805555555556,,0.6154611111111111,3
BAAI/bge-base-en-v1.5,768,7,47,0.7567902777777777,0.8048986111111112,,0.7785152777777778,1
BAAI/bge-base-en-v1.5,768,7,48,0.729438888888889,0.7334277777777778,,0.6820416666666667,1
BAAI/bge-base-en-v1.5,768,7,49,0.7488833333333333,0.8060277777777778,,0.8010472222222222,1
BAAI/bge-base-en-v1.5,768,7,50,0.7612805555555555,0.8131499999999999,,0.7954527777777778,1
BAAI/bge-base-en-v1.5,768,7,51,0.7736763888888889,0.8099958333333332,,0.811301388888889,1
BAAI/bge-base-en-v1.5,768,7,52,0.7615472222222222,0.7764666666666666,,0.753236111111111,3
BAAI/bge-base-en-v1.5,768,7,53,0.7464638888888888,0.7791861111111112,,0.7700805555555554,1
BAAI/bge-base-en-v1.5,768,7,54,0.7451833333333333,0.7971861111111112,,0.7930333333333334,2
BAAI/bge-base-en-v1.5,768,7,55,0.7584388888888889,0.8003527777777779,,0.8048444444444445,5
BAAI/bge-base-en-v1.5,768,7,56,0.7288930555555555,0.7770958333333333,,0.7454347222222223,3
BAAI/bge-base-en-v1.5,768,7,57,0.7355791666666667,0.8064958333333333,,0.8115875000000001,1
BAAI/bge-base-en-v1.5,768,7,58,0.7791069444444444,0.8270291666666668,,0.8296930555555555,2
BAAI/bge-base-en-v1.5,768,7,59,0.7669611111111111,0.820475,,0.8408500000000001,1
BAAI/bge-base-en-v1.5,768,7,60,0.7551861111111111,0.7894694444444444,,0.7671777777777777,1
BAAI/bge-base-en-v1.5,768,7,61,0.7484111111111111,0.8190694444444445,,0.824572222222222,1
BAAI/bge-base-en-v1.5,768,7,62,0.7448972222222222,0.7994583333333334,,0.7899055555555555,1
BAAI/bge-base-en-v1.5,768,7,63,0.7311916666666666,0.7681972222222222,,0.7529055555555555,2
BAAI/bge-base-en-v1.5,768,7,64,0.7742930555555556,0.8289208333333333,,0.8507763888888891,5
BAAI/bge-base-en-v1.5,768,7,65,0.7369416666666666,0.8216749999999999,,0.8291277777777778,5
BAAI/bge-base-en-v1.5,768,7,66,0.7575597222222223,0.8100791666666666,,0.7852541666666666,2
BAAI/bge-base-en-v1.5,768,7,67,0.75795,0.788825,,0.7658833333333334,2
BAAI/bge-base-en-v1.5,768,7,68,0.7542097222222222,0.8146597222222223,,0.8264874999999999,5
BAAI/bge-base-en-v1.5,768,7,69,0.770601388888889,0.8192236111111111,,0.7849347222222223,3
BAAI/bge-base-en-v1.5,768,7,70,0.7885069444444445,0.838448611111111,,0.8457041666666667,1
BAAI/bge-base-en-v1.5,768,7,71,0.7195638888888889,0.7999972222222222,,0.8016694444444445,2
BAAI/bge-base-en-v1.5,768,7,72,0.7860638888888889,0.8328861111111111,,0.82135,2
BAAI/bge-base-en-v1.5,768,7,73,0.7657611111111111,0.7850777777777778,,0.7862027777777778,1
BAAI/bge-base-en-v1.5,768,7,74,0.7473194444444444,0.8321750000000001,,0.8320694444444445,1
BAAI/bge-base-en-v1.5,768,7,75,0.7357569444444446,0.7841847222222222,,0.7915958333333335,1
BAAI/bge-base-en-v1.5,768,7,76,0.7592347222222222,0.8102763888888889,,0.7926013888888888,5
BAAI/bge-base-en-v1.5,768,7,77,0.7833875,0.8556541666666666,,0.8326791666666666,5
BAAI/bge-base-en-v1.5,768,7,78,0.8094069444444445,0.8374208333333333,,0.8440763888888889,3
BAAI/bge-base-en-v1.5,768,7,79,0.7696986111111113,0.8168152777777777,,0.8008208333333333,2
BAAI/bge-base-en-v1.5,768,7,80,0.7476819444444445,0.776751388888889,,0.7146291666666668,3
BAAI/bge-base-en-v1.5,768,7,81,0.7152944444444443,0.7918222222222222,,0.7631083333333334,2
BAAI/bge-base-en-v1.5,768,7,82,0.7982152777777778,0.8342041666666667,,0.8088791666666666,5
BAAI/bge-base-en-v1.5,768,7,83,0.8030361111111111,0.8460555555555554,,0.8226361111111111,1
BAAI/bge-base-en-v1.5,768,7,84,0.7710180555555556,0.8389624999999999,,0.8406541666666666,2
BAAI/bge-base-en-v1.5,768,7,85,0.7463527777777779,0.8101638888888888,,0.8146888888888889,3
BAAI/bge-base-en-v1.5,768,7,86,0.7660694444444444,0.8490055555555555,,0.8361305555555555,1
BAAI/bge-base-en-v1.5,768,7,87,0.6858027777777779,0.7607138888888888,,0.7490611111111112,1
BAAI/bge-base-en-v1.5,768,7,88,0.7866902777777778,0.8526902777777776,,0.8507625,1
BAAI/bge-base-en-v1.5,768,7,89,0.7443916666666667,0.8274180555555556,,0.8280236111111112,1
BAAI/bge-base-en-v1.5,768,7,90,0.7589166666666667,0.812013888888889,,0.8227888888888888,5
BAAI/bge-base-en-v1.5,768,7,91,0.7446499999999999,0.7843097222222223,,0.7670069444444443,3
BAAI/bge-base-en-v1.5,768,7,92,0.8080180555555556,0.8553291666666667,,0.8421736111111111,1
BAAI/bge-base-en-v1.5,768,7,93,0.7014930555555555,0.7733986111111113,,0.7930180555555557,2
BAAI/bge-base-en-v1.5,768,7,94,0.7845583333333334,0.807175,,0.7935444444444445,5
BAAI/bge-base-en-v1.5,768,7,95,0.7649263888888889,0.8083708333333334,,0.8076569444444445,2
BAAI/bge-base-en-v1.5,768,7,96,0.8074930555555555,0.8491708333333332,,0.8555291666666667,2
BAAI/bge-base-en-v1.5,768,7,97,0.7426416666666666,0.7910305555555555,,0.7902055555555556,2
BAAI/bge-base-en-v1.5,768,7,98,0.7786777777777778,0.8483388888888889,,0.8383777777777778,1
BAAI/bge-base-en-v1.5,768,7,99,0.7850236111111111,0.8383305555555556,,0.8344777777777778,1
BAAI/bge-base-en-v1.5,768,10,0,0.7482958333333333,0.8180763888888889,0.8192597222222222,0.8251180555555556,1
BAAI/bge-base-en-v1.5,768,10,1,0.7586875000000001,0.8192791666666667,0.8160430555555556,0.8269708333333333,2
BAAI/bge-base-en-v1.5,768,10,2,0.7688736111111111,0.8370541666666667,0.8326291666666668,0.8277375,2
BAAI/bge-base-en-v1.5,768,10,3,0.7675125,0.8216180555555554,0.821576388888889,0.8314097222222221,2
BAAI/bge-base-en-v1.5,768,10,4,0.7936708333333334,0.8311152777777778,0.8144597222222222,0.827376388888889,10
BAAI/bge-base-en-v1.5,768,10,5,0.7885777777777778,0.8327,0.810225,0.8283333333333333,1
BAAI/bge-base-en-v1.5,768,10,6,0.7819375000000001,0.8217402777777777,0.8141430555555556,0.8197819444444444,5
BAAI/bge-base-en-v1.5,768,10,7,0.7738236111111111,0.8331458333333333,0.8392263888888889,0.8310680555555555,3
BAAI/bge-base-en-v1.5,768,10,8,0.7899277777777778,0.829688888888889,0.8186555555555556,0.8311638888888889,1
BAAI/bge-base-en-v1.5,768,10,9,0.7037541666666667,0.8019847222222223,0.7922208333333333,0.7835541666666667,1
BAAI/bge-base-en-v1.5,768,10,10,0.7846333333333333,0.8429444444444444,0.8411472222222222,0.8381166666666666,1
BAAI/bge-base-en-v1.5,768,10,11,0.7796416666666668,0.8343499999999999,0.8357333333333332,0.8413361111111111,1
BAAI/bge-base-en-v1.5,768,10,12,0.7664763888888889,0.8321152777777778,0.8288930555555556,0.8314819444444445,3
BAAI/bge-base-en-v1.5,768,10,13,0.7683888888888889,0.8139305555555556,0.8145527777777779,0.8279416666666666,5
BAAI/bge-base-en-v1.5,768,10,14,0.7545138888888889,0.8312249999999999,0.8402611111111111,0.8373277777777778,1
BAAI/bge-base-en-v1.5,768,10,15,0.7468638888888889,0.8372194444444445,0.838886111111111,0.8398277777777778,2
BAAI/bge-base-en-v1.5,768,10,16,0.7855319444444444,0.8280347222222223,0.8154069444444444,0.8245736111111113,1
BAAI/bge-base-en-v1.5,768,10,17,0.7039458333333334,0.8070041666666667,0.7413541666666665,0.7354430555555556,2
BAAI/bge-base-en-v1.5,768,10,18,0.7808444444444445,0.8262333333333334,0.8257472222222223,0.8357583333333334,3
BAAI/bge-base-en-v1.5,768,10,19,0.7171875,0.8322263888888889,0.8256569444444444,0.8288597222222223,1
BAAI/bge-base-en-v1.5,768,10,20,0.7773625,0.8414152777777778,0.8256069444444445,0.8263041666666666,1
BAAI/bge-base-en-v1.5,768,10,21,0.7560055555555556,0.8346833333333333,0.8225638888888888,0.8324666666666666,1
BAAI/bge-base-en-v1.5,768,10,22,0.7384583333333333,0.8023180555555556,0.7512263888888889,0.7809041666666666,1
BAAI/bge-base-en-v1.5,768,10,23,0.760548611111111,0.8245375,0.8128013888888889,0.8099847222222222,3
BAAI/bge-base-en-v1.5,768,10,24,0.7872694444444444,0.834238888888889,0.8322944444444444,0.8278777777777778,2
BAAI/bge-base-en-v1.5,768,10,25,0.7589402777777778,0.8283319444444445,0.7676180555555555,0.8081180555555556,1
BAAI/bge-base-en-v1.5,768,10,26,0.7519805555555555,0.798211111111111,0.7987222222222222,0.7925694444444443,1
BAAI/bge-base-en-v1.5,768,10,27,0.7600722222222223,0.8155277777777779,0.7766583333333332,0.8216305555555556,1
BAAI/bge-base-en-v1.5,768,10,28,0.7877958333333333,0.8241569444444444,0.8009652777777778,0.8248708333333333,2
BAAI/bge-base-en-v1.5,768,10,29,0.7645416666666667,0.8089055555555554,0.7934277777777778,0.8167194444444446,2
BAAI/bge-base-en-v1.5,768,10,30,0.7530944444444445,0.8090777777777778,0.7570805555555556,0.8110138888888888,1
BAAI/bge-base-en-v1.5,768,10,31,0.7720847222222222,0.8330180555555555,0.8145430555555556,0.8323930555555555,3
BAAI/bge-base-en-v1.5,768,10,32,0.7955222222222222,0.839948611111111,0.8317069444444445,0.8491736111111112,2
BAAI/bge-base-en-v1.5,768,10,33,0.7856694444444444,0.8392083333333333,0.8109250000000001,0.8310388888888889,2
BAAI/bge-base-en-v1.5,768,10,34,0.7790250000000001,0.8276916666666665,0.8299916666666667,0.832125,2
BAAI/bge-base-en-v1.5,768,10,35,0.7837236111111112,0.8385180555555556,0.8273819444444445,0.8494930555555555,2
BAAI/bge-base-en-v1.5,768,10,36,0.7558194444444446,0.8252527777777778,0.8219972222222224,0.8119027777777778,2
BAAI/bge-base-en-v1.5,768,10,37,0.7556805555555556,0.8208722222222222,0.7926055555555556,0.8166388888888889,1
BAAI/bge-base-en-v1.5,768,10,38,0.7461583333333334,0.8019499999999999,0.7813027777777777,0.8138999999999998,10
BAAI/bge-base-en-v1.5,768,10,39,0.8034833333333333,0.8330638888888888,0.8224833333333332,0.8434055555555555,2
BAAI/bge-base-en-v1.5,768,10,40,0.7396680555555555,0.8000319444444444,0.7982847222222222,0.8019874999999999,5
BAAI/bge-base-en-v1.5,768,10,41,0.7604652777777778,0.8257625000000001,0.7988458333333333,0.8377125000000001,1
BAAI/bge-base-en-v1.5,768,10,42,0.7543597222222221,0.8172986111111111,0.8079458333333333,0.8156291666666666,1
BAAI/bge-base-en-v1.5,768,10,43,0.785088888888889,0.8282402777777778,0.7785097222222221,0.8172513888888888,2
BAAI/bge-base-en-v1.5,768,10,44,0.7816611111111111,0.8226555555555557,0.8194027777777778,0.832786111111111,1
BAAI/bge-base-en-v1.5,768,10,45,0.7887208333333334,0.8225972222222222,0.7953250000000001,0.81755,1
BAAI/bge-base-en-v1.5,768,10,46,0.7787694444444444,0.8250666666666667,0.7663944444444444,0.8032833333333333,1
BAAI/bge-base-en-v1.5,768,10,47,0.7772708333333332,0.8277819444444445,0.8166652777777779,0.7989875,1
BAAI/bge-base-en-v1.5,768,10,48,0.7435999999999999,0.7681111111111112,0.7393305555555556,0.761775,1
BAAI/bge-base-en-v1.5,768,10,49,0.7525583333333332,0.7876083333333334,0.8087666666666666,0.8033583333333334,10
BAAI/bge-base-en-v1.5,768,10,50,0.7420166666666667,0.8110444444444445,0.7936500000000001,0.7877277777777778,1
BAAI/bge-base-en-v1.5,768,10,51,0.777576388888889,0.8190180555555556,0.8208569444444443,0.8121375,1
BAAI/bge-base-en-v1.5,768,10,52,0.752838888888889,0.7881083333333333,0.7417472222222221,0.7758972222222222,5
BAAI/bge-base-en-v1.5,768,10,53,0.7684833333333333,0.8205138888888889,0.8122055555555556,0.8020916666666665,1
BAAI/bge-base-en-v1.5,768,10,54,0.7453708333333332,0.8036722222222221,0.8131666666666666,0.7929194444444444,3
BAAI/bge-base-en-v1.5,768,10,55,0.7623944444444445,0.8203277777777778,0.8103416666666666,0.8274333333333335,5
BAAI/bge-base-en-v1.5,768,10,56,0.7358847222222222,0.7776152777777778,0.7845486111111112,0.7876180555555555,1
BAAI/bge-base-en-v1.5,768,10,57,0.7398458333333334,0.8064625,0.8182208333333333,0.8240597222222222,1
BAAI/bge-base-en-v1.5,768,10,58,0.780373611111111,0.8302875,0.8272486111111111,0.8349180555555556,2
BAAI/bge-base-en-v1.5,768,10,59,0.7681166666666666,0.8375166666666668,0.8324916666666666,0.8538555555555556,1
BAAI/bge-base-en-v1.5,768,10,60,0.7560027777777779,0.7805972222222223,0.7630277777777777,0.7713277777777777,1
BAAI/bge-base-en-v1.5,768,10,61,0.7493388888888889,0.8361583333333334,0.8423027777777778,0.8404666666666667,1
BAAI/bge-base-en-v1.5,768,10,62,0.7561944444444445,0.8218277777777778,0.8162027777777777,0.8246555555555555,1
BAAI/bge-base-en-v1.5,768,10,63,0.751886111111111,0.8038944444444445,0.8274277777777778,0.8130583333333333,10
BAAI/bge-base-en-v1.5,768,10,64,0.768226388888889,0.8370652777777778,0.8500597222222223,0.8511208333333332,10
BAAI/bge-base-en-v1.5,768,10,65,0.7456194444444445,0.8174833333333333,0.8085138888888889,0.8175666666666668,10
BAAI/bge-base-en-v1.5,768,10,66,0.7759541666666666,0.8214180555555556,0.8378013888888889,0.8308736111111111,1
BAAI/bge-base-en-v1.5,768,10,67,0.7475722222222221,0.8061222222222222,0.7822222222222223,0.7929,2
BAAI/bge-base-en-v1.5,768,10,68,0.7572958333333333,0.8251208333333334,0.8128875,0.8356013888888889,1
BAAI/bge-base-en-v1.5,768,10,69,0.7710347222222222,0.8366513888888889,0.7903263888888888,0.8229402777777779,3
BAAI/bge-base-en-v1.5,768,10,70,0.7846236111111111,0.8425930555555555,0.8316291666666666,0.8481652777777777,1
BAAI/bge-base-en-v1.5,768,10,71,0.7214583333333333,0.8108805555555555,0.8229277777777778,0.8232777777777777,1
BAAI/bge-base-en-v1.5,768,10,72,0.7717638888888887,0.8264194444444443,0.8115527777777779,0.831336111111111,2
BAAI/bge-base-en-v1.5,768,10,73,0.7801027777777778,0.8108027777777779,0.7696694444444445,0.8084555555555556,3
BAAI/bge-base-en-v1.5,768,10,74,0.7548888888888889,0.8299055555555556,0.8266611111111111,0.8477194444444444,1
BAAI/bge-base-en-v1.5,768,10,75,0.7629708333333333,0.8307652777777779,0.8286652777777779,0.8395458333333333,1
BAAI/bge-base-en-v1.5,768,10,76,0.74445,0.8056541666666667,0.8206513888888889,0.7866597222222222,10
BAAI/bge-base-en-v1.5,768,10,77,0.7866152777777777,0.8547347222222221,0.8252236111111111,0.8262569444444444,10
BAAI/bge-base-en-v1.5,768,10,78,0.8047097222222221,0.8477986111111111,0.8411236111111112,0.8513569444444444,1
BAAI/bge-base-en-v1.5,768,10,79,0.7865097222222223,0.8339513888888888,0.8159597222222222,0.8125763888888888,1
BAAI/bge-base-en-v1.5,768,10,80,0.7648124999999999,0.801648611111111,0.7937291666666667,0.7629902777777777,2
BAAI/bge-base-en-v1.5,768,10,81,0.7388777777777777,0.822513888888889,0.8184722222222223,0.8161583333333333,1
BAAI/bge-base-en-v1.5,768,10,82,0.7843319444444443,0.8362069444444444,0.8318402777777778,0.8248652777777777,2
BAAI/bge-base-en-v1.5,768,10,83,0.7893611111111111,0.8375527777777778,0.8158694444444444,0.8325027777777777,1
BAAI/bge-base-en-v1.5,768,10,84,0.7839958333333334,0.8406680555555555,0.8314708333333332,0.8511375000000001,2
BAAI/bge-base-en-v1.5,768,10,85,0.740575,0.8164083333333332,0.8266777777777778,0.8323250000000001,1
BAAI/bge-base-en-v1.5,768,10,86,0.7769777777777777,0.8419777777777777,0.8404916666666667,0.8317361111111111,1
BAAI/bge-base-en-v1.5,768,10,87,0.7253888888888889,0.8090222222222222,0.8000777777777778,0.8238111111111112,1
BAAI/bge-base-en-v1.5,768,10,88,0.7985458333333333,0.8587458333333333,0.8557513888888889,0.8588430555555555,10
BAAI/bge-base-en-v1.5,768,10,89,0.7453291666666666,0.8126541666666666,0.818773611111111,0.8277763888888888,1
BAAI/bge-base-en-v1.5,768,10,90,0.7495555555555555,0.8018222222222221,0.8107,0.8076833333333333,2
BAAI/bge-base-en-v1.5,768,10,91,0.7488041666666667,0.7855152777777779,0.7363041666666665,0.7738152777777778,10
BAAI/bge-base-en-v1.5,768,10,92,0.8211625,0.8543763888888888,0.8371847222222223,0.8514263888888889,1
BAAI/bge-base-en-v1.5,768,10,93,0.7249555555555555,0.8164819444444444,0.8043236111111111,0.8291541666666666,1
BAAI/bge-base-en-v1.5,768,10,94,0.7830166666666667,0.8157333333333332,0.8104333333333333,0.8224027777777778,5
BAAI/bge-base-en-v1.5,768,10,95,0.765725,0.8230708333333333,0.8149569444444444,0.8411152777777776,3
BAAI/bge-base-en-v1.5,768,10,96,0.7866152777777777,0.8502708333333333,0.8601902777777778,0.8637319444444445,2
BAAI/bge-base-en-v1.5,768,10,97,0.7736305555555557,0.8167555555555557,0.8092638888888889,0.8205694444444445,2
BAAI/bge-base-en-v1.5,768,10,98,0.7674666666666667,0.8445527777777778,0.8065694444444444,0.8340750000000001,1
BAAI/bge-base-en-v1.5,768,10,99,0.7817583333333333,0.8396916666666666,0.8333666666666666,0.8502194444444444,1
BAAI/bge-base-en-v1.5,768,15,0,0.7451013888888889,0.806376388888889,0.8142236111111112,0.8361680555555555,1
BAAI/bge-base-en-v1.5,768,15,1,0.7685652777777777,0.8233652777777777,0.8221402777777778,0.8373069444444445,5
BAAI/bge-base-en-v1.5,768,15,2,0.7604625,0.8279680555555555,0.8042458333333333,0.8221624999999999,1
BAAI/bge-base-en-v1.5,768,15,3,0.7679930555555556,0.8239180555555556,0.8192041666666667,0.834001388888889,3
BAAI/bge-base-en-v1.5,768,15,4,0.7931541666666667,0.8260986111111112,0.8178208333333333,0.840773611111111,10
BAAI/bge-base-en-v1.5,768,15,5,0.7918472222222221,0.8179416666666666,0.8159555555555555,0.8436111111111111,5
BAAI/bge-base-en-v1.5,768,15,6,0.7785791666666666,0.8127125000000001,0.8016847222222223,0.815951388888889,2
BAAI/bge-base-en-v1.5,768,15,7,0.759126388888889,0.8335458333333333,0.8430041666666667,0.8408875,3
BAAI/bge-base-en-v1.5,768,15,8,0.7961083333333333,0.8037472222222223,0.7968777777777778,0.8184388888888888,10
BAAI/bge-base-en-v1.5,768,15,9,0.7276097222222223,0.8118458333333333,0.7305291666666667,0.8069513888888888,1
BAAI/bge-base-en-v1.5,768,15,10,0.7824791666666666,0.8458861111111112,0.8531666666666667,0.853286111111111,2
BAAI/bge-base-en-v1.5,768,15,11,0.787236111111111,0.8441138888888888,0.8479305555555555,0.857661111111111,3
BAAI/bge-base-en-v1.5,768,15,12,0.7720430555555555,0.8427736111111112,0.8127013888888887,0.835498611111111,3
BAAI/bge-base-en-v1.5,768,15,13,0.7598722222222222,0.8136944444444444,0.8090666666666667,0.8341972222222223,1
BAAI/bge-base-en-v1.5,768,15,14,0.7468694444444444,0.8265888888888888,0.7898222222222222,0.8211222222222222,1
BAAI/bge-base-en-v1.5,768,15,15,0.7602416666666667,0.8427305555555554,0.845061111111111,0.8528277777777777,1
BAAI/bge-base-en-v1.5,768,15,16,0.7846208333333334,0.8266874999999999,0.8050930555555555,0.8259958333333333,1
BAAI/bge-base-en-v1.5,768,15,17,0.7232958333333334,0.8116069444444445,0.7929652777777778,0.7963347222222221,1
BAAI/bge-base-en-v1.5,768,15,18,0.7762749999999999,0.798563888888889,0.803811111111111,0.8237194444444444,5
BAAI/bge-base-en-v1.5,768,15,19,0.7281291666666667,0.8305208333333334,0.8326041666666667,0.8454208333333333,5
BAAI/bge-base-en-v1.5,768,15,20,0.7717263888888889,0.8335069444444444,0.8062652777777777,0.8223625,1
BAAI/bge-base-en-v1.5,768,15,21,0.7817833333333335,0.8489638888888889,0.8355472222222222,0.8523999999999999,1
BAAI/bge-base-en-v1.5,768,15,22,0.7557402777777777,0.8237680555555555,0.8006402777777778,0.8406069444444444,1
BAAI/bge-base-en-v1.5,768,15,23,0.7507972222222223,0.8180902777777777,0.7756541666666668,0.7836319444444444,1
BAAI/bge-base-en-v1.5,768,15,24,0.7850583333333333,0.8350166666666667,0.819261111111111,0.8363888888888888,2
BAAI/bge-base-en-v1.5,768,15,25,0.7774152777777777,0.8171902777777778,0.7845763888888888,0.8069958333333334,1
BAAI/bge-base-en-v1.5,768,15,26,0.7285305555555555,0.8052333333333332,0.7850388888888888,0.7902138888888889,1
BAAI/bge-base-en-v1.5,768,15,27,0.7690236111111112,0.8277277777777777,0.781425,0.8147388888888889,3
BAAI/bge-base-en-v1.5,768,15,28,0.7927958333333334,0.8220736111111111,0.8048819444444444,0.8420902777777779,10
BAAI/bge-base-en-v1.5,768,15,29,0.7649277777777779,0.8188888888888889,0.7857277777777778,0.8192083333333334,2
BAAI/bge-base-en-v1.5,768,15,30,0.7662055555555556,0.8314555555555556,0.8270527777777779,0.841936111111111,1
BAAI/bge-base-en-v1.5,768,15,31,0.7696652777777777,0.8270430555555556,0.8029819444444445,0.8369708333333333,5
BAAI/bge-base-en-v1.5,768,15,32,0.7907291666666666,0.8359986111111111,0.827176388888889,0.8508180555555556,1
BAAI/bge-base-en-v1.5,768,15,33,0.7709111111111112,0.8187000000000001,0.8381083333333333,0.844375,1
BAAI/bge-base-en-v1.5,768,15,34,0.769925,0.8314722222222222,0.8343638888888888,0.8339750000000001,2
BAAI/bge-base-en-v1.5,768,15,35,0.7835888888888889,0.8376263888888889,0.8327597222222223,0.8496597222222221,2
BAAI/bge-base-en-v1.5,768,15,36,0.7685972222222222,0.8321055555555555,0.8322944444444447,0.8372055555555555,2
BAAI/bge-base-en-v1.5,768,15,37,0.7634833333333334,0.8277027777777779,0.8057138888888888,0.8317111111111112,2
BAAI/bge-base-en-v1.5,768,15,38,0.7413513888888889,0.808638888888889,0.7907111111111111,0.830961111111111,3
BAAI/bge-base-en-v1.5,768,15,39,0.8109749999999999,0.8413416666666668,0.8312444444444445,0.8452666666666666,1
BAAI/bge-base-en-v1.5,768,15,40,0.7525402777777778,0.8104402777777777,0.8139680555555556,0.8253124999999999,3
BAAI/bge-base-en-v1.5,768,15,41,0.7638208333333334,0.8299541666666668,0.8234569444444444,0.848298611111111,1
BAAI/bge-base-en-v1.5,768,15,42,0.7555402777777778,0.8303541666666667,0.8284819444444445,0.8362930555555557,5
BAAI/bge-base-en-v1.5,768,15,43,0.7825375,0.7940958333333333,0.7604180555555556,0.8138902777777779,5
BAAI/bge-base-en-v1.5,768,15,44,0.7770722222222222,0.8286472222222222,0.8494555555555554,0.8473999999999999,3
BAAI/bge-base-en-v1.5,768,15,45,0.7860222222222222,0.8320444444444445,0.8021944444444444,0.8416472222222223,1
BAAI/bge-base-en-v1.5,768,15,46,0.7811333333333332,0.848075,0.8164722222222223,0.84835,1
BAAI/bge-base-en-v1.5,768,15,47,0.7885847222222222,0.8358347222222223,0.8289708333333334,0.8046041666666666,1
BAAI/bge-base-en-v1.5,768,15,48,0.7367916666666667,0.7727166666666667,0.7500416666666668,0.8066638888888887,1
BAAI/bge-base-en-v1.5,768,15,49,0.7324638888888889,0.7881916666666667,0.7759694444444445,0.7929999999999999,3
BAAI/bge-base-en-v1.5,768,15,50,0.7470055555555556,0.8100361111111112,0.78535,0.7933305555555555,1
BAAI/bge-base-en-v1.5,768,15,51,0.7868430555555557,0.829898611111111,0.8319402777777778,0.8441347222222221,1
BAAI/bge-base-en-v1.5,768,15,52,0.7513083333333334,0.8021999999999999,0.7690444444444444,0.8308027777777778,5
BAAI/bge-base-en-v1.5,768,15,53,0.773263888888889,0.8299138888888888,0.8260361111111112,0.8169416666666667,1
BAAI/bge-base-en-v1.5,768,15,54,0.7583027777777778,0.8256833333333333,0.8290083333333333,0.8364388888888888,3
BAAI/bge-base-en-v1.5,768,15,55,0.7459166666666666,0.8120805555555556,0.7510249999999999,0.8133527777777778,3
BAAI/bge-base-en-v1.5,768,15,56,0.7661458333333333,0.8326708333333332,0.8269097222222223,0.8412597222222221,10
BAAI/bge-base-en-v1.5,768,15,57,0.7526847222222223,0.8210875,0.8370208333333333,0.8450652777777777,1
BAAI/bge-base-en-v1.5,768,15,58,0.7569569444444445,0.8233791666666668,0.8091013888888889,0.8363180555555555,2
BAAI/bge-base-en-v1.5,768,15,59,0.772488888888889,0.8348555555555554,0.8295500000000001,0.8551472222222224,1
BAAI/bge-base-en-v1.5,768,15,60,0.7440638888888889,0.7710472222222222,0.7549888888888889,0.8032611111111111,1
BAAI/bge-base-en-v1.5,768,15,61,0.7519222222222222,0.8324555555555554,0.8490861111111111,0.8529249999999999,1
BAAI/bge-base-en-v1.5,768,15,62,0.7721194444444444,0.8288111111111112,0.8520472222222224,0.8542277777777778,2
BAAI/bge-base-en-v1.5,768,15,63,0.7564249999999999,0.8254583333333334,0.8148166666666667,0.8300416666666667,5
BAAI/bge-base-en-v1.5,768,15,64,0.7713319444444444,0.8428541666666668,0.8765319444444445,0.8602680555555554,10
BAAI/bge-base-en-v1.5,768,15,65,0.7546361111111111,0.8116138888888889,0.7971333333333332,0.8155222222222223,10
BAAI/bge-base-en-v1.5,768,15,66,0.7723986111111111,0.8252541666666667,0.8379430555555555,0.8439152777777778,10
BAAI/bge-base-en-v1.5,768,15,67,0.7481027777777778,0.8132805555555556,0.8064277777777777,0.814975,3
BAAI/bge-base-en-v1.5,768,15,68,0.7736458333333333,0.8289041666666667,0.8146097222222222,0.8344763888888889,1
BAAI/bge-base-en-v1.5,768,15,69,0.7811680555555557,0.8543291666666666,0.8199319444444445,0.8467041666666666,10
BAAI/bge-base-en-v1.5,768,15,70,0.7616930555555557,0.8370986111111112,0.8232708333333333,0.8416180555555556,1
BAAI/bge-base-en-v1.5,768,15,71,0.7422083333333334,0.8157777777777778,0.8322277777777778,0.8273055555555555,1
BAAI/bge-base-en-v1.5,768,15,72,0.7604972222222224,0.8224972222222222,0.8245499999999999,0.8340361111111112,3
BAAI/bge-base-en-v1.5,768,15,73,0.7695666666666666,0.8197277777777778,0.7976222222222222,0.8258833333333333,2
BAAI/bge-base-en-v1.5,768,15,74,0.7952083333333334,0.8426527777777778,0.8397805555555555,0.8577638888888888,2
BAAI/bge-base-en-v1.5,768,15,75,0.7558680555555556,0.8251430555555556,0.8103791666666668,0.8404569444444444,1
BAAI/bge-base-en-v1.5,768,15,76,0.7527402777777779,0.8067736111111112,0.7962402777777778,0.8049652777777777,2
BAAI/bge-base-en-v1.5,768,15,77,0.7673236111111111,0.8373291666666666,0.830598611111111,0.843101388888889,1
BAAI/bge-base-en-v1.5,768,15,78,0.7870069444444445,0.8437180555555556,0.8373930555555555,0.8512902777777779,1
BAAI/bge-base-en-v1.5,768,15,79,0.7898625000000001,0.8417625,0.8152569444444444,0.8331875,1
BAAI/bge-base-en-v1.5,768,15,80,0.7564805555555555,0.8086930555555556,0.8070958333333333,0.8009430555555556,2
BAAI/bge-base-en-v1.5,768,15,81,0.7677388888888889,0.811188888888889,0.8266472222222223,0.8430722222222222,5
BAAI/bge-base-en-v1.5,768,15,82,0.7809986111111111,0.8203847222222223,0.8316847222222222,0.8400930555555556,1
BAAI/bge-base-en-v1.5,768,15,83,0.788863888888889,0.8481166666666665,0.7636000000000001,0.8259777777777777,1
BAAI/bge-base-en-v1.5,768,15,84,0.7894375,0.8408986111111111,0.8365736111111111,0.8580236111111111,2
BAAI/bge-base-en-v1.5,768,15,85,0.7522638888888888,0.8196861111111111,0.8405222222222223,0.8480444444444445,3
BAAI/bge-base-en-v1.5,768,15,86,0.7771861111111111,0.8458944444444447,0.8531722222222222,0.8612166666666666,1
BAAI/bge-base-en-v1.5,768,15,87,0.7301444444444445,0.8001027777777777,0.7769777777777778,0.8022916666666667,1
BAAI/bge-base-en-v1.5,768,15,88,0.7833708333333333,0.8572513888888889,0.8537430555555556,0.8472958333333332,2
BAAI/bge-base-en-v1.5,768,15,89,0.7481458333333334,0.8160513888888888,0.8402180555555556,0.8447652777777778,1
BAAI/bge-base-en-v1.5,768,15,90,0.751686111111111,0.80575,0.8190305555555555,0.8213666666666667,2
BAAI/bge-base-en-v1.5,768,15,91,0.762323611111111,0.8344763888888889,0.8324319444444446,0.8462069444444444,2
BAAI/bge-base-en-v1.5,768,15,92,0.8144430555555557,0.8494041666666667,0.8332458333333334,0.8501541666666668,1
BAAI/bge-base-en-v1.5,768,15,93,0.7432694444444444,0.8291375000000001,0.8118263888888888,0.8380486111111112,1
BAAI/bge-base-en-v1.5,768,15,94,0.7805694444444444,0.8140694444444445,0.7957527777777779,0.8153694444444444,5
BAAI/bge-base-en-v1.5,768,15,95,0.7712708333333333,0.8229958333333334,0.815276388888889,0.8432847222222222,5
BAAI/bge-base-en-v1.5,768,15,96,0.7896486111111112,0.8424236111111111,0.8583736111111112,0.8587180555555555,2
BAAI/bge-base-en-v1.5,768,15,97,0.7693027777777779,0.8210805555555555,0.815825,0.8291666666666666,2
BAAI/bge-base-en-v1.5,768,15,98,0.7730694444444445,0.82815,0.8026555555555556,0.8406361111111111,1
BAAI/bge-base-en-v1.5,768,15,99,0.7589083333333333,0.8379777777777777,0.8235916666666667,0.8466638888888889,1
BAAI/bge-base-en-v1.5,768,20,0,0.7522847222222222,0.8230791666666667,0.8370263888888889,0.8490847222222221,1
BAAI/bge-base-en-v1.5,768,20,1,0.7600347222222221,0.8049319444444445,0.8083291666666667,0.8327097222222224,10
BAAI/bge-base-en-v1.5,768,20,2,0.7634597222222222,0.8246319444444445,0.8113902777777778,0.8342597222222222,1
BAAI/bge-base-en-v1.5,768,20,3,0.7637625000000001,0.8072097222222223,0.7976319444444445,0.8399430555555555,5
BAAI/bge-base-en-v1.5,768,20,4,0.7758569444444444,0.8215208333333333,0.8096291666666666,0.8432930555555554,5
BAAI/bge-base-en-v1.5,768,20,5,0.7790472222222221,0.8280305555555556,0.8163944444444444,0.8439527777777777,1
BAAI/bge-base-en-v1.5,768,20,6,0.7680236111111112,0.8165291666666666,0.8021347222222224,0.8177402777777778,1
BAAI/bge-base-en-v1.5,768,20,7,0.7600194444444445,0.8279152777777777,0.8397152777777779,0.8350402777777779,10
BAAI/bge-base-en-v1.5,768,20,8,0.7965000000000001,0.8155249999999999,0.8113083333333334,0.8424416666666666,20
BAAI/bge-base-en-v1.5,768,20,9,0.7428152777777779,0.7882347222222221,0.7816708333333333,0.8238986111111111,10
BAAI/bge-base-en-v1.5,768,20,10,0.7804444444444445,0.8413666666666667,0.851111111111111,0.8568888888888888,2
BAAI/bge-base-en-v1.5,768,20,11,0.7759638888888888,0.8202277777777777,0.8228722222222223,0.8550305555555555,1
BAAI/bge-base-en-v1.5,768,20,12,0.7751208333333334,0.8427569444444444,0.8157819444444444,0.8418708333333335,3
BAAI/bge-base-en-v1.5,768,20,13,0.7578513888888889,0.8149111111111111,0.807613888888889,0.8434444444444444,1
BAAI/bge-base-en-v1.5,768,20,14,0.759711111111111,0.8308722222222222,0.8270888888888888,0.8442944444444443,1
BAAI/bge-base-en-v1.5,768,20,15,0.7523416666666668,0.8406083333333334,0.8394638888888889,0.8521333333333333,1
BAAI/bge-base-en-v1.5,768,20,16,0.7843652777777778,0.8287013888888888,0.8240291666666666,0.8400180555555554,1
BAAI/bge-base-en-v1.5,768,20,17,0.7313736111111112,0.8207513888888889,0.7818486111111109,0.8084680555555556,1
BAAI/bge-base-en-v1.5,768,20,18,0.7855055555555557,0.8105388888888889,0.8102416666666666,0.8358749999999998,20
BAAI/bge-base-en-v1.5,768,20,19,0.7383791666666667,0.8288236111111111,0.8205069444444446,0.8405430555555555,1
BAAI/bge-base-en-v1.5,768,20,20,0.7599541666666667,0.8183180555555556,0.8005097222222222,0.8318180555555557,1
BAAI/bge-base-en-v1.5,768,20,21,0.7889472222222222,0.8454111111111109,0.8320416666666668,0.8523777777777778,1
BAAI/bge-base-en-v1.5,768,20,22,0.7643680555555556,0.8303013888888888,0.8393208333333334,0.8536958333333332,1
BAAI/bge-base-en-v1.5,768,20,23,0.7456069444444444,0.8019569444444444,0.766176388888889,0.7909597222222222,1
BAAI/bge-base-en-v1.5,768,20,24,0.7713236111111111,0.8283138888888889,0.817938888888889,0.8357111111111111,2
BAAI/bge-base-en-v1.5,768,20,25,0.7711736111111112,0.8128069444444446,0.8137513888888888,0.8431013888888889,1
BAAI/bge-base-en-v1.5,768,20,26,0.725488888888889,0.8096916666666666,0.7741083333333334,0.8068138888888888,2
BAAI/bge-base-en-v1.5,768,20,27,0.7628527777777778,0.816286111111111,0.8018138888888889,0.8354722222222223,1
BAAI/bge-base-en-v1.5,768,20,28,0.7878680555555555,0.8250652777777778,0.8162625,0.8473875000000001,20
BAAI/bge-base-en-v1.5,768,20,29,0.7806055555555556,0.8215999999999999,0.8141777777777777,0.8281277777777777,2
BAAI/bge-base-en-v1.5,768,20,30,0.7604583333333333,0.8311777777777777,0.819875,0.8382916666666667,2
BAAI/bge-base-en-v1.5,768,20,31,0.7695625000000001,0.8215819444444443,0.8034625,0.8374375,5
BAAI/bge-base-en-v1.5,768,20,32,0.8011513888888888,0.8439013888888889,0.8329930555555554,0.8552208333333333,20
BAAI/bge-base-en-v1.5,768,20,33,0.7758055555555555,0.8084527777777777,0.8373833333333334,0.8512888888888889,20
BAAI/bge-base-en-v1.5,768,20,34,0.7621305555555555,0.8274472222222222,0.8148250000000001,0.8304083333333333,2
BAAI/bge-base-en-v1.5,768,20,35,0.7784208333333333,0.8371458333333333,0.8412847222222222,0.8578125,2
BAAI/bge-base-en-v1.5,768,20,36,0.7770277777777778,0.831275,0.8120583333333333,0.8419027777777777,2
BAAI/bge-base-en-v1.5,768,20,37,0.7641888888888889,0.8281694444444445,0.8092194444444445,0.8330972222222222,2
BAAI/bge-base-en-v1.5,768,20,38,0.7469055555555556,0.8109277777777777,0.7870027777777777,0.8432055555555557,20
BAAI/bge-base-en-v1.5,768,20,39,0.8078916666666666,0.8409305555555556,0.8364777777777778,0.8528138888888891,1
BAAI/bge-base-en-v1.5,768,20,40,0.7625458333333333,0.8216680555555556,0.8311097222222222,0.8444875000000001,1
BAAI/bge-base-en-v1.5,768,20,41,0.7685652777777778,0.8209041666666668,0.7813041666666667,0.8474819444444444,1
BAAI/bge-base-en-v1.5,768,20,42,0.7575833333333333,0.7878458333333332,0.774273611111111,0.8048930555555556,10
BAAI/bge-base-en-v1.5,768,20,43,0.7805291666666667,0.7804263888888889,0.7393013888888889,0.8103791666666665,10
BAAI/bge-base-en-v1.5,768,20,44,0.7790305555555557,0.8113888888888889,0.8332527777777778,0.8597166666666667,20
BAAI/bge-base-en-v1.5,768,20,45,0.7716861111111112,0.8167972222222223,0.7925,0.8413416666666668,2
BAAI/bge-base-en-v1.5,768,20,46,0.7770694444444444,0.8155472222222222,0.7992250000000001,0.8431777777777779,20
BAAI/bge-base-en-v1.5,768,20,47,0.7857402777777778,0.8454319444444445,0.8461708333333332,0.835151388888889,1
BAAI/bge-base-en-v1.5,768,20,48,0.7441972222222223,0.7755555555555556,0.7708055555555555,0.8124611111111112,1
BAAI/bge-base-en-v1.5,768,20,49,0.7297611111111111,0.7855166666666666,0.7921333333333334,0.7971833333333332,3
BAAI/bge-base-en-v1.5,768,20,50,0.739075,0.7927222222222221,0.7825916666666666,0.7923722222222223,2
BAAI/bge-base-en-v1.5,768,20,51,0.7882708333333335,0.8272513888888889,0.837076388888889,0.8495319444444445,2
BAAI/bge-base-en-v1.5,768,20,52,0.7503666666666666,0.78525,0.7651666666666668,0.8218583333333334,20
BAAI/bge-base-en-v1.5,768,20,53,0.7710319444444445,0.8326888888888888,0.8419222222222222,0.8438166666666667,1
BAAI/bge-base-en-v1.5,768,20,54,0.7521194444444445,0.8244611111111111,0.8166666666666667,0.8421194444444444,1
BAAI/bge-base-en-v1.5,768,20,55,0.7575944444444445,0.8197972222222222,0.7697166666666667,0.8311555555555555,3
BAAI/bge-base-en-v1.5,768,20,56,0.770375,0.8210236111111111,0.8296791666666667,0.8435541666666667,3
BAAI/bge-base-en-v1.5,768,20,57,0.7532263888888889,0.815176388888889,0.8251958333333335,0.8437597222222223,20
BAAI/bge-base-en-v1.5,768,20,58,0.7536930555555555,0.8259625,0.8244625,0.8442541666666666,2
BAAI/bge-base-en-v1.5,768,20,59,0.7582222222222221,0.8155305555555556,0.8411138888888889,0.8549694444444444,2
BAAI/bge-base-en-v1.5,768,20,60,0.7340819444444444,0.7672,0.7723416666666667,0.8076944444444444,1
BAAI/bge-base-en-v1.5,768,20,61,0.7420722222222222,0.8356333333333335,0.8502916666666667,0.8617527777777778,1
BAAI/bge-base-en-v1.5,768,20,62,0.7729083333333333,0.7946861111111112,0.7966083333333334,0.8594027777777778,20
BAAI/bge-base-en-v1.5,768,20,63,0.7619388888888889,0.8012138888888889,0.8135333333333332,0.8401972222222222,20
BAAI/bge-base-en-v1.5,768,20,64,0.7686777777777778,0.8436319444444444,0.8453597222222221,0.8565902777777779,20
BAAI/bge-base-en-v1.5,768,20,65,0.7522972222222223,0.8082916666666666,0.8077388888888889,0.826313888888889,20
BAAI/bge-base-en-v1.5,768,20,66,0.7666791666666667,0.8219902777777779,0.8430069444444445,0.8463708333333333,5
BAAI/bge-base-en-v1.5,768,20,67,0.7515027777777779,0.8231222222222222,0.8176444444444444,0.8342416666666665,10
BAAI/bge-base-en-v1.5,768,20,68,0.7678736111111111,0.8150180555555555,0.8198013888888889,0.8464013888888888,20
BAAI/bge-base-en-v1.5,768,20,69,0.7731958333333334,0.8451486111111112,0.8161708333333333,0.8535625000000001,20
BAAI/bge-base-en-v1.5,768,20,70,0.7710458333333332,0.8445680555555556,0.8229513888888889,0.8517847222222222,2
BAAI/bge-base-en-v1.5,768,20,71,0.7427805555555556,0.8260249999999999,0.8386694444444445,0.8389444444444445,1
BAAI/bge-base-en-v1.5,768,20,72,0.7612944444444444,0.8145749999999999,0.8130694444444444,0.8328166666666668,2
BAAI/bge-base-en-v1.5,768,20,73,0.7665055555555554,0.8160444444444444,0.7975166666666667,0.8375972222222221,2
BAAI/bge-base-en-v1.5,768,20,74,0.7960583333333333,0.8284722222222222,0.8316083333333334,0.8512,20
BAAI/bge-base-en-v1.5,768,20,75,0.7759347222222223,0.8054958333333333,0.8092708333333333,0.8385458333333332,10
BAAI/bge-base-en-v1.5,768,20,76,0.7509375,0.8120319444444444,0.8084375,0.8192097222222223,2
BAAI/bge-base-en-v1.5,768,20,77,0.7664124999999999,0.8319263888888888,0.8208236111111111,0.8657291666666667,2
BAAI/bge-base-en-v1.5,768,20,78,0.7866402777777779,0.8365458333333333,0.8362875000000001,0.8526708333333333,1
BAAI/bge-base-en-v1.5,768,20,79,0.7847180555555556,0.8372569444444444,0.8104541666666667,0.8256097222222223,1
BAAI/bge-base-en-v1.5,768,20,80,0.7529097222222223,0.8069791666666666,0.8103152777777778,0.7997597222222222,2
BAAI/bge-base-en-v1.5,768,20,81,0.7708236111111111,0.825997222222222,0.8242222222222223,0.8429638888888888,5
BAAI/bge-base-en-v1.5,768,20,82,0.7762597222222222,0.8269958333333334,0.838223611111111,0.8471375000000001,1
BAAI/bge-base-en-v1.5,768,20,83,0.7802722222222221,0.8138444444444444,0.7897833333333333,0.8692638888888888,3
BAAI/bge-base-en-v1.5,768,20,84,0.7849625000000002,0.8373986111111111,0.8325402777777777,0.8630847222222222,2
BAAI/bge-base-en-v1.5,768,20,85,0.7547249999999999,0.7975805555555556,0.788563888888889,0.8412055555555555,10
BAAI/bge-base-en-v1.5,768,20,86,0.7718944444444444,0.8486694444444445,0.8623555555555555,0.8749361111111111,1
BAAI/bge-base-en-v1.5,768,20,87,0.7490944444444443,0.8300472222222222,0.8070694444444444,0.8436777777777777,2
BAAI/bge-base-en-v1.5,768,20,88,0.7796958333333333,0.8527097222222222,0.8609263888888888,0.8598847222222221,5
BAAI/bge-base-en-v1.5,768,20,89,0.7583125000000001,0.8332847222222223,0.8245541666666667,0.8472402777777778,2
BAAI/bge-base-en-v1.5,768,20,90,0.7611111111111111,0.8143416666666667,0.8127333333333333,0.8351333333333335,2
BAAI/bge-base-en-v1.5,768,20,91,0.7614527777777778,0.8278513888888889,0.8103458333333333,0.8532958333333331,2
BAAI/bge-base-en-v1.5,768,20,92,0.8126930555555555,0.8466069444444444,0.8436597222222222,0.8565930555555556,2
BAAI/bge-base-en-v1.5,768,20,93,0.7417986111111112,0.8260013888888889,0.7916402777777778,0.8339097222222223,1
BAAI/bge-base-en-v1.5,768,20,94,0.7700833333333333,0.8214194444444445,0.8030222222222223,0.8390194444444445,3
BAAI/bge-base-en-v1.5,768,20,95,0.7745152777777777,0.8358097222222222,0.8242541666666666,0.8485763888888889,2
BAAI/bge-base-en-v1.5,768,20,96,0.7874875000000001,0.8366291666666668,0.8319875000000001,0.8603180555555555,2
BAAI/bge-base-en-v1.5,768,20,97,0.7617277777777778,0.8179833333333333,0.8012805555555556,0.8326444444444444,2
BAAI/bge-base-en-v1.5,768,20,98,0.774675,0.8172388888888888,0.8147805555555555,0.8527527777777778,2
BAAI/bge-base-en-v1.5,768,20,99,0.7311999999999999,0.8292638888888888,0.8100527777777777,0.8325166666666667,1
BAAI/bge-base-en-v1.5,768,30,0,0.7710819444444444,0.8315208333333334,0.8348791666666668,0.8658625000000001,3
BAAI/bge-base-en-v1.5,768,30,1,0.7624430555555555,0.8146958333333333,0.8137069444444444,0.838126388888889,30
BAAI/bge-base-en-v1.5,768,30,2,0.7553875,0.8297986111111111,0.8247791666666666,0.8516763888888889,3
BAAI/bge-base-en-v1.5,768,30,3,0.7700847222222222,0.8104652777777778,0.7980125,0.8468347222222222,30
BAAI/bge-base-en-v1.5,768,30,4,0.7741041666666667,0.8116847222222222,0.8201069444444444,0.8399430555555556,5
BAAI/bge-base-en-v1.5,768,30,5,0.7863583333333333,0.8280888888888889,0.827111111111111,0.8607055555555555,2
BAAI/bge-base-en-v1.5,768,30,6,0.7668291666666667,0.8026319444444445,0.7894930555555555,0.834551388888889,2
BAAI/bge-base-en-v1.5,768,30,7,0.7642902777777778,0.8248486111111111,0.8426930555555555,0.839526388888889,30
BAAI/bge-base-en-v1.5,768,30,8,0.7917694444444445,0.8203083333333333,0.8199805555555555,0.8516138888888887,30
BAAI/bge-base-en-v1.5,768,30,9,0.7618319444444446,0.8136708333333333,0.8225402777777777,0.8505930555555556,10
BAAI/bge-base-en-v1.5,768,30,10,0.7774388888888888,0.8135333333333333,0.8401416666666667,0.8626805555555555,2
BAAI/bge-base-en-v1.5,768,30,11,0.7743805555555555,0.792788888888889,0.8174166666666666,0.8644194444444444,2
BAAI/bge-base-en-v1.5,768,30,12,0.7703180555555555,0.8316291666666666,0.8276208333333334,0.8478180555555557,3
BAAI/bge-base-en-v1.5,768,30,13,0.743675,0.8201833333333334,0.8194111111111112,0.8519888888888889,10
BAAI/bge-base-en-v1.5,768,30,14,0.7598111111111111,0.8204666666666667,0.8270166666666666,0.8583972222222221,1
BAAI/bge-base-en-v1.5,768,30,15,0.7534388888888889,0.8263833333333334,0.8385972222222221,0.8531472222222222,1
BAAI/bge-base-en-v1.5,768,30,16,0.7953736111111112,0.8314902777777778,0.8416958333333333,0.8605708333333334,1
BAAI/bge-base-en-v1.5,768,30,17,0.7281125000000002,0.8105097222222222,0.7752458333333333,0.8273597222222221,1
BAAI/bge-base-en-v1.5,768,30,18,0.7876361111111112,0.8168527777777778,0.8262055555555556,0.8601194444444443,20
BAAI/bge-base-en-v1.5,768,30,19,0.7388208333333333,0.8261375,0.8251124999999999,0.8436208333333333,1
BAAI/bge-base-en-v1.5,768,30,20,0.7584791666666667,0.8296736111111112,0.8364375,0.8554152777777779,30
BAAI/bge-base-en-v1.5,768,30,21,0.7919611111111111,0.8413250000000001,0.8404027777777777,0.8616194444444445,1
BAAI/bge-base-en-v1.5,768,30,22,0.7687111111111111,0.8081875000000001,0.7947708333333333,0.8597263888888887,20
BAAI/bge-base-en-v1.5,768,30,23,0.7516902777777776,0.7878347222222222,0.7881236111111112,0.8334263888888889,20
BAAI/bge-base-en-v1.5,768,30,24,0.7722305555555555,0.8130916666666667,0.8259166666666666,0.8435527777777779,20
BAAI/bge-base-en-v1.5,768,30,25,0.7649513888888888,0.8160958333333334,0.8177986111111112,0.8647097222222222,1
BAAI/bge-base-en-v1.5,768,30,26,0.7420277777777777,0.8086055555555557,0.7922944444444444,0.8407611111111111,1
BAAI/bge-base-en-v1.5,768,30,27,0.7718972222222222,0.8186472222222222,0.7867722222222222,0.841275,2
BAAI/bge-base-en-v1.5,768,30,28,0.7779236111111112,0.8119319444444445,0.8136874999999999,0.8525291666666667,30
BAAI/bge-base-en-v1.5,768,30,29,0.7752611111111112,0.8210500000000001,0.8081722222222222,0.8364833333333334,2
BAAI/bge-base-en-v1.5,768,30,30,0.7710166666666667,0.8238222222222221,0.8276000000000001,0.8470611111111113,2
BAAI/bge-base-en-v1.5,768,30,31,0.7749791666666667,0.8125486111111111,0.7892236111111113,0.8446763888888889,5
BAAI/bge-base-en-v1.5,768,30,32,0.7979541666666667,0.8423180555555555,0.8333430555555555,0.8560875,30
BAAI/bge-base-en-v1.5,768,30,33,0.7692805555555556,0.8152916666666667,0.8198583333333334,0.8563222222222222,30
BAAI/bge-base-en-v1.5,768,30,34,0.7615055555555555,0.8214500000000001,0.8125777777777778,0.8309722222222222,2
BAAI/bge-base-en-v1.5,768,30,35,0.7778097222222222,0.8401236111111111,0.8450513888888889,0.8662236111111111,30
BAAI/bge-base-en-v1.5,768,30,36,0.7736583333333333,0.8183333333333334,0.82165,0.8515888888888888,30
BAAI/bge-base-en-v1.5,768,30,37,0.7701861111111111,0.8189166666666666,0.8054194444444445,0.8440472222222222,2
BAAI/bge-base-en-v1.5,768,30,38,0.7314611111111111,0.773625,0.7694222222222222,0.8281361111111111,5
BAAI/bge-base-en-v1.5,768,30,39,0.7976472222222223,0.8144805555555554,0.8296833333333333,0.8586888888888888,20
BAAI/bge-base-en-v1.5,768,30,40,0.7655972222222223,0.806226388888889,0.8436041666666667,0.8533125,5
BAAI/bge-base-en-v1.5,768,30,41,0.770173611111111,0.7990708333333334,0.7778569444444444,0.8402652777777778,1
BAAI/bge-base-en-v1.5,768,30,42,0.7686319444444445,0.7995680555555555,0.7906513888888889,0.8435402777777778,5
BAAI/bge-base-en-v1.5,768,30,43,0.7788958333333333,0.8030069444444444,0.8142708333333334,0.8436597222222222,20
BAAI/bge-base-en-v1.5,768,30,44,0.7816583333333333,0.8155111111111111,0.8407777777777778,0.875375,20
BAAI/bge-base-en-v1.5,768,30,45,0.7805694444444444,0.8191361111111111,0.8182416666666666,0.8561777777777777,3
BAAI/bge-base-en-v1.5,768,30,46,0.7695833333333333,0.8165722222222223,0.8023055555555555,0.8574055555555555,30
BAAI/bge-base-en-v1.5,768,30,47,0.7790374999999999,0.8395125,0.8436625,0.8488791666666666,1
BAAI/bge-base-en-v1.5,768,30,48,0.7489222222222223,0.7861222222222222,0.7844722222222222,0.8340833333333333,1
BAAI/bge-base-en-v1.5,768,30,49,0.7290777777777777,0.8061027777777776,0.7839861111111112,0.8095222222222223,2
BAAI/bge-base-en-v1.5,768,30,50,0.7531972222222223,0.8107666666666666,0.792225,0.8406888888888888,2
BAAI/bge-base-en-v1.5,768,30,51,0.7705791666666666,0.817851388888889,0.7771458333333334,0.8414402777777777,30
BAAI/bge-base-en-v1.5,768,30,52,0.7542277777777777,0.7973333333333333,0.7675416666666667,0.8219722222222223,10
BAAI/bge-base-en-v1.5,768,30,53,0.7621277777777778,0.8422361111111112,0.8369972222222223,0.8377222222222223,30
BAAI/bge-base-en-v1.5,768,30,54,0.7579499999999999,0.8123333333333334,0.7982777777777779,0.8455916666666667,1
BAAI/bge-base-en-v1.5,768,30,55,0.766825,0.8030277777777778,0.7720361111111111,0.8527861111111111,20
BAAI/bge-base-en-v1.5,768,30,56,0.7641069444444445,0.8194069444444445,0.8145291666666665,0.8460319444444445,2
BAAI/bge-base-en-v1.5,768,30,57,0.7545041666666666,0.8185097222222223,0.8216291666666666,0.8441819444444444,30
BAAI/bge-base-en-v1.5,768,30,58,0.7612458333333333,0.8053180555555556,0.8018875,0.8416208333333334,30
BAAI/bge-base-en-v1.5,768,30,59,0.7651777777777777,0.8200000000000001,0.828975,0.8620972222222223,1
BAAI/bge-base-en-v1.5,768,30,60,0.7499861111111112,0.7893472222222222,0.7787305555555556,0.8405222222222223,1
BAAI/bge-base-en-v1.5,768,30,61,0.7467111111111111,0.8323333333333333,0.8225222222222222,0.851125,2
BAAI/bge-base-en-v1.5,768,30,62,0.7699805555555556,0.7903083333333334,0.7934972222222222,0.8684555555555555,20
BAAI/bge-base-en-v1.5,768,30,63,0.7675222222222222,0.8051944444444445,0.7984666666666667,0.8483333333333333,30
BAAI/bge-base-en-v1.5,768,30,64,0.7793708333333333,0.8300708333333333,0.7883513888888889,0.8561791666666667,30
BAAI/bge-base-en-v1.5,768,30,65,0.7538944444444444,0.8155777777777778,0.8042583333333334,0.8294722222222223,30
BAAI/bge-base-en-v1.5,768,30,66,0.762026388888889,0.8295236111111111,0.8339347222222223,0.8468125,30
BAAI/bge-base-en-v1.5,768,30,67,0.7611944444444445,0.8219555555555556,0.8104027777777777,0.8474611111111112,20
BAAI/bge-base-en-v1.5,768,30,68,0.7709597222222223,0.8300458333333334,0.8015458333333334,0.8496180555555556,1
BAAI/bge-base-en-v1.5,768,30,69,0.7678041666666666,0.8428763888888889,0.8352736111111111,0.8595041666666666,30
BAAI/bge-base-en-v1.5,768,30,70,0.7733097222222223,0.8361708333333333,0.8220958333333332,0.8583875,20
BAAI/bge-base-en-v1.5,768,30,71,0.7459444444444444,0.827438888888889,0.8545111111111112,0.8431638888888888,1
BAAI/bge-base-en-v1.5,768,30,72,0.7608166666666667,0.8125888888888888,0.8178972222222223,0.8451027777777778,3
BAAI/bge-base-en-v1.5,768,30,73,0.7658972222222222,0.8190527777777777,0.8141361111111112,0.8499944444444445,2
BAAI/bge-base-en-v1.5,768,30,74,0.7872138888888889,0.8290833333333334,0.821025,0.8611750000000001,30
BAAI/bge-base-en-v1.5,768,30,75,0.7785458333333334,0.8128736111111111,0.8190625,0.8461597222222222,10
BAAI/bge-base-en-v1.5,768,30,76,0.7580236111111112,0.8197263888888889,0.8285541666666667,0.8488875,30
BAAI/bge-base-en-v1.5,768,30,77,0.7759486111111111,0.8391791666666667,0.8390930555555556,0.8753208333333332,2
BAAI/bge-base-en-v1.5,768,30,78,0.7860986111111111,0.8267125000000001,0.8167486111111111,0.8500180555555554,30
BAAI/bge-base-en-v1.5,768,30,79,0.7870041666666667,0.8184513888888889,0.8101847222222222,0.8326375000000001,20
BAAI/bge-base-en-v1.5,768,30,80,0.7540097222222222,0.7817652777777777,0.7913625000000001,0.8233208333333334,1
BAAI/bge-base-en-v1.5,768,30,81,0.757736111111111,0.8109999999999999,0.7762333333333333,0.8489222222222221,5
BAAI/bge-base-en-v1.5,768,30,82,0.7764652777777777,0.8197902777777778,0.8335430555555556,0.8579374999999999,30
BAAI/bge-base-en-v1.5,768,30,83,0.7736055555555555,0.8009833333333333,0.8097444444444444,0.8615805555555556,10
BAAI/bge-base-en-v1.5,768,30,84,0.7891541666666666,0.8203347222222223,0.8434763888888889,0.8614458333333334,30
BAAI/bge-base-en-v1.5,768,30,85,0.7653833333333332,0.7995805555555555,0.8166444444444445,0.8641499999999999,3
BAAI/bge-base-en-v1.5,768,30,86,0.7593416666666667,0.8338416666666667,0.8485361111111109,0.8707527777777778,1
BAAI/bge-base-en-v1.5,768,30,87,0.7590652777777778,0.817813888888889,0.7990777777777778,0.8446749999999998,2
BAAI/bge-base-en-v1.5,768,30,88,0.7848222222222223,0.8352458333333335,0.8323458333333333,0.863251388888889,30
BAAI/bge-base-en-v1.5,768,30,89,0.7589708333333334,0.8365541666666666,0.833126388888889,0.8531680555555556,2
BAAI/bge-base-en-v1.5,768,30,90,0.7492055555555556,0.8003777777777779,0.8109694444444445,0.8332999999999999,2
BAAI/bge-base-en-v1.5,768,30,91,0.7679791666666668,0.8231652777777778,0.8271180555555555,0.8601291666666666,2
BAAI/bge-base-en-v1.5,768,30,92,0.8113125000000001,0.8298680555555555,0.8198180555555555,0.8564513888888889,20
BAAI/bge-base-en-v1.5,768,30,93,0.7708097222222222,0.8310819444444445,0.8255374999999999,0.8577763888888889,30
BAAI/bge-base-en-v1.5,768,30,94,0.7791083333333334,0.8124472222222222,0.795538888888889,0.8415666666666667,2
BAAI/bge-base-en-v1.5,768,30,95,0.7774375,0.8416541666666666,0.829373611111111,0.8621041666666667,2
BAAI/bge-base-en-v1.5,768,30,96,0.7863652777777779,0.831573611111111,0.8109986111111112,0.8720430555555556,5
BAAI/bge-base-en-v1.5,768,30,97,0.7610555555555556,0.8138,0.8037861111111111,0.8439472222222222,30
BAAI/bge-base-en-v1.5,768,30,98,0.765675,0.8391000000000001,0.8353944444444444,0.8616111111111111,30
BAAI/bge-base-en-v1.5,768,30,99,0.7433583333333333,0.8350555555555557,0.8159750000000001,0.8568277777777777,1
BAAI/bge-base-en-v1.5,768,50,0,0.7743541666666667,0.8326180555555556,0.8365402777777778,0.8726541666666665,40
BAAI/bge-base-en-v1.5,768,50,1,0.7732541666666667,0.825001388888889,0.8457319444444444,0.8541541666666665,30
BAAI/bge-base-en-v1.5,768,50,2,0.7680097222222223,0.8278458333333334,0.8277986111111111,0.8589930555555555,2
BAAI/bge-base-en-v1.5,768,50,3,0.7711875,0.8119763888888889,0.8202569444444444,0.8544069444444444,10
BAAI/bge-base-en-v1.5,768,50,4,0.7696236111111111,0.8024958333333333,0.8185569444444444,0.8558625,3
BAAI/bge-base-en-v1.5,768,50,5,0.7844305555555555,0.8290527777777777,0.8286861111111111,0.8665638888888889,2
BAAI/bge-base-en-v1.5,768,50,6,0.7657208333333333,0.8191986111111111,0.8230402777777778,0.8437069444444445,40
BAAI/bge-base-en-v1.5,768,50,7,0.7712819444444445,0.8182486111111111,0.8239652777777778,0.8530125000000002,40
BAAI/bge-base-en-v1.5,768,50,8,0.7830541666666668,0.8014833333333334,0.8055916666666666,0.8557999999999999,30
BAAI/bge-base-en-v1.5,768,50,9,0.7668125,0.8060069444444444,0.7895847222222223,0.8579847222222222,40
BAAI/bge-base-en-v1.5,768,50,10,0.7659833333333333,0.7944694444444443,0.8270694444444444,0.8650833333333333,20
BAAI/bge-base-en-v1.5,768,50,11,0.76015,0.8166472222222221,0.83455,0.8640444444444443,40
BAAI/bge-base-en-v1.5,768,50,12,0.7688513888888888,0.821101388888889,0.8103347222222222,0.8488319444444445,40
BAAI/bge-base-en-v1.5,768,50,13,0.7492611111111112,0.8235055555555556,0.8365,0.8600166666666667,10
BAAI/bge-base-en-v1.5,768,50,14,0.763475,0.8212249999999999,0.8271416666666666,0.8597805555555555,30
BAAI/bge-base-en-v1.5,768,50,15,0.7539888888888888,0.7995194444444444,0.8316888888888889,0.854713888888889,30
BAAI/bge-base-en-v1.5,768,50,16,0.7828819444444445,0.8250624999999999,0.8256152777777779,0.8625152777777778,3
BAAI/bge-base-en-v1.5,768,50,17,0.7375736111111112,0.8072263888888889,0.7846652777777778,0.8452180555555554,5
BAAI/bge-base-en-v1.5,768,50,18,0.7867972222222223,0.8320333333333334,0.833463888888889,0.8649694444444443,30
BAAI/bge-base-en-v1.5,768,50,19,0.7553569444444443,0.8103013888888889,0.8128097222222223,0.8557375,3
BAAI/bge-base-en-v1.5,768,50,20,0.7592069444444444,0.8306625,0.8287763888888888,0.8664458333333334,20
BAAI/bge-base-en-v1.5,768,50,21,0.7886597222222222,0.8229083333333334,0.8333055555555556,0.8605611111111111,2
BAAI/bge-base-en-v1.5,768,50,22,0.7738236111111112,0.8144652777777777,0.8372541666666666,0.8653263888888889,2
BAAI/bge-base-en-v1.5,768,50,23,0.7584958333333333,0.790798611111111,0.7970875,0.8415875,30
BAAI/bge-base-en-v1.5,768,50,24,0.7742694444444445,0.8250527777777777,0.8460555555555553,0.858436111111111,40
BAAI/bge-base-en-v1.5,768,50,25,0.7656347222222222,0.7833763888888889,0.8023597222222222,0.8679847222222221,3
BAAI/bge-base-en-v1.5,768,50,26,0.7575055555555557,0.8004722222222221,0.7873722222222221,0.8597916666666665,30
BAAI/bge-base-en-v1.5,768,50,27,0.7813111111111111,0.8040194444444445,0.7959805555555556,0.8536694444444445,5
BAAI/bge-base-en-v1.5,768,50,28,0.7756125,0.8299680555555556,0.8344208333333333,0.857576388888889,40
BAAI/bge-base-en-v1.5,768,50,29,0.7798277777777778,0.8216583333333333,0.819238888888889,0.8439083333333333,5
BAAI/bge-base-en-v1.5,768,50,30,0.7654902777777778,0.8161166666666667,0.8136861111111111,0.8512777777777778,2
BAAI/bge-base-en-v1.5,768,50,31,0.7705124999999999,0.7903458333333333,0.7988902777777778,0.8523958333333332,10
BAAI/bge-base-en-v1.5,768,50,32,0.7949041666666667,0.8224652777777777,0.8132958333333333,0.8585319444444445,40
BAAI/bge-base-en-v1.5,768,50,33,0.7823444444444444,0.8213055555555555,0.8097111111111113,0.8591222222222223,30
BAAI/bge-base-en-v1.5,768,50,34,0.7539972222222222,0.8011083333333334,0.8197861111111111,0.8383416666666665,5
BAAI/bge-base-en-v1.5,768,50,35,0.7725069444444445,0.8322902777777778,0.8386236111111111,0.8655263888888889,40
BAAI/bge-base-en-v1.5,768,50,36,0.7782083333333333,0.8129138888888889,0.8156444444444445,0.8544277777777778,40
BAAI/bge-base-en-v1.5,768,50,37,0.7728083333333333,0.8206916666666666,0.8126416666666666,0.861063888888889,30
BAAI/bge-base-en-v1.5,768,50,38,0.7395305555555556,0.7705083333333334,0.7658444444444443,0.844063888888889,40
BAAI/bge-base-en-v1.5,768,50,39,0.7923027777777778,0.80855,0.8313777777777778,0.8621638888888888,30
BAAI/bge-base-en-v1.5,768,50,40,0.7729902777777777,0.8217625,0.8413652777777778,0.8617874999999999,10
BAAI/bge-base-en-v1.5,768,50,41,0.7679527777777778,0.7751152777777778,0.7815541666666667,0.8455763888888889,3
BAAI/bge-base-en-v1.5,768,50,42,0.7789291666666667,0.8161263888888889,0.8284097222222223,0.8648541666666667,40
BAAI/bge-base-en-v1.5,768,50,43,0.7796402777777778,0.8151125,0.8214097222222222,0.8551402777777777,40
BAAI/bge-base-en-v1.5,768,50,44,0.7800638888888888,0.8024833333333334,0.8235111111111111,0.8726166666666666,40
BAAI/bge-base-en-v1.5,768,50,45,0.7798027777777777,0.8260527777777777,0.8138777777777777,0.8579749999999999,40
BAAI/bge-base-en-v1.5,768,50,46,0.7769638888888889,0.8301638888888888,0.8279222222222221,0.8611916666666667,40
BAAI/bge-base-en-v1.5,768,50,47,0.7900819444444445,0.8193513888888889,0.825573611111111,0.8610652777777777,30
BAAI/bge-base-en-v1.5,768,50,48,0.7491361111111112,0.7866472222222223,0.8228638888888888,0.8561777777777778,1
BAAI/bge-base-en-v1.5,768,50,49,0.7483027777777778,0.7963305555555555,0.8029777777777778,0.850011111111111,5
BAAI/bge-base-en-v1.5,768,50,50,0.7528805555555556,0.8005583333333335,0.8122222222222223,0.8561749999999999,40
BAAI/bge-base-en-v1.5,768,50,51,0.7705736111111111,0.8054263888888888,0.8123902777777778,0.8559625,10
BAAI/bge-base-en-v1.5,768,50,52,0.7617027777777778,0.7957194444444443,0.7921444444444445,0.8520638888888888,30
BAAI/bge-base-en-v1.5,768,50,53,0.7640027777777778,0.8371416666666667,0.8349722222222222,0.8485055555555554,40
BAAI/bge-base-en-v1.5,768,50,54,0.7586166666666666,0.8173305555555556,0.8292055555555556,0.8541444444444446,40
BAAI/bge-base-en-v1.5,768,50,55,0.77385,0.798113888888889,0.8037611111111111,0.8591222222222222,30
BAAI/bge-base-en-v1.5,768,50,56,0.7639319444444445,0.8218347222222223,0.8342680555555556,0.8553902777777779,2
BAAI/bge-base-en-v1.5,768,50,57,0.7593652777777777,0.8241875000000001,0.8231625,0.8572208333333333,40
BAAI/bge-base-en-v1.5,768,50,58,0.7658736111111112,0.8014458333333334,0.8198958333333333,0.8518125,40
BAAI/bge-base-en-v1.5,768,50,59,0.763763888888889,0.8164027777777777,0.8325805555555555,0.8687861111111111,10
BAAI/bge-base-en-v1.5,768,50,60,0.7584083333333332,0.7941722222222223,0.8123888888888889,0.8538333333333334,40
BAAI/bge-base-en-v1.5,768,50,61,0.7507722222222222,0.8096972222222223,0.8100916666666667,0.8436416666666666,30
BAAI/bge-base-en-v1.5,768,50,62,0.7729055555555555,0.7979805555555555,0.7966027777777778,0.8750388888888888,30
BAAI/bge-base-en-v1.5,768,50,63,0.7594611111111111,0.8020055555555556,0.8062888888888889,0.841163888888889,40
BAAI/bge-base-en-v1.5,768,50,64,0.7777319444444445,0.8331986111111112,0.7937847222222223,0.8577291666666667,20
BAAI/bge-base-en-v1.5,768,50,65,0.757025,0.8155527777777777,0.8141416666666667,0.8488416666666667,40
BAAI/bge-base-en-v1.5,768,50,66,0.7678319444444444,0.8232291666666666,0.8392541666666667,0.8582097222222222,40
BAAI/bge-base-en-v1.5,768,50,67,0.772938888888889,0.8312388888888889,0.8277500000000001,0.8644361111111112,20
BAAI/bge-base-en-v1.5,768,50,68,0.7715263888888889,0.8213375,0.8328180555555557,0.8575680555555556,40
BAAI/bge-base-en-v1.5,768,50,69,0.7802597222222224,0.8419680555555554,0.8363013888888889,0.8590763888888888,20
BAAI/bge-base-en-v1.5,768,50,70,0.7698430555555557,0.8306541666666667,0.8357402777777778,0.8644319444444444,10
BAAI/bge-base-en-v1.5,768,50,71,0.7447277777777778,0.8214083333333333,0.8230249999999999,0.8447611111111112,40
BAAI/bge-base-en-v1.5,768,50,72,0.7594111111111113,0.8129472222222223,0.8232666666666667,0.8464833333333333,5
BAAI/bge-base-en-v1.5,768,50,73,0.7636861111111111,0.8113555555555556,0.8272833333333334,0.856061111111111,2
BAAI/bge-base-en-v1.5,768,50,74,0.7861305555555556,0.8310694444444444,0.8360333333333334,0.8720305555555555,40
BAAI/bge-base-en-v1.5,768,50,75,0.7771125000000001,0.8169208333333333,0.8285263888888889,0.8522152777777777,30
BAAI/bge-base-en-v1.5,768,50,76,0.7702513888888889,0.8344347222222223,0.8478791666666667,0.8707263888888889,40
BAAI/bge-base-en-v1.5,768,50,77,0.7730375,0.8283680555555555,0.8215736111111112,0.8756791666666667,40
BAAI/bge-base-en-v1.5,768,50,78,0.7795541666666667,0.8282680555555557,0.8209652777777777,0.8515875000000002,10
BAAI/bge-base-en-v1.5,768,50,79,0.7864708333333333,0.8108680555555556,0.8244430555555555,0.8496125,20
BAAI/bge-base-en-v1.5,768,50,80,0.7603430555555555,0.7786486111111112,0.8024958333333333,0.8426541666666667,1
BAAI/bge-base-en-v1.5,768,50,81,0.7625138888888889,0.8166277777777777,0.8081694444444445,0.8549333333333333,20
BAAI/bge-base-en-v1.5,768,50,82,0.7722986111111112,0.8131486111111111,0.8165625,0.8568541666666666,2
BAAI/bge-base-en-v1.5,768,50,83,0.7734333333333334,0.8148277777777778,0.8273972222222222,0.8682944444444444,40
BAAI/bge-base-en-v1.5,768,50,84,0.7688291666666666,0.8035319444444444,0.7908069444444445,0.8623013888888889,40
BAAI/bge-base-en-v1.5,768,50,85,0.7620555555555556,0.8084416666666665,0.8194027777777777,0.8633361111111111,10
BAAI/bge-base-en-v1.5,768,50,86,0.7638666666666667,0.8316333333333334,0.8413527777777778,0.8729444444444445,20
BAAI/bge-base-en-v1.5,768,50,87,0.7663611111111112,0.8129333333333335,0.8123805555555556,0.855388888888889,40
BAAI/bge-base-en-v1.5,768,50,88,0.7890375,0.8272486111111111,0.8380208333333334,0.8615208333333334,5
BAAI/bge-base-en-v1.5,768,50,89,0.7737819444444445,0.824151388888889,0.826723611111111,0.8642152777777778,2
BAAI/bge-base-en-v1.5,768,50,90,0.7551000000000001,0.808661111111111,0.8054749999999998,0.8479111111111113,30
BAAI/bge-base-en-v1.5,768,50,91,0.7636972222222222,0.8155041666666667,0.8258097222222223,0.8739152777777778,30
BAAI/bge-base-en-v1.5,768,50,92,0.8095013888888888,0.836251388888889,0.7979180555555555,0.8646763888888889,40
BAAI/bge-base-en-v1.5,768,50,93,0.7785569444444445,0.8415930555555556,0.8509597222222222,0.8709791666666667,40
BAAI/bge-base-en-v1.5,768,50,94,0.7647027777777778,0.8089527777777777,0.8142555555555556,0.8563694444444444,30
BAAI/bge-base-en-v1.5,768,50,95,0.7708597222222223,0.8287097222222223,0.8437625000000001,0.8697375,2
BAAI/bge-base-en-v1.5,768,50,96,0.7866875,0.8260736111111112,0.8296958333333334,0.8760791666666666,40
BAAI/bge-base-en-v1.5,768,50,97,0.7715361111111111,0.8190527777777777,0.8272277777777777,0.8535083333333333,40
BAAI/bge-base-en-v1.5,768,50,98,0.7701944444444444,0.8346972222222222,0.8409583333333334,0.8683527777777779,40
BAAI/bge-base-en-v1.5,768,50,99,0.7603777777777778,0.8043555555555555,0.800386111111111,0.8648888888888889,40
BAAI/bge-base-en-v1.5,768,75,0,0.7733541666666667,0.8366513888888889,0.8389374999999999,0.8771347222222223,40
BAAI/bge-base-en-v1.5,768,75,1,0.7705958333333334,0.8311013888888888,0.8539736111111111,0.8613430555555556,30
BAAI/bge-base-en-v1.5,768,75,2,0.7652986111111111,0.8235402777777778,0.8319569444444445,0.8588125000000001,30
BAAI/bge-base-en-v1.5,768,75,3,0.7657763888888888,0.8083680555555557,0.8198930555555556,0.8542319444444444,10
BAAI/bge-base-en-v1.5,768,75,4,0.7681694444444445,0.8053097222222221,0.8226236111111112,0.8530125,40
BAAI/bge-base-en-v1.5,768,75,5,0.7790055555555555,0.8349305555555555,0.82775,0.8712555555555556,40
BAAI/bge-base-en-v1.5,768,75,6,0.7726791666666667,0.8168597222222223,0.8298402777777777,0.8521875,30
BAAI/bge-base-en-v1.5,768,75,7,0.7651513888888888,0.8180569444444443,0.8147847222222223,0.8524875000000002,40
BAAI/bge-base-en-v1.5,768,75,8,0.781988888888889,0.8152638888888888,0.8321916666666667,0.8693166666666666,40
BAAI/bge-base-en-v1.5,768,75,9,0.7649569444444445,0.8123680555555556,0.7976263888888889,0.8611763888888888,40
BAAI/bge-base-en-v1.5,768,75,10,0.7708972222222222,0.8069583333333332,0.8329027777777779,0.8736777777777779,30
BAAI/bge-base-en-v1.5,768,75,11,0.7612611111111112,0.8326138888888889,0.8416583333333334,0.8738638888888888,40
BAAI/bge-base-en-v1.5,768,75,12,0.7723930555555556,0.8384291666666666,0.8353513888888888,0.8583319444444445,40
BAAI/bge-base-en-v1.5,768,75,13,0.75325,0.8182222222222222,0.8466666666666667,0.8673027777777779,5
BAAI/bge-base-en-v1.5,768,75,14,0.7654583333333334,0.8365305555555557,0.8460361111111112,0.8669638888888889,40
BAAI/bge-base-en-v1.5,768,75,15,0.75545,0.7938,0.8405194444444444,0.855763888888889,3
BAAI/bge-base-en-v1.5,768,75,16,0.7850763888888889,0.8212930555555555,0.8173763888888889,0.8741402777777778,20
BAAI/bge-base-en-v1.5,768,75,17,0.7534819444444443,0.8277847222222222,0.8374291666666666,0.8549625000000001,40
BAAI/bge-base-en-v1.5,768,75,18,0.7816000000000001,0.8268972222222222,0.8413111111111111,0.8725277777777778,20
BAAI/bge-base-en-v1.5,768,75,19,0.756726388888889,0.8239569444444445,0.8247902777777778,0.8600652777777779,30
BAAI/bge-base-en-v1.5,768,75,20,0.761601388888889,0.821573611111111,0.8188847222222222,0.8617791666666665,20
BAAI/bge-base-en-v1.5,768,75,21,0.7827472222222223,0.8263138888888888,0.8346111111111111,0.8642194444444444,40
BAAI/bge-base-en-v1.5,768,75,22,0.7693458333333334,0.8294430555555556,0.8526597222222222,0.866873611111111,40
BAAI/bge-base-en-v1.5,768,75,23,0.7540013888888889,0.8013791666666666,0.8057791666666667,0.8417458333333332,40
BAAI/bge-base-en-v1.5,768,75,24,0.7705166666666666,0.8351722222222222,0.851925,0.859588888888889,40
BAAI/bge-base-en-v1.5,768,75,25,0.7720819444444444,0.7807847222222222,0.8290347222222222,0.8725680555555556,2
BAAI/bge-base-en-v1.5,768,75,26,0.7607722222222222,0.8105833333333333,0.8064916666666667,0.8648305555555555,10
BAAI/bge-base-en-v1.5,768,75,27,0.7800027777777777,0.802675,0.801661111111111,0.853613888888889,20
BAAI/bge-base-en-v1.5,768,75,28,0.7742180555555556,0.8319180555555555,0.832823611111111,0.8561013888888889,40
BAAI/bge-base-en-v1.5,768,75,29,0.7826833333333334,0.8376388888888888,0.8353833333333333,0.8557222222222224,40
BAAI/bge-base-en-v1.5,768,75,30,0.7652611111111111,0.8055777777777777,0.8229555555555554,0.8550861111111111,2
BAAI/bge-base-en-v1.5,768,75,31,0.7652763888888888,0.7978958333333334,0.8176930555555555,0.8580013888888889,20
BAAI/bge-base-en-v1.5,768,75,32,0.7960875,0.8359708333333333,0.8349152777777777,0.8613541666666666,40
BAAI/bge-base-en-v1.5,768,75,33,0.7763277777777777,0.8286222222222223,0.8279027777777778,0.8688027777777777,30
BAAI/bge-base-en-v1.5,768,75,34,0.7654138888888888,0.8084305555555555,0.8243333333333334,0.84655,40
BAAI/bge-base-en-v1.5,768,75,35,0.7671236111111112,0.8021152777777778,0.8263513888888889,0.8688236111111111,30
BAAI/bge-base-en-v1.5,768,75,36,0.7771194444444445,0.8165111111111111,0.8362666666666666,0.8583194444444444,30
BAAI/bge-base-en-v1.5,768,75,37,0.7779694444444445,0.8347944444444444,0.8222944444444444,0.8664666666666666,30
BAAI/bge-base-en-v1.5,768,75,38,0.7491027777777778,0.7987,0.7980583333333333,0.8685583333333333,10
BAAI/bge-base-en-v1.5,768,75,39,0.7892777777777779,0.8117055555555555,0.8155388888888888,0.8614694444444445,40
BAAI/bge-base-en-v1.5,768,75,40,0.7724013888888889,0.8342819444444445,0.8616597222222222,0.8648541666666667,30
BAAI/bge-base-en-v1.5,768,75,41,0.7640986111111111,0.8008819444444444,0.8115180555555556,0.8545291666666668,40
BAAI/bge-base-en-v1.5,768,75,42,0.7887624999999999,0.8231819444444445,0.8459402777777779,0.8708430555555555,40
BAAI/bge-base-en-v1.5,768,75,43,0.7768236111111111,0.8122319444444446,0.8266347222222222,0.8703930555555556,40
BAAI/bge-base-en-v1.5,768,75,44,0.7761083333333334,0.8053194444444445,0.8330361111111112,0.8742027777777778,40
BAAI/bge-base-en-v1.5,768,75,45,0.7782902777777778,0.8349055555555556,0.8291,0.8632666666666668,40
BAAI/bge-base-en-v1.5,768,75,46,0.780375,0.8248833333333334,0.8287833333333334,0.866925,30
BAAI/bge-base-en-v1.5,768,75,47,0.7893625,0.8318569444444445,0.8395569444444445,0.8706902777777777,40
BAAI/bge-base-en-v1.5,768,75,48,0.7548527777777778,0.7897055555555557,0.840438888888889,0.862175,1
BAAI/bge-base-en-v1.5,768,75,49,0.7558972222222222,0.8088138888888888,0.8274638888888889,0.8612666666666666,40
BAAI/bge-base-en-v1.5,768,75,50,0.752825,0.8210777777777779,0.8146,0.8601083333333334,30
BAAI/bge-base-en-v1.5,768,75,51,0.7709152777777778,0.8331541666666666,0.8169541666666666,0.8627625,30
BAAI/bge-base-en-v1.5,768,75,52,0.7639805555555554,0.7968277777777778,0.8008916666666667,0.8552722222222222,20
BAAI/bge-base-en-v1.5,768,75,53,0.7698472222222222,0.8265027777777778,0.8437638888888888,0.8635833333333333,20
BAAI/bge-base-en-v1.5,768,75,54,0.7553166666666666,0.8134472222222223,0.8280222222222221,0.8602638888888889,40
BAAI/bge-base-en-v1.5,768,75,55,0.7723027777777779,0.8039000000000001,0.8004138888888889,0.8588611111111111,30
BAAI/bge-base-en-v1.5,768,75,56,0.7613513888888889,0.8171291666666667,0.8149875,0.859776388888889,40
BAAI/bge-base-en-v1.5,768,75,57,0.7652541666666667,0.8218125,0.8293458333333334,0.8691930555555555,40
BAAI/bge-base-en-v1.5,768,75,58,0.7685097222222222,0.8206708333333333,0.8444458333333333,0.868251388888889,40
BAAI/bge-base-en-v1.5,768,75,59,0.7644,0.7942805555555555,0.8162888888888888,0.8621916666666666,20
BAAI/bge-base-en-v1.5,768,75,60,0.761725,0.7951138888888889,0.8189972222222223,0.8583777777777777,40
BAAI/bge-base-en-v1.5,768,75,61,0.7581555555555556,0.8207305555555554,0.8278833333333334,0.851,40
BAAI/bge-base-en-v1.5,768,75,62,0.7742583333333333,0.8190111111111111,0.8208527777777778,0.8790166666666667,40
BAAI/bge-base-en-v1.5,768,75,63,0.7645055555555555,0.8054694444444445,0.8176222222222223,0.8548777777777777,40
BAAI/bge-base-en-v1.5,768,75,64,0.7733041666666667,0.8226708333333332,0.8230041666666668,0.8673652777777777,40
BAAI/bge-base-en-v1.5,768,75,65,0.7595583333333333,0.8135666666666668,0.8161555555555555,0.8538222222222223,30
BAAI/bge-base-en-v1.5,768,75,66,0.7677875000000001,0.8339069444444444,0.8463624999999999,0.8631375,40
BAAI/bge-base-en-v1.5,768,75,67,0.7772555555555556,0.8295222222222222,0.8355861111111111,0.8703444444444444,20
BAAI/bge-base-en-v1.5,768,75,68,0.7654986111111111,0.8257597222222224,0.838201388888889,0.8613624999999999,40
BAAI/bge-base-en-v1.5,768,75,69,0.7841722222222222,0.8386458333333333,0.8367013888888888,0.8612319444444445,40
BAAI/bge-base-en-v1.5,768,75,70,0.7688652777777778,0.8262569444444444,0.8295124999999999,0.8657180555555556,10
BAAI/bge-base-en-v1.5,768,75,71,0.7479083333333333,0.8123805555555556,0.8174638888888889,0.8507277777777777,40
BAAI/bge-base-en-v1.5,768,75,72,0.7566,0.8198500000000001,0.8381583333333333,0.8551333333333333,30
BAAI/bge-base-en-v1.5,768,75,73,0.7634944444444445,0.8050611111111111,0.8331250000000001,0.8594583333333333,2
BAAI/bge-base-en-v1.5,768,75,74,0.784011111111111,0.8199916666666666,0.8163750000000001,0.8715138888888888,40
BAAI/bge-base-en-v1.5,768,75,75,0.7745541666666667,0.8226874999999999,0.8279791666666666,0.8578958333333333,40
BAAI/bge-base-en-v1.5,768,75,76,0.7749986111111111,0.8433986111111111,0.8559875,0.8732319444444443,40
BAAI/bge-base-en-v1.5,768,75,77,0.7734736111111111,0.8311430555555555,0.8281430555555556,0.8761097222222223,40
BAAI/bge-base-en-v1.5,768,75,78,0.7806875,0.8306069444444446,0.8408958333333334,0.8587791666666665,10
BAAI/bge-base-en-v1.5,768,75,79,0.7793291666666666,0.8120791666666667,0.819651388888889,0.8540791666666666,30
BAAI/bge-base-en-v1.5,768,75,80,0.7520569444444445,0.7990569444444446,0.8033375,0.8569569444444445,40
BAAI/bge-base-en-v1.5,768,75,81,0.7629736111111111,0.8136666666666666,0.8062916666666666,0.8550500000000001,40
BAAI/bge-base-en-v1.5,768,75,82,0.7645624999999999,0.8233680555555556,0.8310930555555556,0.8617902777777777,40
BAAI/bge-base-en-v1.5,768,75,83,0.7677638888888889,0.8112277777777778,0.8178166666666667,0.8717416666666666,40
BAAI/bge-base-en-v1.5,768,75,84,0.7703541666666667,0.7985375,0.8156930555555555,0.8614375,30
BAAI/bge-base-en-v1.5,768,75,85,0.7671444444444444,0.8165916666666666,0.8240305555555556,0.8741444444444443,30
BAAI/bge-base-en-v1.5,768,75,86,0.7634805555555555,0.8249249999999999,0.8472055555555555,0.8831138888888889,30
BAAI/bge-base-en-v1.5,768,75,87,0.7645444444444445,0.8158472222222222,0.81995,0.8593694444444445,40
BAAI/bge-base-en-v1.5,768,75,88,0.7914875,0.8337763888888889,0.8376374999999999,0.8641763888888889,40
BAAI/bge-base-en-v1.5,768,75,89,0.7695208333333333,0.8086902777777777,0.8197569444444445,0.8672402777777778,3
BAAI/bge-base-en-v1.5,768,75,90,0.7590722222222221,0.8124944444444446,0.8155111111111113,0.8454583333333334,40
BAAI/bge-base-en-v1.5,768,75,91,0.7650013888888889,0.8075013888888889,0.8322597222222221,0.870115277777778,30
BAAI/bge-base-en-v1.5,768,75,92,0.8049236111111111,0.8329430555555555,0.8407652777777778,0.8673125,40
BAAI/bge-base-en-v1.5,768,75,93,0.7765625,0.8255208333333334,0.8454180555555557,0.8688625000000001,40
BAAI/bge-base-en-v1.5,768,75,94,0.7654583333333334,0.8038083333333333,0.805,0.859275,10
BAAI/bge-base-en-v1.5,768,75,95,0.763373611111111,0.8269319444444444,0.8410291666666667,0.8718958333333333,2
BAAI/bge-base-en-v1.5,768,75,96,0.7819152777777778,0.8124847222222222,0.8386041666666666,0.8747875,40
BAAI/bge-base-en-v1.5,768,75,97,0.7739694444444445,0.8212638888888889,0.8238861111111111,0.8540472222222223,40
BAAI/bge-base-en-v1.5,768,75,98,0.7714916666666667,0.8373833333333334,0.8521388888888888,0.8685666666666665,40
BAAI/bge-base-en-v1.5,768,75,99,0.7632555555555556,0.8148361111111111,0.777986111111111,0.8744944444444445,30
BAAI/bge-base-en-v1.5,768,100,0,0.7749097222222222,0.8424819444444445,0.8532652777777777,0.8776097222222222,40
BAAI/bge-base-en-v1.5,768,100,1,0.7708930555555555,0.8330541666666667,0.8437569444444445,0.8574125,30
BAAI/bge-base-en-v1.5,768,100,2,0.7676763888888889,0.8275375,0.8441430555555556,0.8612374999999999,40
BAAI/bge-base-en-v1.5,768,100,3,0.7651541666666666,0.8152291666666667,0.8369875000000001,0.854826388888889,20
BAAI/bge-base-en-v1.5,768,100,4,0.7710041666666666,0.7975319444444444,0.8182125,0.8583263888888889,30
BAAI/bge-base-en-v1.5,768,100,5,0.7763472222222222,0.8345416666666666,0.8376138888888888,0.8751166666666668,40
BAAI/bge-base-en-v1.5,768,100,6,0.7748625,0.8283319444444444,0.847076388888889,0.8573180555555556,40
BAAI/bge-base-en-v1.5,768,100,7,0.7663375,0.8151902777777777,0.8268930555555556,0.8562125,40
BAAI/bge-base-en-v1.5,768,100,8,0.7751777777777779,0.8061194444444445,0.8274083333333333,0.8733361111111112,40
BAAI/bge-base-en-v1.5,768,100,9,0.7587555555555556,0.8168513888888889,0.8265624999999999,0.863023611111111,40
BAAI/bge-base-en-v1.5,768,100,10,0.7743972222222222,0.8115611111111112,0.8385472222222222,0.8724527777777777,30
BAAI/bge-base-en-v1.5,768,100,11,0.7648527777777778,0.8327555555555557,0.8491833333333334,0.8776749999999999,40
BAAI/bge-base-en-v1.5,768,100,12,0.7741875,0.8358541666666667,0.8411374999999999,0.8606069444444443,40
BAAI/bge-base-en-v1.5,768,100,13,0.7637305555555555,0.8406472222222223,0.8509138888888889,0.8701972222222223,30
BAAI/bge-base-en-v1.5,768,100,14,0.7616638888888889,0.8371222222222222,0.8507527777777777,0.8669694444444446,40
BAAI/bge-base-en-v1.5,768,100,15,0.7574333333333334,0.8178833333333333,0.8437972222222221,0.8627861111111109,40
BAAI/bge-base-en-v1.5,768,100,16,0.7855875,0.8287875000000001,0.8420152777777778,0.8750930555555556,40
BAAI/bge-base-en-v1.5,768,100,17,0.7476958333333334,0.8227958333333334,0.8260458333333334,0.8592291666666667,20
BAAI/bge-base-en-v1.5,768,100,18,0.7846694444444445,0.8256833333333333,0.8387694444444445,0.870075,40
BAAI/bge-base-en-v1.5,768,100,19,0.7582875,0.8314958333333333,0.8424041666666666,0.865548611111111,30
BAAI/bge-base-en-v1.5,768,100,20,0.7647402777777778,0.8229763888888889,0.8362180555555555,0.8649625000000001,20
BAAI/bge-base-en-v1.5,768,100,21,0.7856138888888888,0.83185,0.8597000000000001,0.8616583333333333,30
BAAI/bge-base-en-v1.5,768,100,22,0.7701152777777778,0.8367125,0.8628069444444444,0.8701819444444443,40
BAAI/bge-base-en-v1.5,768,100,23,0.7554763888888889,0.8069041666666665,0.8080263888888889,0.8442180555555555,30
BAAI/bge-base-en-v1.5,768,100,24,0.7682666666666665,0.8362777777777777,0.8498055555555556,0.8612305555555557,40
BAAI/bge-base-en-v1.5,768,100,25,0.7749597222222222,0.7977513888888889,0.8365541666666666,0.8755763888888889,5
BAAI/bge-base-en-v1.5,768,100,26,0.7641138888888889,0.8160472222222221,0.8273083333333333,0.8666055555555555,20
BAAI/bge-base-en-v1.5,768,100,27,0.7809541666666666,0.79665,0.7985222222222222,0.860111111111111,10
BAAI/bge-base-en-v1.5,768,100,28,0.7723513888888888,0.8316402777777777,0.838776388888889,0.8611458333333333,40
BAAI/bge-base-en-v1.5,768,100,29,0.779875,0.8410611111111111,0.8334444444444444,0.8559305555555556,40
BAAI/bge-base-en-v1.5,768,100,30,0.7662555555555555,0.8024,0.8338944444444445,0.8614805555555557,2
BAAI/bge-base-en-v1.5,768,100,31,0.7685708333333334,0.8126930555555556,0.8272763888888889,0.8655486111111113,30
BAAI/bge-base-en-v1.5,768,100,32,0.7917069444444444,0.8370597222222222,0.8437875,0.8695097222222222,40
BAAI/bge-base-en-v1.5,768,100,33,0.7695361111111111,0.8313833333333334,0.8332916666666667,0.8704361111111112,40
BAAI/bge-base-en-v1.5,768,100,34,0.7663583333333334,0.8123055555555555,0.84435,0.849777777777778,40
BAAI/bge-base-en-v1.5,768,100,35,0.7690847222222222,0.8029763888888889,0.832023611111111,0.8672652777777778,40
BAAI/bge-base-en-v1.5,768,100,36,0.7773083333333333,0.82805,0.8487972222222221,0.8634527777777777,30
BAAI/bge-base-en-v1.5,768,100,37,0.7742555555555555,0.8315472222222222,0.8405805555555556,0.8722,40
BAAI/bge-base-en-v1.5,768,100,38,0.7518416666666667,0.7993277777777779,0.8118555555555556,0.8660472222222222,10
BAAI/bge-base-en-v1.5,768,100,39,0.7910111111111111,0.8112250000000001,0.828188888888889,0.8640805555555555,40
BAAI/bge-base-en-v1.5,768,100,40,0.7698986111111111,0.8331458333333333,0.8617708333333334,0.8732541666666667,40
BAAI/bge-base-en-v1.5,768,100,41,0.7732986111111111,0.8146319444444443,0.8386069444444445,0.8652402777777778,30
BAAI/bge-base-en-v1.5,768,100,42,0.7817347222222222,0.8167486111111111,0.8424152777777776,0.8703347222222223,40
BAAI/bge-base-en-v1.5,768,100,43,0.7793541666666667,0.8194430555555555,0.8463319444444444,0.8724458333333333,40
BAAI/bge-base-en-v1.5,768,100,44,0.7725277777777777,0.7974333333333334,0.8461944444444445,0.8754055555555554,10
BAAI/bge-base-en-v1.5,768,100,45,0.7764305555555555,0.8324916666666667,0.8328722222222222,0.8617777777777778,40
BAAI/bge-base-en-v1.5,768,100,46,0.7820472222222222,0.8318222222222222,0.8264027777777778,0.8687055555555554,40
BAAI/bge-base-en-v1.5,768,100,47,0.7879458333333333,0.8204541666666667,0.8405708333333333,0.8741819444444443,40
BAAI/bge-base-en-v1.5,768,100,48,0.7601388888888889,0.8015999999999999,0.8393277777777778,0.8601222222222222,2
BAAI/bge-base-en-v1.5,768,100,49,0.7616083333333332,0.8180416666666667,0.8418972222222223,0.8692166666666666,40
BAAI/bge-base-en-v1.5,768,100,50,0.7497999999999999,0.8163944444444444,0.8262277777777778,0.8602638888888889,40
BAAI/bge-base-en-v1.5,768,100,51,0.7763458333333333,0.8210736111111112,0.8327486111111111,0.8703513888888889,20
BAAI/bge-base-en-v1.5,768,100,52,0.7648916666666667,0.7952638888888889,0.8089888888888889,0.8602138888888888,40
BAAI/bge-base-en-v1.5,768,100,53,0.7716972222222223,0.834825,0.8520638888888888,0.8694611111111111,30
BAAI/bge-base-en-v1.5,768,100,54,0.7596166666666666,0.8057583333333335,0.8292055555555555,0.8664972222222221,40
BAAI/bge-base-en-v1.5,768,100,55,0.7720500000000001,0.7953277777777779,0.8066666666666668,0.8535166666666666,40
BAAI/bge-base-en-v1.5,768,100,56,0.7584652777777778,0.8259430555555556,0.8389430555555556,0.8613513888888888,40
BAAI/bge-base-en-v1.5,768,100,57,0.7723430555555555,0.8175402777777778,0.8369041666666667,0.8780319444444444,40
BAAI/bge-base-en-v1.5,768,100,58,0.7679541666666667,0.8233986111111112,0.842726388888889,0.8717319444444445,40
BAAI/bge-base-en-v1.5,768,100,59,0.7627430555555555,0.8092694444444444,0.8341055555555555,0.8670805555555556,40
BAAI/bge-base-en-v1.5,768,100,60,0.7647527777777777,0.8113833333333333,0.8309444444444445,0.86705,40
BAAI/bge-base-en-v1.5,768,100,61,0.7595638888888889,0.8081222222222222,0.821425,0.8544361111111111,40
BAAI/bge-base-en-v1.5,768,100,62,0.7766833333333334,0.8257083333333333,0.8330083333333334,0.8799611111111112,40
BAAI/bge-base-en-v1.5,768,100,63,0.7598166666666668,0.81595,0.8408277777777777,0.8581805555555556,40
BAAI/bge-base-en-v1.5,768,100,64,0.7730569444444444,0.8254791666666669,0.8332708333333334,0.8663430555555556,40
BAAI/bge-base-en-v1.5,768,100,65,0.7574638888888888,0.8148083333333334,0.812313888888889,0.8595611111111111,40
BAAI/bge-base-en-v1.5,768,100,66,0.7643652777777776,0.8314375,0.8521180555555556,0.8658652777777778,40
BAAI/bge-base-en-v1.5,768,100,67,0.7755944444444445,0.8295027777777778,0.8401027777777779,0.8716333333333333,30
BAAI/bge-base-en-v1.5,768,100,68,0.7758763888888889,0.8245236111111112,0.8505069444444444,0.8703041666666668,40
BAAI/bge-base-en-v1.5,768,100,69,0.7898930555555556,0.8405347222222221,0.8503763888888889,0.8650875,40
BAAI/bge-base-en-v1.5,768,100,70,0.763651388888889,0.8171347222222222,0.8141152777777778,0.8676041666666666,10
BAAI/bge-base-en-v1.5,768,100,71,0.7453555555555555,0.8051361111111112,0.8159027777777776,0.8580166666666666,40
BAAI/bge-base-en-v1.5,768,100,72,0.7601944444444445,0.821011111111111,0.8409555555555557,0.8595666666666667,40
BAAI/bge-base-en-v1.5,768,100,73,0.766836111111111,0.8190999999999999,0.8423472222222222,0.8627694444444445,20
BAAI/bge-base-en-v1.5,768,100,74,0.781525,0.8306583333333334,0.8401611111111111,0.8802833333333333,40
BAAI/bge-base-en-v1.5,768,100,75,0.7758680555555555,0.8285986111111111,0.8419180555555555,0.8615847222222223,40
BAAI/bge-base-en-v1.5,768,100,76,0.7784486111111111,0.8449041666666668,0.8655569444444444,0.8748375000000002,40
BAAI/bge-base-en-v1.5,768,100,77,0.7713249999999999,0.8322097222222222,0.8287291666666666,0.8777291666666667,40
BAAI/bge-base-en-v1.5,768,100,78,0.7793541666666667,0.8263486111111111,0.8453597222222222,0.8605569444444443,30
BAAI/bge-base-en-v1.5,768,100,79,0.7745430555555556,0.811573611111111,0.8303486111111112,0.8609930555555555,40
BAAI/bge-base-en-v1.5,768,100,80,0.7550458333333334,0.7974569444444444,0.8164708333333334,0.8618124999999999,20
BAAI/bge-base-en-v1.5,768,100,81,0.7688583333333333,0.8192333333333333,0.825825,0.8640416666666667,40
BAAI/bge-base-en-v1.5,768,100,82,0.7650180555555557,0.8360458333333332,0.861776388888889,0.8673263888888889,40
BAAI/bge-base-en-v1.5,768,100,83,0.7647222222222223,0.8223083333333333,0.8247555555555556,0.8746555555555555,40
BAAI/bge-base-en-v1.5,768,100,84,0.7697180555555556,0.8141347222222222,0.8298263888888888,0.8633819444444444,40
BAAI/bge-base-en-v1.5,768,100,85,0.7655638888888889,0.8349805555555556,0.822025,0.8762944444444444,30
BAAI/bge-base-en-v1.5,768,100,86,0.7682138888888888,0.8283944444444444,0.8503888888888887,0.8815916666666666,20
BAAI/bge-base-en-v1.5,768,100,87,0.7658416666666665,0.8118722222222223,0.8304055555555556,0.8674277777777777,30
BAAI/bge-base-en-v1.5,768,100,88,0.7871152777777778,0.8376958333333333,0.8542180555555554,0.8706319444444445,40
BAAI/bge-base-en-v1.5,768,100,89,0.7743847222222222,0.8252124999999999,0.8311347222222222,0.8693625,30
BAAI/bge-base-en-v1.5,768,100,90,0.7604194444444445,0.8151722222222222,0.8219194444444444,0.8497138888888889,40
BAAI/bge-base-en-v1.5,768,100,91,0.7659097222222222,0.8181819444444445,0.8389625,0.8711069444444446,40
BAAI/bge-base-en-v1.5,768,100,92,0.8030208333333333,0.8297375,0.8495291666666668,0.8687819444444446,40
BAAI/bge-base-en-v1.5,768,100,93,0.7785152777777778,0.8365236111111112,0.8649097222222222,0.8757597222222222,40
BAAI/bge-base-en-v1.5,768,100,94,0.7680916666666666,0.8106277777777777,0.8029361111111111,0.8664694444444444,40
BAAI/bge-base-en-v1.5,768,100,95,0.7608847222222221,0.8181958333333335,0.8449819444444444,0.8686680555555555,40
BAAI/bge-base-en-v1.5,768,100,96,0.7827680555555556,0.8121569444444445,0.8328263888888889,0.8794930555555556,20
BAAI/bge-base-en-v1.5,768,100,97,0.7698166666666667,0.818825,0.8443277777777778,0.8569722222222221,40
BAAI/bge-base-en-v1.5,768,100,98,0.775475,0.8367416666666666,0.8506833333333332,0.8778166666666668,40
BAAI/bge-base-en-v1.5,768,100,99,0.7615555555555555,0.8234,0.79405,0.8762888888888889,40
BAAI/bge-base-en-v1.5,768,150,0,0.7692041666666667,0.8358375,0.858448611111111,0.8774236111111111,30
BAAI/bge-base-en-v1.5,768,150,1,0.7751236111111112,0.8298930555555556,0.8505291666666667,0.8630819444444444,20
BAAI/bge-base-en-v1.5,768,150,2,0.7705152777777778,0.8265263888888889,0.8363902777777779,0.8614180555555557,40
BAAI/bge-base-en-v1.5,768,150,3,0.7656125,0.8135597222222223,0.8462319444444444,0.8586097222222222,40
BAAI/bge-base-en-v1.5,768,150,4,0.7701791666666667,0.7832625,0.8229041666666667,0.8601958333333334,5
BAAI/bge-base-en-v1.5,768,150,5,0.7766666666666666,0.8384472222222222,0.8534305555555556,0.8810055555555556,40
BAAI/bge-base-en-v1.5,768,150,6,0.7801874999999999,0.8281569444444444,0.8519458333333333,0.8592208333333333,30
BAAI/bge-base-en-v1.5,768,150,7,0.7740347222222221,0.8272708333333334,0.8542680555555555,0.8727680555555556,30
BAAI/bge-base-en-v1.5,768,150,8,0.7693166666666666,0.8045388888888889,0.8334944444444445,0.8727805555555554,30
BAAI/bge-base-en-v1.5,768,150,9,0.7616263888888889,0.8214069444444445,0.8446680555555556,0.8724930555555556,30
BAAI/bge-base-en-v1.5,768,150,10,0.775911111111111,0.8247472222222222,0.8626944444444444,0.8759250000000001,30
BAAI/bge-base-en-v1.5,768,150,11,0.7695624999999999,0.8311666666666666,0.8474555555555556,0.8812888888888889,40
BAAI/bge-base-en-v1.5,768,150,12,0.7710819444444444,0.8306930555555554,0.8426736111111109,0.8645236111111111,40
BAAI/bge-base-en-v1.5,768,150,13,0.7615444444444444,0.8416,0.8623083333333332,0.8729444444444444,40
BAAI/bge-base-en-v1.5,768,150,14,0.7629250000000001,0.8388916666666667,0.8612944444444444,0.8694194444444443,40
BAAI/bge-base-en-v1.5,768,150,15,0.7538027777777778,0.8229944444444445,0.8425750000000001,0.8637083333333333,40
BAAI/bge-base-en-v1.5,768,150,16,0.7845347222222223,0.8366263888888887,0.8529930555555555,0.8813736111111111,40
BAAI/bge-base-en-v1.5,768,150,17,0.7552819444444444,0.8265902777777778,0.8412791666666666,0.8610319444444445,30
BAAI/bge-base-en-v1.5,768,150,18,0.7817916666666667,0.8276777777777777,0.8548638888888889,0.8740972222222222,20
BAAI/bge-base-en-v1.5,768,150,19,0.7587069444444444,0.8400930555555555,0.8588569444444445,0.8746069444444444,30
BAAI/bge-base-en-v1.5,768,150,20,0.7690958333333333,0.8265375,0.8458208333333332,0.8675513888888888,30
BAAI/bge-base-en-v1.5,768,150,21,0.7799236111111111,0.8205027777777778,0.8626833333333334,0.8630138888888889,20
BAAI/bge-base-en-v1.5,768,150,22,0.7708736111111111,0.8424347222222222,0.8702402777777777,0.8750819444444444,30
BAAI/bge-base-en-v1.5,768,150,23,0.7549458333333334,0.8099319444444445,0.8217541666666668,0.8550708333333333,20
BAAI/bge-base-en-v1.5,768,150,24,0.76665,0.8405250000000001,0.8510611111111113,0.8632638888888889,40
BAAI/bge-base-en-v1.5,768,150,25,0.7789874999999999,0.8037902777777778,0.8519958333333333,0.8796791666666667,5
BAAI/bge-base-en-v1.5,768,150,26,0.7671777777777778,0.8202333333333334,0.8353472222222221,0.8674416666666668,20
BAAI/bge-base-en-v1.5,768,150,27,0.7802277777777779,0.8241861111111111,0.8239361111111112,0.8662333333333334,40
BAAI/bge-base-en-v1.5,768,150,28,0.7779319444444446,0.838476388888889,0.8471069444444443,0.8646819444444444,40
BAAI/bge-base-en-v1.5,768,150,29,0.7784333333333333,0.8410916666666667,0.8479027777777778,0.8625999999999999,40
BAAI/bge-base-en-v1.5,768,150,30,0.7634972222222223,0.7935222222222222,0.8462666666666667,0.8667555555555556,2
BAAI/bge-base-en-v1.5,768,150,31,0.7682819444444444,0.8100125,0.8467319444444443,0.8688708333333334,30
BAAI/bge-base-en-v1.5,768,150,32,0.7883402777777778,0.8266486111111111,0.8520597222222223,0.8766736111111111,40
BAAI/bge-base-en-v1.5,768,150,33,0.7710277777777779,0.8299,0.8211166666666667,0.8744499999999998,20
BAAI/bge-base-en-v1.5,768,150,34,0.76675,0.808925,0.8557166666666668,0.8536277777777778,20
BAAI/bge-base-en-v1.5,768,150,35,0.7741291666666668,0.8282819444444444,0.8584652777777777,0.8747847222222223,40
BAAI/bge-base-en-v1.5,768,150,36,0.7755555555555556,0.8260861111111111,0.8491166666666667,0.8670944444444445,20
BAAI/bge-base-en-v1.5,768,150,37,0.7801972222222222,0.8271944444444445,0.8413694444444444,0.8776444444444443,40
BAAI/bge-base-en-v1.5,768,150,38,0.7561222222222221,0.8230444444444446,0.842125,0.8801472222222222,30
BAAI/bge-base-en-v1.5,768,150,39,0.790875,0.807711111111111,0.8347277777777778,0.8683833333333333,40
BAAI/bge-base-en-v1.5,768,150,40,0.7705958333333334,0.8358097222222223,0.8599125,0.8749013888888889,40
BAAI/bge-base-en-v1.5,768,150,41,0.7752180555555556,0.8189652777777777,0.8502013888888889,0.8730902777777777,30
BAAI/bge-base-en-v1.5,768,150,42,0.7834736111111111,0.8371430555555556,0.8599013888888889,0.8719180555555555,40
BAAI/bge-base-en-v1.5,768,150,43,0.7818375,0.8331930555555556,0.8599402777777779,0.8803791666666667,40
BAAI/bge-base-en-v1.5,768,150,44,0.7706444444444445,0.8177416666666666,0.8615722222222222,0.8818305555555556,40
BAAI/bge-base-en-v1.5,768,150,45,0.7758138888888888,0.8236361111111111,0.8490361111111111,0.866475,40
BAAI/bge-base-en-v1.5,768,150,46,0.7818833333333334,0.8287194444444445,0.8415833333333333,0.8653916666666668,40
BAAI/bge-base-en-v1.5,768,150,47,0.7831944444444444,0.8316986111111111,0.8577847222222224,0.8776319444444445,40
BAAI/bge-base-en-v1.5,768,150,48,0.7599972222222222,0.8352444444444445,0.8568527777777777,0.8626499999999999,30
BAAI/bge-base-en-v1.5,768,150,49,0.7664916666666667,0.8297583333333333,0.8555805555555556,0.8777249999999999,40
BAAI/bge-base-en-v1.5,768,150,50,0.7462,0.8210250000000001,0.8370833333333332,0.8658916666666666,40
BAAI/bge-base-en-v1.5,768,150,51,0.7754402777777777,0.8441125,0.8645152777777778,0.8791930555555555,30
BAAI/bge-base-en-v1.5,768,150,52,0.7782472222222223,0.8048666666666666,0.8340611111111111,0.8719833333333333,20
BAAI/bge-base-en-v1.5,768,150,53,0.7728777777777778,0.8427694444444443,0.8550333333333333,0.8773805555555555,40
BAAI/bge-base-en-v1.5,768,150,54,0.7561861111111111,0.8213444444444445,0.8447972222222222,0.8729027777777777,40
BAAI/bge-base-en-v1.5,768,150,55,0.769363888888889,0.8021638888888889,0.8187527777777779,0.8566916666666666,40
BAAI/bge-base-en-v1.5,768,150,56,0.7580430555555555,0.8280375,0.8335291666666668,0.8628041666666666,40
BAAI/bge-base-en-v1.5,768,150,57,0.7680958333333333,0.8148236111111111,0.8447625,0.8804569444444444,20
BAAI/bge-base-en-v1.5,768,150,58,0.7669013888888889,0.8268541666666667,0.8544736111111111,0.8754625,40
BAAI/bge-base-en-v1.5,768,150,59,0.7607722222222222,0.8114888888888889,0.8475611111111111,0.8679583333333333,40
BAAI/bge-base-en-v1.5,768,150,60,0.7630250000000001,0.8157527777777778,0.8533944444444446,0.8756527777777777,40
BAAI/bge-base-en-v1.5,768,150,61,0.7626888888888887,0.8243555555555556,0.8503916666666667,0.8612527777777776,40
BAAI/bge-base-en-v1.5,768,150,62,0.7730833333333333,0.8261694444444445,0.8523777777777779,0.8854527777777779,40
BAAI/bge-base-en-v1.5,768,150,63,0.7597861111111112,0.8220277777777778,0.857375,0.8619416666666666,30
BAAI/bge-base-en-v1.5,768,150,64,0.7723541666666667,0.8384402777777777,0.8483819444444445,0.8687291666666667,40
BAAI/bge-base-en-v1.5,768,150,65,0.7638833333333332,0.827175,0.8374027777777777,0.8678722222222223,40
BAAI/bge-base-en-v1.5,768,150,66,0.7647375000000001,0.8310902777777778,0.8569791666666666,0.8753791666666666,30
BAAI/bge-base-en-v1.5,768,150,67,0.7717416666666665,0.8283194444444444,0.8454361111111112,0.88055,40
BAAI/bge-base-en-v1.5,768,150,68,0.7721819444444445,0.8376930555555555,0.8551597222222221,0.8769402777777777,40
BAAI/bge-base-en-v1.5,768,150,69,0.7894180555555554,0.8483569444444443,0.8589319444444443,0.8722930555555556,40
BAAI/bge-base-en-v1.5,768,150,70,0.767898611111111,0.8274013888888889,0.8561069444444445,0.8756708333333334,40
BAAI/bge-base-en-v1.5,768,150,71,0.7472583333333334,0.812088888888889,0.8319972222222223,0.8634499999999998,40
BAAI/bge-base-en-v1.5,768,150,72,0.7591875,0.8356166666666668,0.8500194444444444,0.8648277777777779,40
BAAI/bge-base-en-v1.5,768,150,73,0.7674472222222222,0.8344666666666667,0.8562166666666666,0.8643277777777778,40
BAAI/bge-base-en-v1.5,768,150,74,0.7796138888888889,0.8410833333333334,0.856425,0.8865,40
BAAI/bge-base-en-v1.5,768,150,75,0.7741041666666668,0.8308152777777777,0.8390291666666667,0.8711124999999998,40
BAAI/bge-base-en-v1.5,768,150,76,0.7786763888888889,0.850723611111111,0.8829819444444444,0.8796430555555556,40
BAAI/bge-base-en-v1.5,768,150,77,0.7713458333333334,0.8297208333333332,0.8576736111111111,0.8801902777777778,40
BAAI/bge-base-en-v1.5,768,150,78,0.7750236111111111,0.8285847222222222,0.8560486111111112,0.8617152777777778,40
BAAI/bge-base-en-v1.5,768,150,79,0.7768069444444445,0.8213708333333334,0.8519013888888888,0.8638708333333334,40
BAAI/bge-base-en-v1.5,768,150,80,0.7562902777777778,0.8114736111111112,0.8471152777777777,0.866398611111111,40
BAAI/bge-base-en-v1.5,768,150,81,0.7692083333333334,0.8309250000000001,0.8467805555555554,0.8716555555555555,40
BAAI/bge-base-en-v1.5,768,150,82,0.7619847222222222,0.8420625,0.8655458333333335,0.866948611111111,40
BAAI/bge-base-en-v1.5,768,150,83,0.763786111111111,0.8276611111111112,0.8508055555555556,0.8771333333333332,40
BAAI/bge-base-en-v1.5,768,150,84,0.7710791666666668,0.828048611111111,0.8323347222222223,0.8641875,30
BAAI/bge-base-en-v1.5,768,150,85,0.7662777777777778,0.841486111111111,0.8639694444444445,0.8788194444444444,30
BAAI/bge-base-en-v1.5,768,150,86,0.7690694444444444,0.8357277777777777,0.8699416666666666,0.8865805555555556,20
BAAI/bge-base-en-v1.5,768,150,87,0.7701055555555555,0.8099861111111111,0.8396083333333333,0.8653361111111111,20
BAAI/bge-base-en-v1.5,768,150,88,0.780576388888889,0.8328875,0.8525513888888889,0.8748791666666668,40
BAAI/bge-base-en-v1.5,768,150,89,0.774526388888889,0.8207319444444444,0.846301388888889,0.8760236111111113,40
BAAI/bge-base-en-v1.5,768,150,90,0.7603972222222222,0.8082166666666666,0.8290333333333334,0.8528138888888889,40
BAAI/bge-base-en-v1.5,768,150,91,0.7704319444444445,0.8180986111111112,0.8546652777777779,0.872848611111111,20
BAAI/bge-base-en-v1.5,768,150,92,0.7993208333333334,0.8279791666666667,0.8610652777777779,0.8752652777777779,40
BAAI/bge-base-en-v1.5,768,150,93,0.7793791666666666,0.8403569444444444,0.8684597222222223,0.876448611111111,40
BAAI/bge-base-en-v1.5,768,150,94,0.7708791666666667,0.8208944444444444,0.8356444444444444,0.8705388888888889,40
BAAI/bge-base-en-v1.5,768,150,95,0.763501388888889,0.8227347222222222,0.8574597222222221,0.8769125000000001,40
BAAI/bge-base-en-v1.5,768,150,96,0.7830472222222222,0.8253069444444445,0.8465263888888888,0.8787986111111111,40
BAAI/bge-base-en-v1.5,768,150,97,0.76795,0.8227444444444445,0.8509555555555556,0.8611583333333334,30
BAAI/bge-base-en-v1.5,768,150,98,0.7733555555555556,0.8439916666666667,0.8635055555555555,0.8785888888888889,40
BAAI/bge-base-en-v1.5,768,150,99,0.765175,0.8259777777777777,0.8367916666666667,0.8871138888888889,40
BAAI/bge-base-en-v1.5,768,200,0,0.7689208333333333,0.838101388888889,0.8640236111111111,0.8828902777777777,40
BAAI/bge-base-en-v1.5,768,200,1,0.7742958333333333,0.8348458333333334,0.8593819444444444,0.8646402777777777,30
BAAI/bge-base-en-v1.5,768,200,2,0.7713347222222222,0.8296458333333334,0.856126388888889,0.8685541666666667,40
BAAI/bge-base-en-v1.5,768,200,3,0.7665513888888889,0.8120791666666667,0.8533680555555555,0.8656541666666666,40
BAAI/bge-base-en-v1.5,768,200,4,0.7688597222222222,0.8131152777777777,0.8431208333333333,0.8637736111111112,40
BAAI/bge-base-en-v1.5,768,200,5,0.7728305555555557,0.8316138888888889,0.8489861111111112,0.8817999999999999,40
BAAI/bge-base-en-v1.5,768,200,6,0.7801375000000002,0.8305902777777778,0.8578930555555556,0.8616263888888889,40
BAAI/bge-base-en-v1.5,768,200,7,0.7734041666666667,0.8301652777777777,0.8607708333333333,0.8740152777777779,40
BAAI/bge-base-en-v1.5,768,200,8,0.7739611111111111,0.81495,0.8545277777777779,0.8733527777777776,30
BAAI/bge-base-en-v1.5,768,200,9,0.7569097222222223,0.8292124999999999,0.8477875000000001,0.8767430555555555,40
BAAI/bge-base-en-v1.5,768,200,10,0.772375,0.8313555555555555,0.8662194444444444,0.8752777777777777,40
BAAI/bge-base-en-v1.5,768,200,11,0.7688583333333333,0.8357666666666668,0.8590083333333332,0.8810277777777779,40
BAAI/bge-base-en-v1.5,768,200,12,0.7741125,0.8368513888888889,0.8646263888888889,0.8707541666666667,40
BAAI/bge-base-en-v1.5,768,200,13,0.7572861111111111,0.8340444444444445,0.85965,0.8715027777777777,40
BAAI/bge-base-en-v1.5,768,200,14,0.7663861111111112,0.8458583333333333,0.8707361111111112,0.8703277777777778,40
BAAI/bge-base-en-v1.5,768,200,15,0.7520472222222223,0.8237805555555555,0.8474972222222221,0.863213888888889,40
BAAI/bge-base-en-v1.5,768,200,16,0.7812097222222223,0.8292069444444444,0.8626875,0.8812736111111112,30
BAAI/bge-base-en-v1.5,768,200,17,0.7600125,0.8281375,0.845301388888889,0.8655958333333333,30
BAAI/bge-base-en-v1.5,768,200,18,0.7811000000000001,0.8389166666666666,0.8637027777777779,0.8762527777777778,40
BAAI/bge-base-en-v1.5,768,200,19,0.7577791666666667,0.8342986111111111,0.8552208333333333,0.875273611111111,30
BAAI/bge-base-en-v1.5,768,200,20,0.768876388888889,0.8382791666666668,0.8643125,0.8795541666666666,40
BAAI/bge-base-en-v1.5,768,200,21,0.7779777777777778,0.8279277777777777,0.8657027777777778,0.8694666666666667,30
BAAI/bge-base-en-v1.5,768,200,22,0.7715624999999999,0.8433875000000001,0.8755902777777778,0.8798847222222221,30
BAAI/bge-base-en-v1.5,768,200,23,0.7580402777777778,0.819773611111111,0.8463124999999999,0.8611430555555555,30
BAAI/bge-base-en-v1.5,768,200,24,0.7652805555555556,0.8369694444444444,0.8540861111111111,0.8624777777777778,40
BAAI/bge-base-en-v1.5,768,200,25,0.7817319444444444,0.8001041666666668,0.8595236111111112,0.8807791666666667,5
BAAI/bge-base-en-v1.5,768,200,26,0.7689875,0.8392527777777777,0.8636527777777778,0.87245,40
BAAI/bge-base-en-v1.5,768,200,27,0.776025,0.8304722222222223,0.8540972222222223,0.8671722222222222,40
BAAI/bge-base-en-v1.5,768,200,28,0.7772069444444444,0.8349041666666668,0.8496541666666666,0.8689736111111112,40
BAAI/bge-base-en-v1.5,768,200,29,0.7769166666666666,0.8425055555555555,0.8595972222222222,0.8661194444444444,30
BAAI/bge-base-en-v1.5,768,200,30,0.7627333333333333,0.8367000000000001,0.8617250000000001,0.871963888888889,40
BAAI/bge-base-en-v1.5,768,200,31,0.7724319444444445,0.8215930555555555,0.8582402777777778,0.8747263888888888,40
BAAI/bge-base-en-v1.5,768,200,32,0.7898625,0.8349708333333333,0.869276388888889,0.8809430555555555,40
BAAI/bge-base-en-v1.5,768,200,33,0.7724666666666666,0.8246583333333333,0.8326805555555555,0.8777027777777777,30
BAAI/bge-base-en-v1.5,768,200,34,0.767075,0.8222750000000001,0.8656805555555556,0.8566111111111112,30
BAAI/bge-base-en-v1.5,768,200,35,0.774851388888889,0.8295180555555557,0.8637263888888888,0.8768013888888889,40
BAAI/bge-base-en-v1.5,768,200,36,0.7725944444444445,0.8292944444444444,0.8512138888888889,0.8678861111111111,20
BAAI/bge-base-en-v1.5,768,200,37,0.7804777777777778,0.8226305555555554,0.8595333333333333,0.8804138888888888,40
BAAI/bge-base-en-v1.5,768,200,38,0.7531680555555555,0.8330638888888889,0.8541972222222223,0.8804388888888888,40
BAAI/bge-base-en-v1.5,768,200,39,0.7893722222222221,0.8195972222222223,0.8526111111111112,0.8747972222222222,40
BAAI/bge-base-en-v1.5,768,200,40,0.7734569444444443,0.836873611111111,0.8628069444444444,0.8789930555555555,40
BAAI/bge-base-en-v1.5,768,200,41,0.7751958333333333,0.8204180555555556,0.8568847222222222,0.8781069444444444,30
BAAI/bge-base-en-v1.5,768,200,42,0.7820486111111111,0.8330402777777778,0.8677874999999998,0.8752347222222222,40
BAAI/bge-base-en-v1.5,768,200,43,0.7833736111111111,0.8397402777777777,0.8699347222222222,0.8815208333333333,40
BAAI/bge-base-en-v1.5,768,200,44,0.7668763888888889,0.814338888888889,0.8545,0.884886111111111,40
BAAI/bge-base-en-v1.5,768,200,45,0.7772166666666667,0.8251583333333333,0.8594611111111111,0.8750305555555554,30
BAAI/bge-base-en-v1.5,768,200,46,0.783561111111111,0.8303333333333333,0.8479166666666667,0.8671555555555555,40
BAAI/bge-base-en-v1.5,768,200,47,0.7851541666666666,0.8342347222222223,0.8696763888888889,0.8776902777777779,40
BAAI/bge-base-en-v1.5,768,200,48,0.7640833333333334,0.8196138888888889,0.8528749999999999,0.861561111111111,20
BAAI/bge-base-en-v1.5,768,200,49,0.7709166666666667,0.8435083333333333,0.8650972222222224,0.8824444444444444,40
BAAI/bge-base-en-v1.5,768,200,50,0.7499472222222222,0.8236416666666666,0.8423194444444444,0.8686416666666666,40
BAAI/bge-base-en-v1.5,768,200,51,0.7746319444444445,0.8482791666666667,0.8701736111111111,0.881098611111111,40
BAAI/bge-base-en-v1.5,768,200,52,0.7785722222222222,0.8160194444444445,0.8432638888888889,0.8743277777777778,40
BAAI/bge-base-en-v1.5,768,200,53,0.7754777777777777,0.8402777777777777,0.860586111111111,0.8805666666666666,40
BAAI/bge-base-en-v1.5,768,200,54,0.7588361111111113,0.8221972222222222,0.8545916666666666,0.8753194444444444,40
BAAI/bge-base-en-v1.5,768,200,55,0.7763916666666667,0.811861111111111,0.8364166666666667,0.8636944444444445,40
BAAI/bge-base-en-v1.5,768,200,56,0.7605097222222221,0.8372180555555555,0.8623791666666667,0.8667263888888889,40
BAAI/bge-base-en-v1.5,768,200,57,0.7673708333333333,0.8266069444444445,0.8484013888888889,0.8821569444444444,40
BAAI/bge-base-en-v1.5,768,200,58,0.7654680555555556,0.8225680555555556,0.8575208333333333,0.8772569444444444,40
BAAI/bge-base-en-v1.5,768,200,59,0.7579777777777779,0.8180555555555554,0.8515388888888887,0.8721249999999999,40
BAAI/bge-base-en-v1.5,768,200,60,0.763611111111111,0.8183222222222223,0.8676083333333334,0.8782666666666666,40
BAAI/bge-base-en-v1.5,768,200,61,0.7645055555555557,0.8313611111111112,0.8580972222222222,0.8675805555555555,40
BAAI/bge-base-en-v1.5,768,200,62,0.7717749999999999,0.8285666666666667,0.8612416666666668,0.8855222222222221,40
BAAI/bge-base-en-v1.5,768,200,63,0.7602277777777777,0.8325305555555556,0.8676972222222221,0.8661944444444444,40
BAAI/bge-base-en-v1.5,768,200,64,0.7712847222222222,0.8392097222222223,0.8621208333333333,0.8723958333333333,30
BAAI/bge-base-en-v1.5,768,200,65,0.7621416666666666,0.8243305555555556,0.8483194444444445,0.8673777777777777,40
BAAI/bge-base-en-v1.5,768,200,66,0.7674291666666667,0.8285124999999999,0.8656791666666667,0.8788847222222222,40
BAAI/bge-base-en-v1.5,768,200,67,0.770086111111111,0.8202833333333333,0.8602555555555556,0.8866499999999999,30
BAAI/bge-base-en-v1.5,768,200,68,0.7718930555555555,0.8416208333333333,0.8636152777777778,0.8792819444444444,40
BAAI/bge-base-en-v1.5,768,200,69,0.7899736111111111,0.8422236111111112,0.8657236111111112,0.8759458333333334,40
BAAI/bge-base-en-v1.5,768,200,70,0.7701986111111111,0.8377708333333334,0.8714819444444444,0.8806402777777778,40
BAAI/bge-base-en-v1.5,768,200,71,0.7488861111111111,0.8136666666666668,0.8453333333333333,0.8659833333333333,30
BAAI/bge-base-en-v1.5,768,200,72,0.7582986111111112,0.8289888888888888,0.8491472222222223,0.8670083333333333,30
BAAI/bge-base-en-v1.5,768,200,73,0.7694249999999999,0.8332527777777777,0.8624833333333333,0.8657527777777778,30
BAAI/bge-base-en-v1.5,768,200,74,0.7779416666666665,0.8434583333333332,0.8678083333333333,0.8902972222222222,40
BAAI/bge-base-en-v1.5,768,200,75,0.7749625,0.8338347222222222,0.8551180555555555,0.8732375,40
BAAI/bge-base-en-v1.5,768,200,76,0.7758513888888888,0.8496597222222222,0.8788708333333333,0.8809819444444444,40
BAAI/bge-base-en-v1.5,768,200,77,0.7697736111111112,0.8396347222222222,0.8695347222222222,0.8855319444444446,30
BAAI/bge-base-en-v1.5,768,200,78,0.7774958333333333,0.8339819444444444,0.871851388888889,0.8694069444444443,40
BAAI/bge-base-en-v1.5,768,200,79,0.777698611111111,0.8191569444444444,0.8537680555555556,0.8702763888888887,40
BAAI/bge-base-en-v1.5,768,200,80,0.7562291666666667,0.8150875,0.8486819444444444,0.8657069444444445,40
BAAI/bge-base-en-v1.5,768,200,81,0.7675055555555557,0.8379666666666667,0.8650583333333334,0.8775611111111112,40
BAAI/bge-base-en-v1.5,768,200,82,0.7594319444444446,0.8420319444444444,0.8644736111111112,0.8695930555555554,40
BAAI/bge-base-en-v1.5,768,200,83,0.7579666666666667,0.8343444444444444,0.8683194444444445,0.8810305555555555,40
BAAI/bge-base-en-v1.5,768,200,84,0.769626388888889,0.8302791666666667,0.8418930555555555,0.8702375000000001,30
BAAI/bge-base-en-v1.5,768,200,85,0.7668611111111111,0.837775,0.8689500000000001,0.8808472222222222,30
BAAI/bge-base-en-v1.5,768,200,86,0.7665888888888889,0.831336111111111,0.8736027777777777,0.8875027777777778,20
BAAI/bge-base-en-v1.5,768,200,87,0.7702638888888889,0.8289583333333332,0.856036111111111,0.8671833333333333,40
BAAI/bge-base-en-v1.5,768,200,88,0.7782569444444445,0.8477958333333333,0.8682819444444444,0.8834652777777778,40
BAAI/bge-base-en-v1.5,768,200,89,0.7709319444444445,0.8263069444444444,0.8522791666666668,0.8787097222222222,40
BAAI/bge-base-en-v1.5,768,200,90,0.762161111111111,0.8027611111111113,0.8340666666666666,0.8584472222222221,20
BAAI/bge-base-en-v1.5,768,200,91,0.7751986111111112,0.8293236111111111,0.8654847222222222,0.874301388888889,40
BAAI/bge-base-en-v1.5,768,200,92,0.7974347222222222,0.8351208333333333,0.8775541666666666,0.8816791666666666,40
BAAI/bge-base-en-v1.5,768,200,93,0.7797194444444445,0.8429986111111112,0.8727069444444444,0.8797291666666666,40
BAAI/bge-base-en-v1.5,768,200,94,0.7729111111111111,0.8274722222222223,0.8478805555555554,0.8740472222222222,40
BAAI/bge-base-en-v1.5,768,200,95,0.762626388888889,0.8261319444444446,0.8512152777777777,0.8800208333333334,40
BAAI/bge-base-en-v1.5,768,200,96,0.7848958333333333,0.8308569444444445,0.8596569444444444,0.8846875000000001,40
BAAI/bge-base-en-v1.5,768,200,97,0.7699111111111112,0.8307194444444443,0.8657083333333333,0.8621166666666666,40
BAAI/bge-base-en-v1.5,768,200,98,0.772013888888889,0.8440027777777778,0.8683472222222223,0.8791805555555556,40
BAAI/bge-base-en-v1.5,768,200,99,0.7691736111111112,0.8335777777777778,0.8497694444444445,0.889788888888889,40
all-mpnet-base-v2,768,2,0,0.7613666666666666,0.7601194444444445,,0.6327444444444444,2
all-mpnet-base-v2,768,2,1,0.7712152777777778,0.7878097222222222,,0.793573611111111,2
all-mpnet-base-v2,768,2,2,0.7605749999999999,0.7636333333333333,,0.8073027777777777,1
all-mpnet-base-v2,768,2,3,0.7589027777777777,0.7506861111111112,,0.8070138888888888,1
all-mpnet-base-v2,768,2,4,0.7887083333333333,0.7897972222222222,,0.8158861111111111,2
all-mpnet-base-v2,768,2,5,0.6091722222222222,0.5898083333333335,,0.4175583333333333,1
all-mpnet-base-v2,768,2,6,0.8052208333333333,0.8150347222222222,,0.8105986111111111,2
all-mpnet-base-v2,768,2,7,0.7671027777777778,0.7578666666666666,,0.7809833333333334,2
all-mpnet-base-v2,768,2,8,0.760186111111111,0.7450333333333333,,0.7391972222222223,2
all-mpnet-base-v2,768,2,9,0.7674097222222221,0.7688763888888889,,0.8186791666666666,2
all-mpnet-base-v2,768,2,10,0.7419722222222223,0.7631361111111111,,0.7562111111111112,2
all-mpnet-base-v2,768,2,11,0.7693875,0.7709791666666667,,0.8289486111111112,1
all-mpnet-base-v2,768,2,12,0.7618638888888889,0.7562083333333334,,0.8097611111111112,1
all-mpnet-base-v2,768,2,13,0.7486027777777778,0.7437944444444444,,0.5827833333333334,2
all-mpnet-base-v2,768,2,14,0.774834722222222,0.7798152777777777,,0.6341347222222222,2
all-mpnet-base-v2,768,2,15,0.820975,0.8124833333333333,,0.8392027777777777,1
all-mpnet-base-v2,768,2,16,0.6946777777777778,0.69355,,0.8014666666666668,1
all-mpnet-base-v2,768,2,17,0.6068013888888889,0.6243125,,0.7348902777777778,1
all-mpnet-base-v2,768,2,18,0.8180166666666666,0.8146222222222224,,0.8059111111111111,1
all-mpnet-base-v2,768,2,19,0.6335958333333334,0.6466097222222222,,0.5906486111111111,1
all-mpnet-base-v2,768,2,20,0.8057458333333334,0.8054486111111111,,0.7259708333333333,1
all-mpnet-base-v2,768,2,21,0.5886527777777778,0.6110833333333333,,0.6028611111111112,1
all-mpnet-base-v2,768,2,22,0.6485847222222223,0.7375680555555556,,0.5660569444444445,2
all-mpnet-base-v2,768,2,23,0.7835472222222223,0.7863458333333333,,0.6633930555555555,1
all-mpnet-base-v2,768,2,24,0.6560847222222224,0.6494263888888888,,0.6654791666666666,2
all-mpnet-base-v2,768,2,25,0.6827263888888888,0.6895208333333332,,0.6757597222222221,2
all-mpnet-base-v2,768,2,26,0.6220277777777778,0.6160555555555556,,0.6615888888888889,1
all-mpnet-base-v2,768,2,27,0.5363208333333334,0.5129708333333334,,0.7545597222222222,2
all-mpnet-base-v2,768,2,28,0.7645319444444445,0.7618708333333333,,0.7268652777777778,2
all-mpnet-base-v2,768,2,29,0.7218166666666666,0.7294305555555556,,0.7195583333333333,1
all-mpnet-base-v2,768,2,30,0.7659833333333335,0.7735208333333333,,0.8201819444444445,1
all-mpnet-base-v2,768,2,31,0.755875,0.7773944444444445,,0.8150027777777777,2
all-mpnet-base-v2,768,2,32,0.784511111111111,0.7935666666666666,,0.8067555555555554,1
all-mpnet-base-v2,768,2,33,0.7558125,0.7571652777777778,,0.7960930555555557,1
all-mpnet-base-v2,768,2,34,0.7322069444444446,0.7563791666666667,,0.8041069444444443,1
all-mpnet-base-v2,768,2,35,0.7783027777777778,0.7876138888888888,,0.7357972222222222,2
all-mpnet-base-v2,768,2,36,0.8053305555555555,0.8067000000000001,,0.7583388888888889,2
all-mpnet-base-v2,768,2,37,0.6341972222222222,0.6367916666666666,,0.7457277777777778,1
all-mpnet-base-v2,768,2,38,0.7391638888888888,0.7397777777777778,,0.7956,1
all-mpnet-base-v2,768,2,39,0.8030305555555555,0.7994305555555555,,0.5993472222222223,1
all-mpnet-base-v2,768,2,40,0.7713694444444444,0.7713222222222222,,0.8201249999999999,2
all-mpnet-base-v2,768,2,41,0.745886111111111,0.774463888888889,,0.8239361111111111,2
all-mpnet-base-v2,768,2,42,0.6829694444444445,0.7402472222222223,,0.7412916666666667,2
all-mpnet-base-v2,768,2,43,0.6890083333333333,0.6537611111111111,,0.7662083333333334,2
all-mpnet-base-v2,768,2,44,0.7722305555555555,0.7824416666666666,,0.7985749999999998,1
all-mpnet-base-v2,768,2,45,0.7356833333333334,0.7344805555555555,,0.7654805555555555,1
all-mpnet-base-v2,768,2,46,0.7690027777777779,0.7697805555555556,,0.6932972222222222,2
all-mpnet-base-v2,768,2,47,0.7681125,0.7525069444444444,,0.7840763888888888,2
all-mpnet-base-v2,768,2,48,0.7536097222222222,0.7407708333333333,,0.5002430555555555,2
all-mpnet-base-v2,768,2,49,0.4711222222222222,0.5543583333333333,,0.5140138888888889,2
all-mpnet-base-v2,768,2,50,0.8181875000000001,0.8192875000000001,,0.7946541666666667,1
all-mpnet-base-v2,768,2,51,0.8028819444444445,0.8030458333333333,,0.8093736111111112,1
all-mpnet-base-v2,768,2,52,0.7740402777777777,0.7791791666666668,,0.7206180555555555,1
all-mpnet-base-v2,768,2,53,0.7490388888888888,0.7625361111111112,,0.7383694444444444,2
all-mpnet-base-v2,768,2,54,0.7884680555555557,0.7870930555555555,,0.7832791666666667,1
all-mpnet-base-v2,768,2,55,0.7199861111111111,0.7162416666666667,,0.7481694444444444,2
all-mpnet-base-v2,768,2,56,0.7902236111111112,0.796551388888889,,0.7053902777777779,1
all-mpnet-base-v2,768,2,57,0.7358027777777777,0.7337638888888889,,0.6118194444444444,2
all-mpnet-base-v2,768,2,58,0.7660819444444444,0.7629319444444446,,0.7917541666666666,1
all-mpnet-base-v2,768,2,59,0.7435333333333334,0.7476388888888889,,0.7824055555555556,1
all-mpnet-base-v2,768,2,60,0.7159375,0.7266597222222223,,0.7005791666666665,2
all-mpnet-base-v2,768,2,61,0.7197055555555555,0.74235,,0.7616527777777777,2
all-mpnet-base-v2,768,2,62,0.7260555555555556,0.7319638888888889,,0.6568333333333334,1
all-mpnet-base-v2,768,2,63,0.7088652777777777,0.7005458333333334,,0.6152291666666666,2
all-mpnet-base-v2,768,2,64,0.8065180555555556,0.8127541666666666,,0.8415597222222221,1
all-mpnet-base-v2,768,2,65,0.748401388888889,0.7663069444444445,,0.7852291666666665,2
all-mpnet-base-v2,768,2,66,0.7269305555555555,0.7128305555555555,,0.6298305555555556,2
all-mpnet-base-v2,768,2,67,0.7483527777777778,0.7537027777777776,,0.7789722222222223,2
all-mpnet-base-v2,768,2,68,0.7646888888888889,0.7739055555555555,,0.7774833333333333,1
all-mpnet-base-v2,768,2,69,0.7638791666666666,0.7614708333333333,,0.8124791666666666,2
all-mpnet-base-v2,768,2,70,0.8196583333333334,0.8187055555555556,,0.8340805555555555,1
all-mpnet-base-v2,768,2,71,0.7376444444444444,0.7543805555555556,,0.774375,2
all-mpnet-base-v2,768,2,72,0.7597972222222222,0.7673277777777778,,0.6132333333333333,2
all-mpnet-base-v2,768,2,73,0.7336055555555556,0.7562638888888888,,0.7364166666666666,2
all-mpnet-base-v2,768,2,74,0.6025083333333333,0.6246611111111111,,0.6150666666666667,2
all-mpnet-base-v2,768,2,75,0.7910458333333332,0.8021152777777776,,0.789926388888889,1
all-mpnet-base-v2,768,2,76,0.7388513888888888,0.7351986111111111,,0.6596291666666667,1
all-mpnet-base-v2,768,2,77,0.7970569444444443,0.7986041666666667,,0.7875208333333334,1
all-mpnet-base-v2,768,2,78,0.7903583333333333,0.7980027777777778,,0.8434083333333332,1
all-mpnet-base-v2,768,2,79,0.7879402777777778,0.7904486111111112,,0.8192680555555555,2
all-mpnet-base-v2,768,2,80,0.7750388888888888,0.7787333333333334,,0.6919916666666667,1
all-mpnet-base-v2,768,2,81,0.6340569444444445,0.6176958333333333,,0.5497458333333333,2
all-mpnet-base-v2,768,2,82,0.7847291666666667,0.7854930555555555,,0.7958958333333332,1
all-mpnet-base-v2,768,2,83,0.7557513888888889,0.7638875,,0.7876930555555556,1
all-mpnet-base-v2,768,2,84,0.7526250000000001,0.7737944444444445,,0.7806666666666666,2
all-mpnet-base-v2,768,2,85,0.6913250000000001,0.7222305555555556,,0.6866888888888889,1
all-mpnet-base-v2,768,2,86,0.7985333333333334,0.812511111111111,,0.7947583333333333,2
all-mpnet-base-v2,768,2,87,0.6152847222222223,0.5654347222222222,,0.6884819444444444,1
all-mpnet-base-v2,768,2,88,0.5393875,0.5599041666666666,,0.6251763888888889,1
all-mpnet-base-v2,768,2,89,0.7554597222222222,0.7387069444444444,,0.7906847222222223,2
all-mpnet-base-v2,768,2,90,0.7533902777777779,0.7615819444444445,,0.8215958333333332,2
all-mpnet-base-v2,768,2,91,0.6818222222222222,0.6644916666666667,,0.28999166666666665,1
all-mpnet-base-v2,768,2,92,0.7365777777777778,0.7333277777777778,,0.7847500000000001,2
all-mpnet-base-v2,768,2,93,0.5781486111111112,0.7155291666666667,,0.7407708333333334,1
all-mpnet-base-v2,768,2,94,0.7564416666666667,0.7433388888888889,,0.7744833333333333,2
all-mpnet-base-v2,768,2,95,0.7207944444444445,0.7444333333333333,,0.7925027777777778,1
all-mpnet-base-v2,768,2,96,0.7092472222222223,0.7081986111111112,,0.5707958333333334,2
all-mpnet-base-v2,768,2,97,0.7553791666666667,0.7939458333333334,,0.7678847222222223,1
all-mpnet-base-v2,768,2,98,0.8138402777777778,0.812598611111111,,0.5737986111111111,1
all-mpnet-base-v2,768,2,99,0.808972222222222,0.8111305555555557,,0.7908388888888889,1
all-mpnet-base-v2,768,3,0,0.7847972222222221,0.7957416666666667,,0.7653916666666667,1
all-mpnet-base-v2,768,3,1,0.7844291666666668,0.8115236111111112,,0.8386819444444444,3
all-mpnet-base-v2,768,3,2,0.7861138888888888,0.7906305555555555,,0.8173722222222223,2
all-mpnet-base-v2,768,3,3,0.7714944444444445,0.7729361111111112,,0.8269166666666667,1
all-mpnet-base-v2,768,3,4,0.7893055555555556,0.7900722222222223,,0.7842833333333333,2
all-mpnet-base-v2,768,3,5,0.7454388888888889,0.7376611111111111,,0.633836111111111,3
all-mpnet-base-v2,768,3,6,0.8015430555555556,0.8164569444444443,,0.8130708333333333,3
all-mpnet-base-v2,768,3,7,0.8003722222222223,0.8112055555555555,,0.8333555555555556,1
all-mpnet-base-v2,768,3,8,0.781875,0.783725,,0.7590250000000001,1
all-mpnet-base-v2,768,3,9,0.6594513888888889,0.7560263888888887,,0.7359041666666667,1
all-mpnet-base-v2,768,3,10,0.7318749999999999,0.7640027777777777,,0.7126694444444445,3
all-mpnet-base-v2,768,3,11,0.7584402777777777,0.7786152777777778,,0.8336263888888891,2
all-mpnet-base-v2,768,3,12,0.7390944444444443,0.7584944444444444,,0.8005833333333334,1
all-mpnet-base-v2,768,3,13,0.7723166666666668,0.7942250000000001,,0.7540194444444445,3
all-mpnet-base-v2,768,3,14,0.7012513888888889,0.7330041666666667,,0.655976388888889,3
all-mpnet-base-v2,768,3,15,0.7920722222222222,0.8138666666666667,,0.7987861111111112,1
all-mpnet-base-v2,768,3,16,0.7451055555555557,0.7571333333333333,,0.8327666666666667,1
all-mpnet-base-v2,768,3,17,0.6288125,0.6696486111111112,,0.758201388888889,1
all-mpnet-base-v2,768,3,18,0.8143055555555555,0.8162444444444446,,0.8333722222222223,1
all-mpnet-base-v2,768,3,19,0.6255333333333333,0.649476388888889,,0.6723402777777778,1
all-mpnet-base-v2,768,3,20,0.8015680555555555,0.7929930555555555,,0.7654680555555556,3
all-mpnet-base-v2,768,3,21,0.6341569444444444,0.6877861111111111,,0.7332666666666667,1
all-mpnet-base-v2,768,3,22,0.6913041666666667,0.7487791666666667,,0.6475263888888889,2
all-mpnet-base-v2,768,3,23,0.7719402777777779,0.7933458333333333,,0.7675430555555556,1
all-mpnet-base-v2,768,3,24,0.6821541666666668,0.6874930555555556,,0.7181791666666667,1
all-mpnet-base-v2,768,3,25,0.7241152777777777,0.7616458333333334,,0.7779152777777778,3
all-mpnet-base-v2,768,3,26,0.6345388888888889,0.6394416666666667,,0.7286250000000001,3
all-mpnet-base-v2,768,3,27,0.5617125000000001,0.6276902777777777,,0.5718291666666667,3
all-mpnet-base-v2,768,3,28,0.767076388888889,0.7583069444444444,,0.7362680555555556,2
all-mpnet-base-v2,768,3,29,0.698286111111111,0.7431805555555555,,0.7021055555555555,2
all-mpnet-base-v2,768,3,30,0.7933819444444444,0.8040541666666666,,0.8464930555555555,1
all-mpnet-base-v2,768,3,31,0.7730666666666667,0.7926666666666666,,0.8257777777777778,2
all-mpnet-base-v2,768,3,32,0.8092361111111112,0.8130833333333334,,0.7872055555555556,1
all-mpnet-base-v2,768,3,33,0.7622430555555555,0.7714736111111112,,0.8009958333333334,3
all-mpnet-base-v2,768,3,34,0.7199597222222223,0.7291291666666666,,0.7982902777777777,1
all-mpnet-base-v2,768,3,35,0.7810444444444444,0.7779166666666668,,0.7815527777777779,1
all-mpnet-base-v2,768,3,36,0.7865138888888888,0.7982388888888888,,0.7762777777777777,2
all-mpnet-base-v2,768,3,37,0.6621388888888888,0.6560444444444444,,0.698763888888889,1
all-mpnet-base-v2,768,3,38,0.7801194444444446,0.789563888888889,,0.8238333333333331,1
all-mpnet-base-v2,768,3,39,0.8103638888888889,0.8052944444444444,,0.7129694444444445,1
all-mpnet-base-v2,768,3,40,0.7724250000000001,0.791875,,0.8378611111111112,3
all-mpnet-base-v2,768,3,41,0.7719305555555556,0.7833222222222223,,0.82875,3
all-mpnet-base-v2,768,3,42,0.69255,0.7481222222222221,,0.7788027777777776,3
all-mpnet-base-v2,768,3,43,0.77705,0.784675,,0.75055,3
all-mpnet-base-v2,768,3,44,0.7917555555555555,0.8066833333333333,,0.7955,1
all-mpnet-base-v2,768,3,45,0.7787055555555554,0.7919277777777778,,0.7945305555555555,3
all-mpnet-base-v2,768,3,46,0.7441194444444444,0.7324583333333334,,0.6768166666666667,3
all-mpnet-base-v2,768,3,47,0.7994430555555556,0.8040597222222221,,0.8009375,2
all-mpnet-base-v2,768,3,48,0.7564458333333334,0.7542263888888889,,0.6123708333333333,3
all-mpnet-base-v2,768,3,49,0.5311472222222222,0.5759416666666667,,0.5591444444444444,2
all-mpnet-base-v2,768,3,50,0.8032708333333334,0.8161152777777778,,0.7737402777777778,1
all-mpnet-base-v2,768,3,51,0.7935986111111111,0.7985763888888889,,0.8118875,3
all-mpnet-base-v2,768,3,52,0.7701013888888889,0.7783486111111111,,0.8040819444444444,2
all-mpnet-base-v2,768,3,53,0.7728333333333334,0.7855666666666667,,0.7958277777777777,2
all-mpnet-base-v2,768,3,54,0.7580958333333333,0.7878125,,0.7631347222222221,1
all-mpnet-base-v2,768,3,55,0.7636472222222223,0.7532027777777778,,0.7282722222222222,3
all-mpnet-base-v2,768,3,56,0.7890680555555556,0.7933791666666666,,0.7739069444444445,3
all-mpnet-base-v2,768,3,57,0.7165888888888888,0.7336194444444445,,0.6978944444444444,3
all-mpnet-base-v2,768,3,58,0.7741402777777778,0.7738597222222222,,0.8056041666666667,2
all-mpnet-base-v2,768,3,59,0.7254777777777779,0.7368055555555555,,0.8005055555555555,1
all-mpnet-base-v2,768,3,60,0.680001388888889,0.6940958333333334,,0.5100097222222223,3
all-mpnet-base-v2,768,3,61,0.7299111111111112,0.7720472222222222,,0.8232972222222223,3
all-mpnet-base-v2,768,3,62,0.7458388888888889,0.7416333333333334,,0.6992777777777778,1
all-mpnet-base-v2,768,3,63,0.7398708333333333,0.7412097222222223,,0.6810875,3
all-mpnet-base-v2,768,3,64,0.8195097222222223,0.826573611111111,,0.8598097222222221,1
all-mpnet-base-v2,768,3,65,0.7178430555555555,0.7592930555555556,,0.7552541666666667,3
all-mpnet-base-v2,768,3,66,0.75045,0.7422,,0.7154972222222222,3
all-mpnet-base-v2,768,3,67,0.7576527777777777,0.7647111111111111,,0.7163972222222222,3
all-mpnet-base-v2,768,3,68,0.7343916666666667,0.7560805555555555,,0.8083694444444445,2
all-mpnet-base-v2,768,3,69,0.7362430555555555,0.7503652777777778,,0.6970458333333333,1
all-mpnet-base-v2,768,3,70,0.8207777777777778,0.8316305555555555,,0.8595027777777777,1
all-mpnet-base-v2,768,3,71,0.7445805555555556,0.747725,,0.7939972222222222,2
all-mpnet-base-v2,768,3,72,0.8034472222222222,0.8077166666666666,,0.6416194444444444,3
all-mpnet-base-v2,768,3,73,0.7628194444444445,0.7745916666666667,,0.7626138888888889,1
all-mpnet-base-v2,768,3,74,0.6845222222222223,0.7347777777777779,,0.6270861111111111,3
all-mpnet-base-v2,768,3,75,0.8008902777777778,0.8156152777777778,,0.8187097222222223,3
all-mpnet-base-v2,768,3,76,0.7491041666666667,0.7547236111111111,,0.6874625,1
all-mpnet-base-v2,768,3,77,0.8040152777777777,0.8120458333333334,,0.8221597222222222,2
all-mpnet-base-v2,768,3,78,0.7688583333333333,0.7905305555555555,,0.8369805555555555,2
all-mpnet-base-v2,768,3,79,0.7537652777777778,0.7481486111111111,,0.7057625,3
all-mpnet-base-v2,768,3,80,0.763888888888889,0.7879305555555556,,0.6604416666666666,3
all-mpnet-base-v2,768,3,81,0.6970569444444444,0.6644763888888889,,0.5609208333333333,3
all-mpnet-base-v2,768,3,82,0.7777013888888888,0.7782847222222222,,0.7930625,1
all-mpnet-base-v2,768,3,83,0.7686930555555556,0.7875569444444446,,0.8387041666666667,2
all-mpnet-base-v2,768,3,84,0.761638888888889,0.784988888888889,,0.7572722222222222,2
all-mpnet-base-v2,768,3,85,0.6897,0.7113416666666666,,0.6206694444444444,1
all-mpnet-base-v2,768,3,86,0.7950555555555556,0.8185,,0.8002972222222222,3
all-mpnet-base-v2,768,3,87,0.7052625,0.7191152777777778,,0.7604958333333333,3
all-mpnet-base-v2,768,3,88,0.6981708333333333,0.7530986111111111,,0.7548680555555556,2
all-mpnet-base-v2,768,3,89,0.7076569444444445,0.6962208333333333,,0.6780013888888888,3
all-mpnet-base-v2,768,3,90,0.7696958333333332,0.8001236111111111,,0.8333513888888888,2
all-mpnet-base-v2,768,3,91,0.7218111111111111,0.7257361111111111,,0.5228694444444444,1
all-mpnet-base-v2,768,3,92,0.8132333333333333,0.8143027777777778,,0.8394527777777778,1
all-mpnet-base-v2,768,3,93,0.6863486111111111,0.7610680555555556,,0.803926388888889,2
all-mpnet-base-v2,768,3,94,0.793613888888889,0.7979861111111112,,0.8139083333333332,3
all-mpnet-base-v2,768,3,95,0.7615944444444445,0.775625,,0.7967333333333332,1
all-mpnet-base-v2,768,3,96,0.7272069444444443,0.7305291666666667,,0.7000958333333333,1
all-mpnet-base-v2,768,3,97,0.7743958333333334,0.8059263888888888,,0.7741541666666667,1
all-mpnet-base-v2,768,3,98,0.7976930555555556,0.8007458333333333,,0.6515013888888889,1
all-mpnet-base-v2,768,3,99,0.7932611111111111,0.7946777777777777,,0.7799666666666667,2
all-mpnet-base-v2,768,4,0,0.7902027777777777,0.8075555555555556,,0.7906805555555556,1
all-mpnet-base-v2,768,4,1,0.7927458333333333,0.8086125000000001,,0.8470458333333333,1
all-mpnet-base-v2,768,4,2,0.7924944444444444,0.8105305555555555,,0.8277444444444446,2
all-mpnet-base-v2,768,4,3,0.7759527777777777,0.7844833333333332,,0.828513888888889,1
all-mpnet-base-v2,768,4,4,0.7868444444444445,0.7934333333333333,,0.7949555555555556,2
all-mpnet-base-v2,768,4,5,0.7495083333333332,0.6961138888888888,,0.6607055555555557,1
all-mpnet-base-v2,768,4,6,0.7959597222222221,0.8155152777777778,,0.8252652777777778,3
all-mpnet-base-v2,768,4,7,0.7825972222222222,0.8025083333333334,,0.8275250000000001,1
all-mpnet-base-v2,768,4,8,0.7704583333333334,0.7828000000000002,,0.7920250000000001,1
all-mpnet-base-v2,768,4,9,0.6467375,0.7607263888888889,,0.7437708333333333,1
all-mpnet-base-v2,768,4,10,0.7643611111111112,0.8011527777777777,,0.7874166666666667,3
all-mpnet-base-v2,768,4,11,0.7575486111111112,0.7750013888888889,,0.8302486111111111,3
all-mpnet-base-v2,768,4,12,0.7684833333333333,0.7843833333333334,,0.8224555555555555,1
all-mpnet-base-v2,768,4,13,0.7998083333333335,0.8229500000000001,,0.7986416666666667,3
all-mpnet-base-v2,768,4,14,0.7245930555555555,0.7520791666666666,,0.6105180555555555,3
all-mpnet-base-v2,768,4,15,0.7581083333333334,0.8025611111111111,,0.8031861111111113,1
all-mpnet-base-v2,768,4,16,0.7679472222222222,0.7824249999999999,,0.8294250000000001,2
all-mpnet-base-v2,768,4,17,0.6337569444444444,0.6799041666666666,,0.784551388888889,1
all-mpnet-base-v2,768,4,18,0.8032194444444444,0.8095694444444443,,0.8331916666666668,2
all-mpnet-base-v2,768,4,19,0.6944180555555557,0.7261736111111112,,0.7845513888888888,3
all-mpnet-base-v2,768,4,20,0.7916736111111111,0.801223611111111,,0.7855402777777778,1
all-mpnet-base-v2,768,4,21,0.7023166666666666,0.7515166666666666,,0.7785972222222222,2
all-mpnet-base-v2,768,4,22,0.7345680555555555,0.7735097222222221,,0.7928097222222221,3
all-mpnet-base-v2,768,4,23,0.7740374999999999,0.7984069444444446,,0.7842597222222222,1
all-mpnet-base-v2,768,4,24,0.7462097222222221,0.7553319444444444,,0.8109958333333332,2
all-mpnet-base-v2,768,4,25,0.7679486111111111,0.7847958333333332,,0.7709708333333334,3
all-mpnet-base-v2,768,4,26,0.7126361111111111,0.7146194444444445,,0.7511,3
all-mpnet-base-v2,768,4,27,0.6174236111111111,0.6922291666666667,,0.6562458333333333,3
all-mpnet-base-v2,768,4,28,0.7780236111111111,0.7671847222222222,,0.6939819444444444,3
all-mpnet-base-v2,768,4,29,0.74325,0.7640944444444444,,0.7157833333333334,1
all-mpnet-base-v2,768,4,30,0.7931458333333332,0.8168652777777778,,0.8513763888888889,1
all-mpnet-base-v2,768,4,31,0.7689416666666666,0.7979527777777778,,0.8281000000000002,2
all-mpnet-base-v2,768,4,32,0.8237472222222223,0.8354750000000001,,0.8255138888888889,1
all-mpnet-base-v2,768,4,33,0.7778680555555556,0.7878569444444445,,0.7885597222222223,1
all-mpnet-base-v2,768,4,34,0.7450736111111111,0.7621486111111111,,0.8105208333333334,3
all-mpnet-base-v2,768,4,35,0.7689555555555556,0.7696944444444445,,0.7997361111111112,1
all-mpnet-base-v2,768,4,36,0.8055027777777777,0.8127666666666667,,0.8068277777777776,2
all-mpnet-base-v2,768,4,37,0.7145277777777778,0.7223666666666666,,0.7918833333333334,3
all-mpnet-base-v2,768,4,38,0.7681083333333333,0.7747555555555556,,0.8143527777777778,1
all-mpnet-base-v2,768,4,39,0.8067583333333332,0.8081388888888889,,0.7562027777777778,1
all-mpnet-base-v2,768,4,40,0.7540611111111112,0.791463888888889,,0.8034944444444444,1
all-mpnet-base-v2,768,4,41,0.7679527777777778,0.7853888888888889,,0.826075,2
all-mpnet-base-v2,768,4,42,0.7127861111111111,0.7584166666666666,,0.8108444444444444,2
all-mpnet-base-v2,768,4,43,0.7736722222222222,0.7857055555555555,,0.7504916666666667,3
all-mpnet-base-v2,768,4,44,0.7823361111111111,0.811711111111111,,0.797725,1
all-mpnet-base-v2,768,4,45,0.7852583333333335,0.7917750000000001,,0.7481833333333334,3
all-mpnet-base-v2,768,4,46,0.7520833333333334,0.7532666666666666,,0.685211111111111,2
all-mpnet-base-v2,768,4,47,0.7965541666666667,0.7913125000000001,,0.7756208333333334,1
all-mpnet-base-v2,768,4,48,0.7431736111111111,0.7339152777777778,,0.6401652777777778,1
all-mpnet-base-v2,768,4,49,0.6949000000000001,0.7429666666666667,,0.6956722222222222,3
all-mpnet-base-v2,768,4,50,0.8069597222222223,0.8143152777777778,,0.6812013888888889,2
all-mpnet-base-v2,768,4,51,0.7981819444444445,0.8021625,,0.8053902777777778,1
all-mpnet-base-v2,768,4,52,0.7755652777777777,0.787176388888889,,0.7989736111111112,1
all-mpnet-base-v2,768,4,53,0.7547638888888889,0.7679194444444444,,0.7087555555555555,1
all-mpnet-base-v2,768,4,54,0.7689736111111112,0.7874847222222223,,0.7905319444444444,1
all-mpnet-base-v2,768,4,55,0.7794916666666667,0.7794416666666668,,0.7848444444444445,3
all-mpnet-base-v2,768,4,56,0.7947319444444445,0.7998597222222221,,0.8006097222222223,2
all-mpnet-base-v2,768,4,57,0.7213472222222221,0.7543972222222222,,0.7729,1
all-mpnet-base-v2,768,4,58,0.7764347222222222,0.7893402777777778,,0.8345624999999999,3
all-mpnet-base-v2,768,4,59,0.7535749999999999,0.7715888888888889,,0.7832722222222221,1
all-mpnet-base-v2,768,4,60,0.7136291666666668,0.7279569444444445,,0.6494791666666667,3
all-mpnet-base-v2,768,4,61,0.7659694444444444,0.7877555555555555,,0.8395527777777778,1
all-mpnet-base-v2,768,4,62,0.7602833333333333,0.7611083333333333,,0.7541416666666667,1
all-mpnet-base-v2,768,4,63,0.7565236111111111,0.7728625,,0.7461430555555555,2
all-mpnet-base-v2,768,4,64,0.7994958333333333,0.8246680555555557,,0.8614708333333334,1
all-mpnet-base-v2,768,4,65,0.6583625,0.7388541666666666,,0.7720347222222222,3
all-mpnet-base-v2,768,4,66,0.76395,0.7607861111111112,,0.7414083333333334,3
all-mpnet-base-v2,768,4,67,0.78885,0.7915055555555556,,0.7867500000000001,1
all-mpnet-base-v2,768,4,68,0.7350333333333334,0.7601055555555556,,0.8139722222222222,2
all-mpnet-base-v2,768,4,69,0.7504208333333333,0.7586791666666667,,0.7189152777777779,3
all-mpnet-base-v2,768,4,70,0.8086861111111111,0.8231472222222223,,0.8534972222222221,1
all-mpnet-base-v2,768,4,71,0.7448916666666667,0.767125,,0.8058916666666667,3
all-mpnet-base-v2,768,4,72,0.8095861111111111,0.8287083333333334,,0.7542638888888891,3
all-mpnet-base-v2,768,4,73,0.7629638888888888,0.7824166666666666,,0.7984944444444445,3
all-mpnet-base-v2,768,4,74,0.718238888888889,0.7534638888888889,,0.7274416666666668,3
all-mpnet-base-v2,768,4,75,0.7721680555555555,0.8011652777777778,,0.8075541666666667,3
all-mpnet-base-v2,768,4,76,0.7472263888888888,0.7511319444444444,,0.677098611111111,1
all-mpnet-base-v2,768,4,77,0.7947236111111111,0.8146291666666666,,0.8345263888888889,1
all-mpnet-base-v2,768,4,78,0.7817277777777778,0.8028277777777778,,0.8329944444444445,2
all-mpnet-base-v2,768,4,79,0.764726388888889,0.7790597222222222,,0.7730513888888888,2
all-mpnet-base-v2,768,4,80,0.7776416666666666,0.7948972222222223,,0.7447055555555555,3
all-mpnet-base-v2,768,4,81,0.6737958333333334,0.6151402777777778,,0.5382347222222222,2
all-mpnet-base-v2,768,4,82,0.7765430555555556,0.7858597222222222,,0.8049902777777779,1
all-mpnet-base-v2,768,4,83,0.7670402777777778,0.7931124999999999,,0.8287847222222223,2
all-mpnet-base-v2,768,4,84,0.7614222222222222,0.7859777777777779,,0.7863333333333334,3
all-mpnet-base-v2,768,4,85,0.7199888888888889,0.7280388888888888,,0.694536111111111,1
all-mpnet-base-v2,768,4,86,0.7710611111111111,0.8004138888888889,,0.8063194444444444,2
all-mpnet-base-v2,768,4,87,0.7118763888888889,0.7094125,,0.7667847222222223,3
all-mpnet-base-v2,768,4,88,0.7591486111111112,0.7799652777777779,,0.8066319444444445,3
all-mpnet-base-v2,768,4,89,0.6914819444444444,0.7092291666666666,,0.7773375,3
all-mpnet-base-v2,768,4,90,0.7611069444444445,0.8011958333333333,,0.8376208333333334,3
all-mpnet-base-v2,768,4,91,0.7214,0.6843555555555555,,0.4152361111111111,2
all-mpnet-base-v2,768,4,92,0.8185444444444445,0.8261222222222222,,0.8284611111111111,1
all-mpnet-base-v2,768,4,93,0.6959513888888889,0.7610319444444444,,0.7982402777777778,1
all-mpnet-base-v2,768,4,94,0.7746083333333333,0.7419527777777777,,0.7815027777777778,3
all-mpnet-base-v2,768,4,95,0.77425,0.7839916666666666,,0.7934888888888889,3
all-mpnet-base-v2,768,4,96,0.7740347222222221,0.7620041666666667,,0.7888541666666666,1
all-mpnet-base-v2,768,4,97,0.7684569444444445,0.8017875000000001,,0.7647513888888888,3
all-mpnet-base-v2,768,4,98,0.7738875,0.7962680555555556,,0.6998347222222222,1
all-mpnet-base-v2,768,4,99,0.7851416666666666,0.8036222222222223,,0.8276083333333333,2
all-mpnet-base-v2,768,5,0,0.7824416666666667,0.8071499999999999,,0.8007138888888888,1
all-mpnet-base-v2,768,5,1,0.7764430555555556,0.8093875,,0.844198611111111,1
all-mpnet-base-v2,768,5,2,0.7732777777777778,0.7994305555555555,,0.8270583333333333,5
all-mpnet-base-v2,768,5,3,0.7895888888888889,0.8010083333333334,,0.8375611111111112,2
all-mpnet-base-v2,768,5,4,0.7855416666666666,0.790661111111111,,0.7777166666666666,3
all-mpnet-base-v2,768,5,5,0.6964555555555556,0.6920972222222221,,0.6848972222222222,1
all-mpnet-base-v2,768,5,6,0.7844513888888889,0.8141236111111111,,0.8178541666666665,5
all-mpnet-base-v2,768,5,7,0.7537111111111112,0.7910472222222222,,0.8085166666666667,1
all-mpnet-base-v2,768,5,8,0.7875472222222222,0.8101666666666668,,0.8272194444444444,1
all-mpnet-base-v2,768,5,9,0.685773611111111,0.7762597222222222,,0.7653541666666666,1
all-mpnet-base-v2,768,5,10,0.7480944444444444,0.7959083333333333,,0.7974166666666667,5
all-mpnet-base-v2,768,5,11,0.778998611111111,0.8037819444444444,,0.8409986111111111,5
all-mpnet-base-v2,768,5,12,0.778088888888889,0.7943805555555555,,0.8300861111111111,1
all-mpnet-base-v2,768,5,13,0.8032416666666667,0.8168138888888888,,0.8257916666666667,3
all-mpnet-base-v2,768,5,14,0.7085736111111112,0.7585152777777777,,0.6512430555555555,5
all-mpnet-base-v2,768,5,15,0.7647583333333334,0.8113555555555556,,0.8067694444444444,1
all-mpnet-base-v2,768,5,16,0.7837166666666667,0.8008083333333333,,0.8376055555555556,3
all-mpnet-base-v2,768,5,17,0.5197708333333333,0.6649847222222223,,0.6831152777777778,2
all-mpnet-base-v2,768,5,18,0.7894361111111111,0.8046138888888889,,0.8302305555555556,2
all-mpnet-base-v2,768,5,19,0.6460819444444446,0.7390152777777778,,0.7722541666666666,5
all-mpnet-base-v2,768,5,20,0.7902347222222222,0.7948791666666666,,0.7987375000000001,5
all-mpnet-base-v2,768,5,21,0.7096277777777779,0.7601416666666666,,0.79365,2
all-mpnet-base-v2,768,5,22,0.749898611111111,0.7831625,,0.8227291666666667,3
all-mpnet-base-v2,768,5,23,0.7756180555555555,0.8041013888888888,,0.8220819444444444,1
all-mpnet-base-v2,768,5,24,0.7817930555555556,0.8037180555555555,,0.8350375000000001,3
all-mpnet-base-v2,768,5,25,0.7581069444444444,0.7964819444444444,,0.7778847222222222,3
all-mpnet-base-v2,768,5,26,0.7327666666666667,0.7465027777777777,,0.7464333333333333,2
all-mpnet-base-v2,768,5,27,0.6983458333333333,0.7820652777777777,,0.7854319444444445,3
all-mpnet-base-v2,768,5,28,0.7938791666666667,0.7940263888888889,,0.7880791666666667,3
all-mpnet-base-v2,768,5,29,0.7557444444444443,0.7852944444444444,,0.7838027777777777,1
all-mpnet-base-v2,768,5,30,0.7887819444444444,0.8124097222222223,,0.8048458333333333,1
all-mpnet-base-v2,768,5,31,0.7668694444444444,0.7998055555555555,,0.828413888888889,3
all-mpnet-base-v2,768,5,32,0.8140000000000001,0.8207305555555556,,0.8196972222222223,1
all-mpnet-base-v2,768,5,33,0.7730319444444446,0.789851388888889,,0.8043430555555555,1
all-mpnet-base-v2,768,5,34,0.7625486111111112,0.7790291666666667,,0.8197208333333332,3
all-mpnet-base-v2,768,5,35,0.7796444444444445,0.7964527777777777,,0.832225,5
all-mpnet-base-v2,768,5,36,0.7920416666666665,0.8188472222222222,,0.7989527777777777,3
all-mpnet-base-v2,768,5,37,0.766113888888889,0.814186111111111,,0.8373055555555555,5
all-mpnet-base-v2,768,5,38,0.7603722222222222,0.7670166666666666,,0.7764638888888891,1
all-mpnet-base-v2,768,5,39,0.7889750000000001,0.787761111111111,,0.6142,1
all-mpnet-base-v2,768,5,40,0.7649694444444445,0.8070333333333334,,0.8260666666666666,1
all-mpnet-base-v2,768,5,41,0.7706083333333335,0.7979555555555555,,0.8430388888888889,3
all-mpnet-base-v2,768,5,42,0.7345861111111112,0.7858750000000001,,0.8273222222222222,5
all-mpnet-base-v2,768,5,43,0.7604750000000001,0.7763888888888889,,0.7448583333333334,3
all-mpnet-base-v2,768,5,44,0.7819472222222222,0.8008194444444444,,0.7915277777777778,2
all-mpnet-base-v2,768,5,45,0.7868305555555556,0.8076833333333333,,0.787725,5
all-mpnet-base-v2,768,5,46,0.7654888888888889,0.7977805555555555,,0.7634972222222223,1
all-mpnet-base-v2,768,5,47,0.7902930555555555,0.7941458333333333,,0.7786874999999999,1
all-mpnet-base-v2,768,5,48,0.7536347222222222,0.7544319444444444,,0.6990736111111111,1
all-mpnet-base-v2,768,5,49,0.7166013888888889,0.7825555555555554,,0.748588888888889,5
all-mpnet-base-v2,768,5,50,0.7956152777777779,0.8075958333333334,,0.7159791666666666,2
all-mpnet-base-v2,768,5,51,0.7951958333333332,0.8040986111111111,,0.8176513888888889,1
all-mpnet-base-v2,768,5,52,0.7740819444444444,0.7802013888888889,,0.7976402777777778,1
all-mpnet-base-v2,768,5,53,0.7454555555555555,0.7675944444444445,,0.7440138888888889,1
all-mpnet-base-v2,768,5,54,0.7740291666666668,0.7931847222222222,,0.7984347222222222,1
all-mpnet-base-v2,768,5,55,0.7778222222222222,0.7876416666666666,,0.80925,3
all-mpnet-base-v2,768,5,56,0.7922763888888888,0.8000180555555556,,0.8178986111111111,5
all-mpnet-base-v2,768,5,57,0.7426194444444445,0.7773694444444443,,0.8112555555555555,1
all-mpnet-base-v2,768,5,58,0.7887791666666667,0.8089875,,0.8482041666666666,2
all-mpnet-base-v2,768,5,59,0.7699416666666666,0.7865638888888888,,0.8117972222222222,1
all-mpnet-base-v2,768,5,60,0.7371041666666667,0.7514652777777778,,0.6704069444444445,1
all-mpnet-base-v2,768,5,61,0.7750388888888888,0.7966861111111112,,0.8474611111111112,1
all-mpnet-base-v2,768,5,62,0.7842888888888888,0.7739027777777777,,0.8137472222222222,5
all-mpnet-base-v2,768,5,63,0.7328736111111112,0.7712708333333332,,0.7781402777777777,2
all-mpnet-base-v2,768,5,64,0.8037763888888889,0.8210652777777777,,0.8581291666666667,2
all-mpnet-base-v2,768,5,65,0.6794402777777778,0.7565180555555555,,0.7839680555555554,5
all-mpnet-base-v2,768,5,66,0.7779583333333333,0.784188888888889,,0.7781722222222222,5
all-mpnet-base-v2,768,5,67,0.7831611111111111,0.8034722222222224,,0.7981972222222222,5
all-mpnet-base-v2,768,5,68,0.7269111111111112,0.7644722222222222,,0.8130638888888888,2
all-mpnet-base-v2,768,5,69,0.7548236111111113,0.7743013888888889,,0.7587152777777778,3
all-mpnet-base-v2,768,5,70,0.8129666666666667,0.8230305555555556,,0.8533444444444445,1
all-mpnet-base-v2,768,5,71,0.7387944444444445,0.774513888888889,,0.8145666666666667,1
all-mpnet-base-v2,768,5,72,0.8079861111111112,0.827272222222222,,0.7449277777777779,3
all-mpnet-base-v2,768,5,73,0.7695722222222222,0.7857305555555556,,0.7922805555555555,5
all-mpnet-base-v2,768,5,74,0.707986111111111,0.7609305555555556,,0.7611638888888889,3
all-mpnet-base-v2,768,5,75,0.7517597222222222,0.7690708333333334,,0.8045180555555556,5
all-mpnet-base-v2,768,5,76,0.7591597222222222,0.7624347222222222,,0.7476458333333333,1
all-mpnet-base-v2,768,5,77,0.7975986111111112,0.812801388888889,,0.8505986111111111,1
all-mpnet-base-v2,768,5,78,0.7984972222222222,0.8208194444444445,,0.8454277777777779,2
all-mpnet-base-v2,768,5,79,0.7605513888888888,0.7841347222222221,,0.8014597222222222,2
all-mpnet-base-v2,768,5,80,0.8013944444444444,0.8195,,0.8276555555555556,2
all-mpnet-base-v2,768,5,81,0.7163680555555556,0.7330875000000001,,0.6746541666666668,5
all-mpnet-base-v2,768,5,82,0.794373611111111,0.8097597222222223,,0.7965458333333333,2
all-mpnet-base-v2,768,5,83,0.7861930555555555,0.8062125000000001,,0.834873611111111,1
all-mpnet-base-v2,768,5,84,0.7788583333333333,0.7909972222222221,,0.8148916666666667,1
all-mpnet-base-v2,768,5,85,0.7325999999999999,0.7424472222222221,,0.7455027777777776,5
all-mpnet-base-v2,768,5,86,0.7778444444444444,0.8073527777777779,,0.8153250000000001,3
all-mpnet-base-v2,768,5,87,0.7131708333333333,0.7280625000000001,,0.7621069444444444,5
all-mpnet-base-v2,768,5,88,0.7906708333333333,0.8175763888888888,,0.8289597222222221,1
all-mpnet-base-v2,768,5,89,0.7328347222222221,0.7639597222222222,,0.8016569444444444,1
all-mpnet-base-v2,768,5,90,0.7588402777777777,0.7976458333333333,,0.8344680555555556,5
all-mpnet-base-v2,768,5,91,0.7276111111111112,0.7225,,0.5469194444444444,2
all-mpnet-base-v2,768,5,92,0.8122694444444445,0.8270472222222223,,0.8351416666666666,1
all-mpnet-base-v2,768,5,93,0.7222152777777777,0.7731319444444446,,0.7901347222222223,1
all-mpnet-base-v2,768,5,94,0.7859222222222222,0.7825194444444444,,0.7962750000000001,3
all-mpnet-base-v2,768,5,95,0.7875138888888888,0.8028666666666666,,0.7965805555555555,1
all-mpnet-base-v2,768,5,96,0.7834597222222222,0.7888569444444444,,0.8140097222222221,1
all-mpnet-base-v2,768,5,97,0.7717236111111111,0.7951097222222222,,0.8024180555555555,1
all-mpnet-base-v2,768,5,98,0.7739652777777778,0.805048611111111,,0.7490041666666667,1
all-mpnet-base-v2,768,5,99,0.7809055555555556,0.7893500000000001,,0.7668055555555555,1
all-mpnet-base-v2,768,7,0,0.7950805555555557,0.8201444444444445,,0.8359361111111112,1
all-mpnet-base-v2,768,7,1,0.7865541666666667,0.8072375,,0.8377097222222223,1
all-mpnet-base-v2,768,7,2,0.7620555555555555,0.7984527777777778,,0.8303444444444444,5
all-mpnet-base-v2,768,7,3,0.7688305555555556,0.7969388888888889,,0.8333499999999999,1
all-mpnet-base-v2,768,7,4,0.7859805555555556,0.7988555555555555,,0.8213694444444445,2
all-mpnet-base-v2,768,7,5,0.7506222222222222,0.8186166666666668,,0.8269305555555556,2
all-mpnet-base-v2,768,7,6,0.7762569444444445,0.7989041666666666,,0.8079819444444445,1
all-mpnet-base-v2,768,7,7,0.7292527777777779,0.7927,,0.8273555555555556,1
all-mpnet-base-v2,768,7,8,0.7857527777777777,0.7901111111111111,,0.8361138888888888,5
all-mpnet-base-v2,768,7,9,0.7434430555555556,0.7896930555555555,,0.7606930555555556,1
all-mpnet-base-v2,768,7,10,0.7589222222222223,0.8047500000000001,,0.8236972222222222,2
all-mpnet-base-v2,768,7,11,0.7782013888888888,0.8029041666666666,,0.8313736111111111,5
all-mpnet-base-v2,768,7,12,0.7681555555555555,0.7951055555555555,,0.8455833333333334,1
all-mpnet-base-v2,768,7,13,0.7933805555555555,0.8122666666666667,,0.8402583333333333,5
all-mpnet-base-v2,768,7,14,0.7314263888888889,0.7482847222222223,,0.7371902777777779,2
all-mpnet-base-v2,768,7,15,0.7648222222222222,0.8145305555555558,,0.8319527777777779,1
all-mpnet-base-v2,768,7,16,0.8093972222222222,0.817163888888889,,0.8471055555555557,5
all-mpnet-base-v2,768,7,17,0.6173152777777778,0.7359680555555557,,0.6248902777777778,1
all-mpnet-base-v2,768,7,18,0.792286111111111,0.7972222222222222,,0.8337749999999999,3
all-mpnet-base-v2,768,7,19,0.6911125,0.7722791666666666,,0.8104263888888887,2
all-mpnet-base-v2,768,7,20,0.7969625,0.8013902777777777,,0.8153125,5
all-mpnet-base-v2,768,7,21,0.7635555555555555,0.8104888888888889,,0.8385638888888889,2
all-mpnet-base-v2,768,7,22,0.7694513888888889,0.8062486111111111,,0.8394180555555555,5
all-mpnet-base-v2,768,7,23,0.7782958333333333,0.8008375000000001,,0.8236513888888889,1
all-mpnet-base-v2,768,7,24,0.7918458333333334,0.8053708333333335,,0.8286708333333334,3
all-mpnet-base-v2,768,7,25,0.7495208333333333,0.7884819444444445,,0.5967152777777778,2
all-mpnet-base-v2,768,7,26,0.7874638888888887,0.8146777777777777,,0.7901972222222222,1
all-mpnet-base-v2,768,7,27,0.7536458333333333,0.8077208333333333,,0.8230180555555555,3
all-mpnet-base-v2,768,7,28,0.8008069444444444,0.8165930555555555,,0.8304486111111111,5
all-mpnet-base-v2,768,7,29,0.7729027777777777,0.7978666666666667,,0.8015805555555555,1
all-mpnet-base-v2,768,7,30,0.7951180555555555,0.8014708333333334,,0.8404958333333332,5
all-mpnet-base-v2,768,7,31,0.7754194444444443,0.812025,,0.8357249999999999,5
all-mpnet-base-v2,768,7,32,0.8140861111111111,0.8148166666666666,,0.839475,2
all-mpnet-base-v2,768,7,33,0.7892958333333333,0.8131263888888889,,0.8163458333333333,5
all-mpnet-base-v2,768,7,34,0.7864069444444444,0.7919208333333334,,0.8362819444444444,3
all-mpnet-base-v2,768,7,35,0.7986500000000001,0.8143583333333333,,0.8551527777777777,5
all-mpnet-base-v2,768,7,36,0.7906916666666667,0.8090916666666668,,0.8049861111111112,5
all-mpnet-base-v2,768,7,37,0.7547722222222222,0.8033083333333333,,0.8189555555555555,2
all-mpnet-base-v2,768,7,38,0.7681305555555555,0.7708,,0.781775,1
all-mpnet-base-v2,768,7,39,0.800275,0.8157722222222221,,0.7764472222222223,1
all-mpnet-base-v2,768,7,40,0.766225,0.812225,,0.8441527777777779,1
all-mpnet-base-v2,768,7,41,0.7727999999999999,0.7856194444444444,,0.8398027777777777,5
all-mpnet-base-v2,768,7,42,0.7714638888888888,0.8053222222222223,,0.8308916666666667,3
all-mpnet-base-v2,768,7,43,0.7962361111111111,0.8186138888888889,,0.8125249999999999,5
all-mpnet-base-v2,768,7,44,0.7883555555555556,0.8107333333333333,,0.8377611111111112,2
all-mpnet-base-v2,768,7,45,0.7866722222222221,0.8068444444444445,,0.8104333333333334,3
all-mpnet-base-v2,768,7,46,0.766788888888889,0.7844749999999999,,0.7048333333333334,1
all-mpnet-base-v2,768,7,47,0.7837958333333334,0.795148611111111,,0.8040875,1
all-mpnet-base-v2,768,7,48,0.7509513888888888,0.7455013888888888,,0.7023041666666667,1
all-mpnet-base-v2,768,7,49,0.758638888888889,0.784761111111111,,0.8060305555555556,1
all-mpnet-base-v2,768,7,50,0.7894708333333333,0.8009986111111111,,0.7816152777777778,1
all-mpnet-base-v2,768,7,51,0.8003291666666666,0.8144847222222222,,0.8376541666666666,1
all-mpnet-base-v2,768,7,52,0.7824986111111112,0.7782180555555556,,0.7583513888888889,1
all-mpnet-base-v2,768,7,53,0.7332833333333333,0.7701722222222223,,0.7799666666666667,2
all-mpnet-base-v2,768,7,54,0.7625513888888888,0.7975374999999999,,0.8088319444444444,1
all-mpnet-base-v2,768,7,55,0.774463888888889,0.7915888888888889,,0.8076472222222222,2
all-mpnet-base-v2,768,7,56,0.7848986111111111,0.8081680555555557,,0.8198652777777778,1
all-mpnet-base-v2,768,7,57,0.7418472222222222,0.7741222222222223,,0.8219888888888888,1
all-mpnet-base-v2,768,7,58,0.7948819444444444,0.8150319444444445,,0.8416069444444446,2
all-mpnet-base-v2,768,7,59,0.7874111111111111,0.8032777777777778,,0.8357444444444444,1
all-mpnet-base-v2,768,7,60,0.7407791666666667,0.7747208333333333,,0.7640763888888888,1
all-mpnet-base-v2,768,7,61,0.785563888888889,0.8057916666666667,,0.8477555555555555,5
all-mpnet-base-v2,768,7,62,0.7864805555555556,0.7787583333333333,,0.7872888888888888,5
all-mpnet-base-v2,768,7,63,0.7555513888888888,0.7790458333333334,,0.8182875000000001,2
all-mpnet-base-v2,768,7,64,0.7935763888888889,0.8081847222222223,,0.855176388888889,1
all-mpnet-base-v2,768,7,65,0.7397541666666666,0.7793597222222222,,0.8012180555555556,5
all-mpnet-base-v2,768,7,66,0.7789166666666666,0.8067722222222222,,0.7792611111111112,3
all-mpnet-base-v2,768,7,67,0.7736416666666666,0.8029805555555555,,0.8057500000000002,2
all-mpnet-base-v2,768,7,68,0.7516166666666667,0.7838888888888889,,0.8261916666666667,3
all-mpnet-base-v2,768,7,69,0.7421513888888889,0.7810597222222222,,0.7756902777777779,5
all-mpnet-base-v2,768,7,70,0.8091333333333334,0.833425,,0.8617333333333334,1
all-mpnet-base-v2,768,7,71,0.7576486111111111,0.8015388888888888,,0.8175055555555556,2
all-mpnet-base-v2,768,7,72,0.8135388888888889,0.8320527777777778,,0.838961111111111,5
all-mpnet-base-v2,768,7,73,0.7621777777777777,0.7654666666666666,,0.7709805555555556,5
all-mpnet-base-v2,768,7,74,0.7411583333333334,0.7987138888888888,,0.8325166666666666,1
all-mpnet-base-v2,768,7,75,0.7496402777777778,0.7636097222222222,,0.7887430555555555,5
all-mpnet-base-v2,768,7,76,0.799951388888889,0.8048458333333334,,0.8180402777777778,2
all-mpnet-base-v2,768,7,77,0.7936736111111111,0.8205319444444443,,0.8413319444444446,5
all-mpnet-base-v2,768,7,78,0.8076027777777778,0.8330388888888887,,0.8594611111111111,2
all-mpnet-base-v2,768,7,79,0.7772402777777778,0.8145486111111111,,0.8239847222222223,1
all-mpnet-base-v2,768,7,80,0.7872083333333333,0.8139083333333333,,0.7980611111111111,5
all-mpnet-base-v2,768,7,81,0.7100347222222222,0.7499847222222221,,0.7498541666666667,5
all-mpnet-base-v2,768,7,82,0.8049347222222223,0.8093041666666668,,0.819184722222222,5
all-mpnet-base-v2,768,7,83,0.7870736111111112,0.8157708333333333,,0.826501388888889,1
all-mpnet-base-v2,768,7,84,0.7862222222222222,0.8032972222222222,,0.8366250000000001,1
all-mpnet-base-v2,768,7,85,0.7337361111111111,0.7659527777777778,,0.7862305555555555,1
all-mpnet-base-v2,768,7,86,0.7581972222222223,0.8110722222222222,,0.8234444444444444,2
all-mpnet-base-v2,768,7,87,0.6935625000000001,0.7131263888888889,,0.7494875000000001,5
all-mpnet-base-v2,768,7,88,0.7835208333333332,0.8176902777777777,,0.8599291666666666,2
all-mpnet-base-v2,768,7,89,0.7552680555555555,0.7964125,,0.8201375,2
all-mpnet-base-v2,768,7,90,0.7604847222222223,0.8017791666666666,,0.8304791666666665,5
all-mpnet-base-v2,768,7,91,0.7490027777777778,0.7499694444444445,,0.7326166666666667,5
all-mpnet-base-v2,768,7,92,0.7976805555555556,0.8232333333333333,,0.842211111111111,1
all-mpnet-base-v2,768,7,93,0.7049041666666666,0.7738319444444445,,0.7960930555555557,2
all-mpnet-base-v2,768,7,94,0.8043805555555555,0.8095611111111111,,0.8237,1
all-mpnet-base-v2,768,7,95,0.7940055555555555,0.8251277777777778,,0.8266777777777777,2
all-mpnet-base-v2,768,7,96,0.8116680555555555,0.8261875000000001,,0.8510097222222223,1
all-mpnet-base-v2,768,7,97,0.7658152777777778,0.7861236111111111,,0.8130402777777779,2
all-mpnet-base-v2,768,7,98,0.7864625000000001,0.8213902777777777,,0.8242097222222222,1
all-mpnet-base-v2,768,7,99,0.8046194444444446,0.827175,,0.8395833333333333,1
all-mpnet-base-v2,768,10,0,0.7849499999999999,0.8128666666666666,0.8135083333333333,0.8533638888888888,2
all-mpnet-base-v2,768,10,1,0.7745375,0.8106180555555557,0.8196347222222222,0.8350041666666668,1
all-mpnet-base-v2,768,10,2,0.775036111111111,0.7997305555555556,0.8379583333333332,0.8380805555555556,1
all-mpnet-base-v2,768,10,3,0.7712472222222222,0.8009666666666665,0.8161166666666667,0.8379138888888888,1
all-mpnet-base-v2,768,10,4,0.7961333333333334,0.809,0.8094166666666667,0.8364555555555555,10
all-mpnet-base-v2,768,10,5,0.7716888888888889,0.8104972222222222,0.8101166666666667,0.8101999999999999,1
all-mpnet-base-v2,768,10,6,0.7922847222222222,0.8122402777777777,0.8207652777777777,0.8265208333333333,2
all-mpnet-base-v2,768,10,7,0.7523916666666667,0.8007333333333333,0.7979638888888888,0.8315055555555555,1
all-mpnet-base-v2,768,10,8,0.7965916666666667,0.8099833333333334,0.8376472222222222,0.8500388888888888,3
all-mpnet-base-v2,768,10,9,0.7524624999999999,0.8090680555555556,0.8046625000000001,0.8154736111111112,1
all-mpnet-base-v2,768,10,10,0.7766944444444445,0.8093694444444445,0.8162750000000001,0.8337027777777777,3
all-mpnet-base-v2,768,10,11,0.7701430555555556,0.8012625,0.8063847222222222,0.8344763888888889,5
all-mpnet-base-v2,768,10,12,0.7852916666666666,0.8131666666666667,0.8371166666666666,0.8476444444444443,10
all-mpnet-base-v2,768,10,13,0.7867111111111111,0.808625,0.8293361111111112,0.8442583333333333,5
all-mpnet-base-v2,768,10,14,0.7626041666666667,0.8003208333333334,0.8032541666666666,0.8309208333333332,1
all-mpnet-base-v2,768,10,15,0.7595833333333334,0.8149944444444445,0.8257361111111111,0.8423722222222222,3
all-mpnet-base-v2,768,10,16,0.8066472222222222,0.8273888888888888,0.8241166666666666,0.8528916666666667,5
all-mpnet-base-v2,768,10,17,0.7016708333333332,0.7876569444444445,0.7368513888888889,0.6805902777777778,1
all-mpnet-base-v2,768,10,18,0.797025,0.8095805555555555,0.8144166666666666,0.8490527777777778,3
all-mpnet-base-v2,768,10,19,0.7276402777777778,0.8056902777777778,0.8347736111111113,0.8401013888888889,3
all-mpnet-base-v2,768,10,20,0.7841097222222222,0.7995597222222222,0.8299291666666666,0.8242458333333333,10
all-mpnet-base-v2,768,10,21,0.7686611111111111,0.8227027777777778,0.8234027777777777,0.8405916666666666,1
all-mpnet-base-v2,768,10,22,0.7570458333333334,0.8043125000000001,0.7463263888888889,0.8208791666666667,1
all-mpnet-base-v2,768,10,23,0.7813680555555556,0.8005680555555557,0.8054097222222223,0.8252097222222222,5
all-mpnet-base-v2,768,10,24,0.799709722222222,0.8150986111111111,0.8120319444444445,0.8348263888888889,3
all-mpnet-base-v2,768,10,25,0.7707486111111113,0.8266152777777778,0.778576388888889,0.8092375,1
all-mpnet-base-v2,768,10,26,0.7735416666666667,0.810022222222222,0.8300944444444442,0.8284027777777778,1
all-mpnet-base-v2,768,10,27,0.7540430555555555,0.7881486111111111,0.7729430555555556,0.8152875,1
all-mpnet-base-v2,768,10,28,0.8008125,0.8162847222222223,0.8073180555555555,0.8384958333333333,5
all-mpnet-base-v2,768,10,29,0.7797750000000001,0.7910138888888889,0.7922333333333333,0.8257361111111111,1
all-mpnet-base-v2,768,10,30,0.7954402777777778,0.8087541666666667,0.790901388888889,0.852423611111111,3
all-mpnet-base-v2,768,10,31,0.7798694444444444,0.8019583333333332,0.8044055555555555,0.8353583333333333,5
all-mpnet-base-v2,768,10,32,0.8139388888888889,0.8076027777777779,0.8210444444444444,0.84165,2
all-mpnet-base-v2,768,10,33,0.7970958333333332,0.8212680555555555,0.8198236111111111,0.8434013888888888,1
all-mpnet-base-v2,768,10,34,0.7848152777777778,0.8036375,0.8290458333333334,0.843576388888889,1
all-mpnet-base-v2,768,10,35,0.8063027777777778,0.8268111111111112,0.8303805555555555,0.8643277777777776,10
all-mpnet-base-v2,768,10,36,0.7903305555555555,0.8212027777777777,0.8231472222222223,0.8298194444444444,2
all-mpnet-base-v2,768,10,37,0.7833194444444445,0.8240888888888889,0.8187194444444444,0.8443027777777778,5
all-mpnet-base-v2,768,10,38,0.7650916666666667,0.7697527777777777,0.7836777777777777,0.8055166666666667,2
all-mpnet-base-v2,768,10,39,0.8015888888888889,0.8014972222222223,0.7905916666666667,0.8210083333333333,1
all-mpnet-base-v2,768,10,40,0.7733583333333334,0.7988138888888888,0.8326638888888889,0.8427472222222221,10
all-mpnet-base-v2,768,10,41,0.7753638888888889,0.7994722222222221,0.8474166666666666,0.8517916666666667,5
all-mpnet-base-v2,768,10,42,0.7861333333333334,0.8136027777777777,0.8403194444444444,0.8520138888888887,10
all-mpnet-base-v2,768,10,43,0.8130944444444445,0.8428055555555556,0.7990861111111112,0.8483,1
all-mpnet-base-v2,768,10,44,0.771975,0.810325,0.8104333333333334,0.8500527777777777,2
all-mpnet-base-v2,768,10,45,0.7981638888888888,0.8308027777777778,0.8333722222222223,0.8496361111111111,10
all-mpnet-base-v2,768,10,46,0.7920666666666667,0.8253611111111111,0.7792000000000001,0.8113166666666667,1
all-mpnet-base-v2,768,10,47,0.7970458333333333,0.8011958333333333,0.8214847222222221,0.8275236111111112,10
all-mpnet-base-v2,768,10,48,0.764676388888889,0.7671986111111111,0.7873902777777779,0.7908958333333334,1
all-mpnet-base-v2,768,10,49,0.7682166666666667,0.7932694444444445,0.7965749999999999,0.809875,10
all-mpnet-base-v2,768,10,50,0.777148611111111,0.8028736111111112,0.7714319444444444,0.7859513888888889,1
all-mpnet-base-v2,768,10,51,0.7974458333333333,0.8195791666666666,0.8298958333333333,0.8424152777777778,1
all-mpnet-base-v2,768,10,52,0.7771236111111112,0.7827513888888888,0.7340125,0.7897625,2
all-mpnet-base-v2,768,10,53,0.7619694444444445,0.8051222222222223,0.7723305555555555,0.814425,1
all-mpnet-base-v2,768,10,54,0.7561874999999999,0.8002958333333333,0.7991958333333333,0.8133374999999999,1
all-mpnet-base-v2,768,10,55,0.7731972222222222,0.7995694444444444,0.8039194444444444,0.8224611111111111,5
all-mpnet-base-v2,768,10,56,0.7802597222222223,0.8016430555555556,0.7920680555555557,0.8390208333333332,10
all-mpnet-base-v2,768,10,57,0.7535361111111111,0.7826972222222223,0.8111861111111112,0.8307305555555554,1
all-mpnet-base-v2,768,10,58,0.7998569444444444,0.8166291666666666,0.8190458333333333,0.8467125000000001,2
all-mpnet-base-v2,768,10,59,0.7922527777777779,0.8138805555555556,0.8315555555555555,0.848222222222222,1
all-mpnet-base-v2,768,10,60,0.7616041666666667,0.7843791666666666,0.8092652777777777,0.7719597222222223,1
all-mpnet-base-v2,768,10,61,0.7814305555555556,0.8080111111111111,0.8259777777777777,0.8414555555555555,10
all-mpnet-base-v2,768,10,62,0.7945444444444444,0.7779944444444444,0.7914555555555556,0.8106972222222222,10
all-mpnet-base-v2,768,10,63,0.7840347222222223,0.8135625,0.8276819444444445,0.8490819444444444,2
all-mpnet-base-v2,768,10,64,0.7820819444444446,0.8144236111111112,0.8575069444444444,0.8617263888888888,1
all-mpnet-base-v2,768,10,65,0.7687097222222223,0.7976402777777778,0.7939986111111111,0.8281041666666665,1
all-mpnet-base-v2,768,10,66,0.7987277777777779,0.827125,0.8221222222222222,0.831475,1
all-mpnet-base-v2,768,10,67,0.775086111111111,0.8145444444444445,0.7899638888888888,0.8199166666666667,10
all-mpnet-base-v2,768,10,68,0.7588694444444446,0.8002916666666666,0.80285,0.8297,5
all-mpnet-base-v2,768,10,69,0.7466263888888889,0.8066708333333334,0.7458708333333335,0.8275236111111111,2
all-mpnet-base-v2,768,10,70,0.8018277777777778,0.8286388888888888,0.8501333333333332,0.853475,2
all-mpnet-base-v2,768,10,71,0.7645666666666666,0.8015888888888889,0.8204944444444444,0.8335861111111111,10
all-mpnet-base-v2,768,10,72,0.8062,0.8270583333333332,0.8193333333333334,0.8463499999999999,3
all-mpnet-base-v2,768,10,73,0.7864055555555556,0.8193416666666667,0.7717750000000001,0.8152861111111109,2
all-mpnet-base-v2,768,10,74,0.7528361111111112,0.8019638888888887,0.8048055555555556,0.8419000000000001,3
all-mpnet-base-v2,768,10,75,0.7750319444444445,0.7898458333333334,0.8119152777777777,0.8320236111111112,5
all-mpnet-base-v2,768,10,76,0.7710569444444444,0.7995458333333334,0.7983041666666666,0.8089458333333334,10
all-mpnet-base-v2,768,10,77,0.7977930555555556,0.8214291666666665,0.8172152777777778,0.8368430555555555,5
all-mpnet-base-v2,768,10,78,0.8014472222222222,0.8275222222222222,0.8431305555555556,0.8647805555555556,2
all-mpnet-base-v2,768,10,79,0.7914375,0.8259791666666666,0.8314375,0.8412708333333333,5
all-mpnet-base-v2,768,10,80,0.7932611111111111,0.8145027777777778,0.8196805555555556,0.814911111111111,5
all-mpnet-base-v2,768,10,81,0.7275263888888889,0.7869236111111111,0.7703680555555555,0.8041430555555555,1
all-mpnet-base-v2,768,10,82,0.8047458333333333,0.8109847222222222,0.8459430555555554,0.8475874999999999,2
all-mpnet-base-v2,768,10,83,0.7813708333333332,0.8244319444444443,0.8329486111111111,0.8326569444444445,1
all-mpnet-base-v2,768,10,84,0.7962722222222223,0.8199999999999998,0.8030638888888889,0.8437027777777777,1
all-mpnet-base-v2,768,10,85,0.7380722222222221,0.7869111111111111,0.787075,0.8165333333333333,1
all-mpnet-base-v2,768,10,86,0.7757861111111111,0.8172638888888889,0.8239916666666667,0.8191555555555555,3
all-mpnet-base-v2,768,10,87,0.7403041666666667,0.7728541666666666,0.7648291666666667,0.8150569444444444,10
all-mpnet-base-v2,768,10,88,0.7941486111111111,0.818148611111111,0.8628597222222223,0.8662208333333333,10
all-mpnet-base-v2,768,10,89,0.7773458333333334,0.8005291666666667,0.7998041666666666,0.8413402777777778,3
all-mpnet-base-v2,768,10,90,0.7461708333333333,0.7970263888888888,0.8158847222222223,0.8193513888888889,10
all-mpnet-base-v2,768,10,91,0.7493472222222222,0.7488666666666667,0.7176277777777778,0.7565444444444445,10
all-mpnet-base-v2,768,10,92,0.807361111111111,0.8281499999999999,0.8150722222222222,0.8433638888888888,2
all-mpnet-base-v2,768,10,93,0.7371875,0.8011236111111111,0.8237152777777778,0.8429708333333332,1
all-mpnet-base-v2,768,10,94,0.8032805555555556,0.8137333333333333,0.8049388888888889,0.8392666666666665,1
all-mpnet-base-v2,768,10,95,0.7913833333333333,0.8205305555555557,0.8181333333333333,0.8476833333333335,10
all-mpnet-base-v2,768,10,96,0.7972208333333333,0.8236402777777778,0.840698611111111,0.8597652777777778,1
all-mpnet-base-v2,768,10,97,0.7786541666666666,0.803001388888889,0.7967347222222222,0.8333180555555556,3
all-mpnet-base-v2,768,10,98,0.7766763888888889,0.8124930555555556,0.7583930555555556,0.8351208333333334,2
all-mpnet-base-v2,768,10,99,0.799711111111111,0.8270861111111111,0.8167083333333334,0.8579222222222223,1
all-mpnet-base-v2,768,15,0,0.7864777777777777,0.8058194444444444,0.8258694444444445,0.8589388888888889,10
all-mpnet-base-v2,768,15,1,0.7812597222222223,0.8075152777777778,0.8028041666666667,0.8390263888888888,10
all-mpnet-base-v2,768,15,2,0.7727138888888889,0.7980583333333333,0.8012388888888888,0.8354083333333334,1
all-mpnet-base-v2,768,15,3,0.7661361111111111,0.8050583333333334,0.8143499999999999,0.8409833333333333,2
all-mpnet-base-v2,768,15,4,0.7935291666666666,0.8173527777777778,0.8073388888888889,0.8435972222222222,1
all-mpnet-base-v2,768,15,5,0.7830972222222223,0.8213027777777777,0.8132166666666668,0.8426388888888887,2
all-mpnet-base-v2,768,15,6,0.7874597222222222,0.8085597222222223,0.8109319444444444,0.8191208333333334,2
all-mpnet-base-v2,768,15,7,0.7341277777777778,0.8026277777777778,0.8294305555555556,0.8437722222222223,1
all-mpnet-base-v2,768,15,8,0.7988138888888889,0.8041611111111112,0.809875,0.8444027777777778,10
all-mpnet-base-v2,768,15,9,0.7640819444444444,0.7971152777777778,0.7604291666666666,0.8203486111111111,1
all-mpnet-base-v2,768,15,10,0.7749555555555556,0.8236916666666668,0.8388944444444445,0.8532277777777777,1
all-mpnet-base-v2,768,15,11,0.7905833333333333,0.8183208333333334,0.8092180555555556,0.8563319444444445,3
all-mpnet-base-v2,768,15,12,0.7910416666666666,0.8138083333333332,0.7828555555555556,0.8450416666666667,1
all-mpnet-base-v2,768,15,13,0.7866805555555554,0.8161333333333333,0.822875,0.8500166666666666,10
all-mpnet-base-v2,768,15,14,0.7509375,0.7858402777777778,0.7586430555555557,0.8017097222222223,1
all-mpnet-base-v2,768,15,15,0.7698583333333334,0.8124555555555556,0.8318333333333334,0.8462416666666667,1
all-mpnet-base-v2,768,15,16,0.7936555555555556,0.8115555555555556,0.8013972222222223,0.8499,3
all-mpnet-base-v2,768,15,17,0.7381249999999999,0.7977902777777778,0.8016847222222222,0.8180458333333334,1
all-mpnet-base-v2,768,15,18,0.791825,0.8082805555555556,0.7970027777777778,0.8365944444444444,10
all-mpnet-base-v2,768,15,19,0.7496513888888889,0.8049263888888889,0.8382208333333332,0.8527208333333334,5
all-mpnet-base-v2,768,15,20,0.7777375000000001,0.8010291666666667,0.8150875,0.8195097222222221,10
all-mpnet-base-v2,768,15,21,0.7904277777777778,0.8368,0.8418944444444445,0.8579111111111113,1
all-mpnet-base-v2,768,15,22,0.7698347222222222,0.8181347222222222,0.7916680555555555,0.8522347222222222,1
all-mpnet-base-v2,768,15,23,0.7662125000000001,0.7887291666666667,0.775648611111111,0.8035152777777776,1
all-mpnet-base-v2,768,15,24,0.799376388888889,0.7940097222222221,0.7881069444444444,0.8393930555555554,1
all-mpnet-base-v2,768,15,25,0.7856847222222222,0.7883847222222223,0.7388652777777778,0.7846902777777777,1
all-mpnet-base-v2,768,15,26,0.754825,0.8107694444444444,0.8157111111111112,0.8241055555555554,1
all-mpnet-base-v2,768,15,27,0.7578930555555555,0.8050597222222222,0.7765625,0.8058791666666667,10
all-mpnet-base-v2,768,15,28,0.8064208333333334,0.8084513888888889,0.8069263888888889,0.8442291666666667,5
all-mpnet-base-v2,768,15,29,0.7742027777777778,0.787588888888889,0.7717444444444445,0.8258555555555556,10
all-mpnet-base-v2,768,15,30,0.7960763888888889,0.8162236111111112,0.8229597222222222,0.8616347222222221,2
all-mpnet-base-v2,768,15,31,0.7816861111111111,0.7979305555555556,0.7964694444444445,0.8441027777777779,10
all-mpnet-base-v2,768,15,32,0.8045055555555555,0.8225166666666667,0.8235527777777777,0.8488666666666667,5
all-mpnet-base-v2,768,15,33,0.7891791666666667,0.8004541666666666,0.8252152777777778,0.8527402777777778,1
all-mpnet-base-v2,768,15,34,0.778748611111111,0.8048263888888889,0.824326388888889,0.8423208333333332,10
all-mpnet-base-v2,768,15,35,0.8010916666666666,0.8164583333333333,0.8320444444444444,0.8575638888888889,5
all-mpnet-base-v2,768,15,36,0.801938888888889,0.8174999999999999,0.8175666666666668,0.8513611111111112,10
all-mpnet-base-v2,768,15,37,0.7801,0.8211888888888887,0.8108694444444444,0.8493277777777777,1
all-mpnet-base-v2,768,15,38,0.7665194444444444,0.7908027777777779,0.7795722222222222,0.8221666666666666,10
all-mpnet-base-v2,768,15,39,0.8116138888888889,0.8084083333333332,0.8039916666666667,0.8518944444444445,1
all-mpnet-base-v2,768,15,40,0.7926166666666667,0.7980527777777777,0.8493944444444445,0.8526333333333334,10
all-mpnet-base-v2,768,15,41,0.7815027777777779,0.8046138888888889,0.850238888888889,0.8578194444444444,5
all-mpnet-base-v2,768,15,42,0.7739694444444445,0.8203777777777778,0.8343416666666666,0.8505222222222221,3
all-mpnet-base-v2,768,15,43,0.8041194444444444,0.8300305555555555,0.8033916666666667,0.8463333333333333,3
all-mpnet-base-v2,768,15,44,0.7770666666666666,0.8081999999999999,0.8389833333333335,0.853911111111111,3
all-mpnet-base-v2,768,15,45,0.7956500000000001,0.8269944444444445,0.8250361111111111,0.860311111111111,5
all-mpnet-base-v2,768,15,46,0.7941138888888889,0.8096111111111112,0.8104444444444443,0.8593527777777779,10
all-mpnet-base-v2,768,15,47,0.798951388888889,0.8080708333333333,0.8042347222222221,0.8339125000000001,10
all-mpnet-base-v2,768,15,48,0.7652819444444444,0.7700208333333334,0.7884652777777778,0.8320486111111112,1
all-mpnet-base-v2,768,15,49,0.7491944444444443,0.7613555555555556,0.7664916666666666,0.8047,2
all-mpnet-base-v2,768,15,50,0.7763513888888889,0.7886097222222223,0.7797097222222222,0.8041847222222223,1
all-mpnet-base-v2,768,15,51,0.7992930555555556,0.8122263888888888,0.8135125000000001,0.8546402777777778,10
all-mpnet-base-v2,768,15,52,0.7818791666666667,0.803398611111111,0.8057319444444445,0.8377736111111111,2
all-mpnet-base-v2,768,15,53,0.7782388888888889,0.8153472222222222,0.8071222222222223,0.8306416666666667,1
all-mpnet-base-v2,768,15,54,0.7713597222222222,0.8082041666666666,0.8147097222222223,0.839073611111111,1
all-mpnet-base-v2,768,15,55,0.7648083333333334,0.7931,0.7489472222222222,0.81165,5
all-mpnet-base-v2,768,15,56,0.7934430555555556,0.8173375,0.8241819444444445,0.8641875,3
all-mpnet-base-v2,768,15,57,0.7723333333333333,0.7959166666666667,0.8344,0.85385,5
all-mpnet-base-v2,768,15,58,0.7903847222222222,0.8208458333333334,0.8235986111111111,0.8485736111111113,5
all-mpnet-base-v2,768,15,59,0.8017388888888888,0.8183750000000001,0.8307027777777778,0.8555083333333333,1
all-mpnet-base-v2,768,15,60,0.7503194444444445,0.7692847222222222,0.7885624999999999,0.8235680555555556,1
all-mpnet-base-v2,768,15,61,0.7721472222222222,0.8138472222222222,0.8465638888888889,0.8563416666666666,10
all-mpnet-base-v2,768,15,62,0.8105333333333333,0.8016666666666666,0.8169027777777778,0.8636750000000001,10
all-mpnet-base-v2,768,15,63,0.784701388888889,0.8187347222222222,0.8054541666666666,0.856398611111111,2
all-mpnet-base-v2,768,15,64,0.7933305555555555,0.8182375,0.8695930555555555,0.8729708333333333,1
all-mpnet-base-v2,768,15,65,0.767975,0.790948611111111,0.7975819444444444,0.831326388888889,1
all-mpnet-base-v2,768,15,66,0.7963,0.8198111111111112,0.8243472222222222,0.8438833333333333,5
all-mpnet-base-v2,768,15,67,0.7797222222222222,0.825025,0.8179833333333334,0.8406277777777778,3
all-mpnet-base-v2,768,15,68,0.7684138888888888,0.8078638888888888,0.8225222222222222,0.8458916666666666,5
all-mpnet-base-v2,768,15,69,0.7684375000000001,0.8210986111111112,0.8043625000000001,0.8517180555555557,10
all-mpnet-base-v2,768,15,70,0.7866,0.831925,0.8374250000000001,0.8479722222222221,2
all-mpnet-base-v2,768,15,71,0.7726527777777777,0.8077611111111112,0.8310638888888888,0.838988888888889,10
all-mpnet-base-v2,768,15,72,0.7937777777777778,0.825463888888889,0.8303861111111112,0.8530166666666666,10
all-mpnet-base-v2,768,15,73,0.7800555555555555,0.8186805555555554,0.7994833333333333,0.8317583333333332,5
all-mpnet-base-v2,768,15,74,0.7955916666666667,0.8249388888888889,0.8337166666666667,0.8627444444444444,1
all-mpnet-base-v2,768,15,75,0.7762430555555556,0.8130180555555555,0.8027041666666666,0.8423875,1
all-mpnet-base-v2,768,15,76,0.7753430555555556,0.8138708333333333,0.8079652777777777,0.8286847222222222,10
all-mpnet-base-v2,768,15,77,0.7813819444444445,0.8245513888888889,0.8152652777777776,0.846573611111111,10
all-mpnet-base-v2,768,15,78,0.7946180555555555,0.8296138888888889,0.8467166666666667,0.8664055555555557,2
all-mpnet-base-v2,768,15,79,0.7997430555555556,0.8349402777777778,0.8254236111111112,0.8505847222222223,5
all-mpnet-base-v2,768,15,80,0.785988888888889,0.8082611111111111,0.8269916666666667,0.8358916666666666,2
all-mpnet-base-v2,768,15,81,0.7536208333333333,0.8107180555555555,0.792098611111111,0.8408291666666666,1
all-mpnet-base-v2,768,15,82,0.8014541666666666,0.7998930555555555,0.8219541666666667,0.8494569444444443,1
all-mpnet-base-v2,768,15,83,0.7858486111111112,0.8300041666666667,0.7624458333333333,0.7884486111111111,2
all-mpnet-base-v2,768,15,84,0.7970472222222222,0.8173555555555556,0.8192972222222221,0.8574555555555554,1
all-mpnet-base-v2,768,15,85,0.7623166666666668,0.799125,0.8016722222222222,0.8505611111111111,2
all-mpnet-base-v2,768,15,86,0.77915,0.8233277777777778,0.8451944444444444,0.8650388888888888,3
all-mpnet-base-v2,768,15,87,0.7553430555555556,0.747598611111111,0.7175569444444443,0.7898513888888888,1
all-mpnet-base-v2,768,15,88,0.7947652777777778,0.8359597222222221,0.8391986111111112,0.8511569444444446,5
all-mpnet-base-v2,768,15,89,0.7779958333333333,0.8115541666666668,0.8209458333333333,0.8490041666666667,3
all-mpnet-base-v2,768,15,90,0.7638569444444445,0.8084597222222223,0.8405652777777777,0.8397763888888887,5
all-mpnet-base-v2,768,15,91,0.7676944444444445,0.8065305555555555,0.7931444444444444,0.8394138888888889,5
all-mpnet-base-v2,768,15,92,0.8141444444444444,0.8164555555555556,0.7860750000000001,0.8485194444444444,1
all-mpnet-base-v2,768,15,93,0.749251388888889,0.8165069444444445,0.7890958333333333,0.8449263888888888,1
all-mpnet-base-v2,768,15,94,0.8041111111111112,0.8102666666666667,0.7978361111111112,0.8408916666666666,1
all-mpnet-base-v2,768,15,95,0.7993888888888888,0.8228277777777777,0.8240361111111111,0.8547416666666666,10
all-mpnet-base-v2,768,15,96,0.7993722222222223,0.8272347222222222,0.8519736111111111,0.8648791666666666,2
all-mpnet-base-v2,768,15,97,0.7781236111111112,0.8145986111111111,0.8192902777777779,0.8338569444444445,3
all-mpnet-base-v2,768,15,98,0.7699236111111112,0.8095847222222222,0.7697624999999999,0.8426541666666667,1
all-mpnet-base-v2,768,15,99,0.7896555555555556,0.8266388888888888,0.8151305555555555,0.8630250000000002,1
all-mpnet-base-v2,768,20,0,0.790588888888889,0.8152472222222222,0.8352194444444444,0.8639305555555554,20
all-mpnet-base-v2,768,20,1,0.7761541666666666,0.7990208333333333,0.7903152777777779,0.8392541666666667,20
all-mpnet-base-v2,768,20,2,0.7776472222222222,0.8001277777777778,0.8181527777777777,0.8550749999999999,5
all-mpnet-base-v2,768,20,3,0.7673861111111111,0.7972722222222222,0.8093166666666668,0.8467694444444445,2
all-mpnet-base-v2,768,20,4,0.7816138888888888,0.8022416666666667,0.7882083333333332,0.8390722222222222,20
all-mpnet-base-v2,768,20,5,0.7806499999999998,0.8221361111111111,0.8200722222222221,0.8453472222222222,1
all-mpnet-base-v2,768,20,6,0.7725791666666668,0.8078347222222223,0.8114374999999999,0.8267236111111111,1
all-mpnet-base-v2,768,20,7,0.7402916666666666,0.7947166666666667,0.8132638888888889,0.8334888888888887,20
all-mpnet-base-v2,768,20,8,0.7988000000000001,0.8076666666666666,0.8109055555555555,0.8613333333333334,10
all-mpnet-base-v2,768,20,9,0.7722180555555557,0.8037208333333332,0.7830402777777777,0.8325097222222223,1
all-mpnet-base-v2,768,20,10,0.7906833333333333,0.8233361111111112,0.8317638888888887,0.8569999999999998,2
all-mpnet-base-v2,768,20,11,0.7814458333333333,0.8027736111111111,0.7988708333333334,0.8497875,5
all-mpnet-base-v2,768,20,12,0.7926972222222222,0.815675,0.8077944444444445,0.8494305555555556,5
all-mpnet-base-v2,768,20,13,0.7804666666666666,0.8079833333333333,0.8169611111111112,0.8541805555555555,10
all-mpnet-base-v2,768,20,14,0.7773708333333335,0.8076958333333333,0.8245875,0.8268263888888889,20
all-mpnet-base-v2,768,20,15,0.7688833333333333,0.8112944444444444,0.8177194444444444,0.844611111111111,1
all-mpnet-base-v2,768,20,16,0.790775,0.8167249999999999,0.8380500000000001,0.8647027777777778,2
all-mpnet-base-v2,768,20,17,0.7381736111111111,0.8037569444444445,0.7734180555555554,0.8097458333333334,1
all-mpnet-base-v2,768,20,18,0.8006222222222221,0.8140916666666667,0.8055805555555555,0.8501722222222222,20
all-mpnet-base-v2,768,20,19,0.7529597222222223,0.8140902777777778,0.8247236111111109,0.8517152777777779,1
all-mpnet-base-v2,768,20,20,0.7702513888888889,0.8030236111111111,0.8123847222222222,0.8244430555555554,1
all-mpnet-base-v2,768,20,21,0.8006888888888888,0.8377083333333333,0.8470222222222222,0.8609444444444444,1
all-mpnet-base-v2,768,20,22,0.7719069444444445,0.8184458333333333,0.8057236111111111,0.860223611111111,1
all-mpnet-base-v2,768,20,23,0.7597069444444445,0.7961736111111111,0.7704652777777777,0.8161013888888888,20
all-mpnet-base-v2,768,20,24,0.7889069444444444,0.7959625,0.8011736111111112,0.8397152777777777,20
all-mpnet-base-v2,768,20,25,0.7803013888888889,0.8050430555555557,0.7599541666666667,0.8322847222222222,1
all-mpnet-base-v2,768,20,26,0.7456333333333333,0.8179194444444444,0.8259833333333332,0.8327444444444444,1
all-mpnet-base-v2,768,20,27,0.7529652777777778,0.7965041666666667,0.7970236111111112,0.8316430555555555,1
all-mpnet-base-v2,768,20,28,0.801301388888889,0.8228513888888888,0.8124652777777779,0.8544347222222223,20
all-mpnet-base-v2,768,20,29,0.7880527777777778,0.7939055555555556,0.7928083333333333,0.8376500000000001,5
all-mpnet-base-v2,768,20,30,0.7895569444444445,0.7999347222222223,0.8078847222222222,0.8625375,20
all-mpnet-base-v2,768,20,31,0.7818888888888887,0.7877249999999999,0.7891111111111111,0.8408777777777778,5
all-mpnet-base-v2,768,20,32,0.8103833333333333,0.8323555555555554,0.8132805555555556,0.8601777777777777,10
all-mpnet-base-v2,768,20,33,0.7892458333333333,0.8174208333333334,0.8204069444444444,0.8565680555555555,3
all-mpnet-base-v2,768,20,34,0.7764930555555556,0.8023041666666666,0.8043152777777778,0.8401097222222222,10
all-mpnet-base-v2,768,20,35,0.8040472222222224,0.8283305555555556,0.8491944444444444,0.8640916666666667,20
all-mpnet-base-v2,768,20,36,0.8080027777777777,0.8070472222222222,0.8358305555555555,0.8560500000000001,5
all-mpnet-base-v2,768,20,37,0.7841027777777777,0.8200027777777779,0.8261305555555556,0.8518888888888889,2
all-mpnet-base-v2,768,20,38,0.7699694444444444,0.7970583333333334,0.7999638888888889,0.8371777777777777,5
all-mpnet-base-v2,768,20,39,0.8141472222222221,0.8238777777777777,0.8308972222222222,0.8634138888888889,20
all-mpnet-base-v2,768,20,40,0.7877888888888888,0.8022055555555555,0.8551749999999999,0.8613,20
all-mpnet-base-v2,768,20,41,0.7906194444444445,0.7927305555555555,0.8118444444444446,0.8538111111111112,1
all-mpnet-base-v2,768,20,42,0.7750305555555557,0.7895250000000001,0.7973305555555557,0.8329583333333332,10
all-mpnet-base-v2,768,20,43,0.8049249999999999,0.8008444444444445,0.8099083333333333,0.8397583333333333,10
all-mpnet-base-v2,768,20,44,0.7864638888888889,0.817175,0.8349305555555555,0.8617916666666667,20
all-mpnet-base-v2,768,20,45,0.78,0.8109944444444444,0.7760388888888888,0.8547555555555555,5
all-mpnet-base-v2,768,20,46,0.787038888888889,0.8135916666666667,0.8295972222222223,0.8605444444444444,20
all-mpnet-base-v2,768,20,47,0.8010375,0.8207430555555556,0.8161319444444445,0.8437708333333334,20
all-mpnet-base-v2,768,20,48,0.7719875,0.7950652777777778,0.7995819444444444,0.8402430555555557,20
all-mpnet-base-v2,768,20,49,0.7539472222222222,0.7790611111111111,0.7815277777777778,0.81545,2
all-mpnet-base-v2,768,20,50,0.7678111111111111,0.7609208333333334,0.7501569444444445,0.7926124999999999,20
all-mpnet-base-v2,768,20,51,0.7977902777777778,0.8103513888888889,0.8178347222222222,0.8615152777777779,20
all-mpnet-base-v2,768,20,52,0.7716791666666666,0.7981986111111112,0.7845097222222222,0.8274708333333334,2
all-mpnet-base-v2,768,20,53,0.7815694444444444,0.818861111111111,0.8369750000000001,0.8507555555555555,20
all-mpnet-base-v2,768,20,54,0.7664763888888888,0.8104513888888889,0.8170124999999999,0.8363041666666667,1
all-mpnet-base-v2,768,20,55,0.7685500000000001,0.7963027777777778,0.7556611111111111,0.8278749999999999,1
all-mpnet-base-v2,768,20,56,0.7935930555555556,0.8200430555555556,0.8196347222222221,0.865076388888889,20
all-mpnet-base-v2,768,20,57,0.7758583333333332,0.8032694444444445,0.8361805555555554,0.8517388888888888,20
all-mpnet-base-v2,768,20,58,0.7825986111111111,0.8151875,0.8278958333333334,0.8609763888888888,20
all-mpnet-base-v2,768,20,59,0.7926166666666667,0.8053499999999999,0.8438694444444443,0.8616833333333334,1
all-mpnet-base-v2,768,20,60,0.7478791666666668,0.7565458333333334,0.7612986111111112,0.8359902777777778,20
all-mpnet-base-v2,768,20,61,0.7663249999999999,0.814711111111111,0.8336583333333334,0.8536472222222221,3
all-mpnet-base-v2,768,20,62,0.8092055555555557,0.7995694444444446,0.8083888888888889,0.8634361111111111,10
all-mpnet-base-v2,768,20,63,0.779698611111111,0.8099263888888889,0.7994930555555555,0.8532958333333334,2
all-mpnet-base-v2,768,20,64,0.7919347222222223,0.8086208333333332,0.8656180555555556,0.8699986111111111,5
all-mpnet-base-v2,768,20,65,0.768401388888889,0.797976388888889,0.7994736111111113,0.8385902777777778,2
all-mpnet-base-v2,768,20,66,0.7941361111111112,0.8066527777777777,0.8252277777777778,0.8484138888888889,5
all-mpnet-base-v2,768,20,67,0.7823027777777778,0.8353250000000001,0.8274166666666668,0.8521472222222224,20
all-mpnet-base-v2,768,20,68,0.7697527777777778,0.8138333333333333,0.8313694444444446,0.8541166666666667,5
all-mpnet-base-v2,768,20,69,0.7644652777777777,0.8184569444444445,0.7890263888888889,0.8571097222222224,10
all-mpnet-base-v2,768,20,70,0.7987388888888889,0.8331666666666667,0.8170972222222223,0.8583277777777778,2
all-mpnet-base-v2,768,20,71,0.7744416666666667,0.8061805555555556,0.8281027777777776,0.8413111111111111,10
all-mpnet-base-v2,768,20,72,0.7866250000000001,0.8168916666666668,0.8139361111111112,0.8459694444444444,10
all-mpnet-base-v2,768,20,73,0.7797763888888889,0.8074222222222223,0.79695,0.8540361111111112,5
all-mpnet-base-v2,768,20,74,0.7963222222222223,0.8270527777777779,0.836088888888889,0.8590749999999999,10
all-mpnet-base-v2,768,20,75,0.7951847222222223,0.8063041666666666,0.8081597222222222,0.8429458333333334,2
all-mpnet-base-v2,768,20,76,0.7755708333333333,0.8064513888888889,0.7973374999999999,0.8314708333333333,5
all-mpnet-base-v2,768,20,77,0.7889791666666667,0.8255347222222222,0.8131680555555555,0.8594847222222223,3
all-mpnet-base-v2,768,20,78,0.7937111111111111,0.8250666666666666,0.840686111111111,0.8657111111111111,2
all-mpnet-base-v2,768,20,79,0.8039458333333334,0.8210347222222222,0.8146513888888891,0.8408041666666666,10
all-mpnet-base-v2,768,20,80,0.787738888888889,0.8138527777777778,0.8047027777777778,0.8314111111111111,1
all-mpnet-base-v2,768,20,81,0.7631708333333334,0.8152319444444445,0.8030902777777776,0.8500958333333334,2
all-mpnet-base-v2,768,20,82,0.7942402777777778,0.8106597222222223,0.8332347222222222,0.8569152777777777,1
all-mpnet-base-v2,768,20,83,0.7888624999999999,0.8196819444444445,0.7844180555555555,0.8509569444444445,2
all-mpnet-base-v2,768,20,84,0.7924305555555555,0.821636111111111,0.828911111111111,0.8606194444444444,3
all-mpnet-base-v2,768,20,85,0.7667972222222221,0.7786861111111111,0.7628361111111112,0.840513888888889,3
all-mpnet-base-v2,768,20,86,0.7818722222222222,0.8156777777777777,0.8491138888888888,0.8784611111111111,3
all-mpnet-base-v2,768,20,87,0.7729541666666666,0.7726402777777778,0.7614680555555555,0.8251958333333334,1
all-mpnet-base-v2,768,20,88,0.7986458333333333,0.8356208333333333,0.8526986111111112,0.8656763888888888,5
all-mpnet-base-v2,768,20,89,0.790998611111111,0.8194430555555555,0.8151736111111113,0.8527486111111112,10
all-mpnet-base-v2,768,20,90,0.7719374999999999,0.8137763888888889,0.8295819444444444,0.8409902777777778,20
all-mpnet-base-v2,768,20,91,0.7692555555555556,0.8081277777777778,0.8027888888888889,0.8464916666666666,2
all-mpnet-base-v2,768,20,92,0.8124361111111111,0.8163694444444445,0.8057416666666666,0.8566,20
all-mpnet-base-v2,768,20,93,0.7570333333333333,0.8074430555555556,0.7848152777777778,0.843398611111111,1
all-mpnet-base-v2,768,20,94,0.7969833333333334,0.8162916666666666,0.8053111111111111,0.858411111111111,1
all-mpnet-base-v2,768,20,95,0.8015611111111112,0.8370277777777777,0.8393194444444445,0.8647,20
all-mpnet-base-v2,768,20,96,0.795798611111111,0.8225180555555556,0.7800458333333333,0.8591791666666667,20
all-mpnet-base-v2,768,20,97,0.7698069444444444,0.8124819444444444,0.8183625000000001,0.8335180555555556,3
all-mpnet-base-v2,768,20,98,0.7827041666666668,0.8136263888888888,0.8082013888888889,0.8581930555555555,2
all-mpnet-base-v2,768,20,99,0.7697166666666667,0.8228388888888889,0.8024222222222223,0.8559249999999999,1
all-mpnet-base-v2,768,30,0,0.7997138888888888,0.8196000000000001,0.8424527777777777,0.8743027777777778,2
all-mpnet-base-v2,768,30,1,0.7828930555555557,0.7973958333333334,0.7876347222222222,0.8399625000000001,30
all-mpnet-base-v2,768,30,2,0.7720194444444444,0.8062694444444445,0.8254388888888888,0.8611250000000001,3
all-mpnet-base-v2,768,30,3,0.772325,0.792125,0.7864888888888888,0.8496416666666666,30
all-mpnet-base-v2,768,30,4,0.7761,0.8136111111111112,0.8050611111111112,0.8428333333333334,30
all-mpnet-base-v2,768,30,5,0.7934277777777778,0.8198388888888889,0.8382666666666667,0.8667611111111111,2
all-mpnet-base-v2,768,30,6,0.7722819444444445,0.8047041666666667,0.817451388888889,0.8421680555555556,30
all-mpnet-base-v2,768,30,7,0.7523694444444444,0.8048500000000001,0.8063777777777776,0.834663888888889,30
all-mpnet-base-v2,768,30,8,0.8015916666666666,0.8253583333333334,0.8346361111111111,0.8703638888888888,30
all-mpnet-base-v2,768,30,9,0.7931708333333334,0.8062958333333333,0.8228069444444445,0.8570958333333334,30
all-mpnet-base-v2,768,30,10,0.7936083333333332,0.8117416666666667,0.8264277777777778,0.8632055555555556,30
all-mpnet-base-v2,768,30,11,0.7876652777777778,0.8103347222222221,0.8011152777777778,0.8674402777777778,20
all-mpnet-base-v2,768,30,12,0.7892111111111111,0.8227722222222222,0.8045722222222222,0.854011111111111,30
all-mpnet-base-v2,768,30,13,0.7706750000000001,0.7997555555555556,0.801925,0.8522222222222222,10
all-mpnet-base-v2,768,30,14,0.7780875,0.8068847222222223,0.8258847222222223,0.8606958333333333,30
all-mpnet-base-v2,768,30,15,0.7697111111111111,0.8125249999999999,0.8232972222222222,0.8545111111111111,5
all-mpnet-base-v2,768,30,16,0.8104749999999998,0.8254194444444444,0.8478,0.8766083333333333,2
all-mpnet-base-v2,768,30,17,0.7414013888888888,0.787826388888889,0.7784902777777777,0.843101388888889,3
all-mpnet-base-v2,768,30,18,0.8077583333333334,0.8158361111111111,0.8137861111111111,0.8683500000000001,30
all-mpnet-base-v2,768,30,19,0.7625597222222223,0.8107513888888889,0.8436319444444444,0.8552958333333334,2
all-mpnet-base-v2,768,30,20,0.7814708333333333,0.806901388888889,0.8106291666666667,0.8562597222222221,1
all-mpnet-base-v2,768,30,21,0.7999138888888888,0.8322694444444444,0.8514416666666667,0.8680027777777779,1
all-mpnet-base-v2,768,30,22,0.7698819444444445,0.7926597222222221,0.7773930555555555,0.8640180555555557,30
all-mpnet-base-v2,768,30,23,0.7675347222222223,0.7974930555555557,0.7871597222222222,0.8513541666666666,10
all-mpnet-base-v2,768,30,24,0.7867041666666666,0.811551388888889,0.8215069444444445,0.8479930555555555,30
all-mpnet-base-v2,768,30,25,0.7781125000000002,0.8074458333333333,0.7622347222222221,0.8583069444444446,1
all-mpnet-base-v2,768,30,26,0.7628944444444443,0.8087777777777777,0.826075,0.8517138888888889,1
all-mpnet-base-v2,768,30,27,0.7636069444444444,0.8180458333333334,0.8168458333333333,0.8538458333333334,30
all-mpnet-base-v2,768,30,28,0.7926013888888889,0.8182375000000001,0.8149041666666667,0.8636347222222222,30
all-mpnet-base-v2,768,30,29,0.7837583333333332,0.811336111111111,0.7908305555555555,0.8391333333333333,10
all-mpnet-base-v2,768,30,30,0.7928986111111113,0.8065097222222221,0.8098291666666667,0.8611375,30
all-mpnet-base-v2,768,30,31,0.7839,0.782525,0.7868722222222222,0.8497861111111111,20
all-mpnet-base-v2,768,30,32,0.8108583333333332,0.8253916666666667,0.8139388888888888,0.8626611111111111,10
all-mpnet-base-v2,768,30,33,0.7886263888888889,0.8165486111111111,0.8217291666666666,0.8600097222222223,20
all-mpnet-base-v2,768,30,34,0.7680986111111111,0.7996125,0.7945708333333333,0.8422069444444444,20
all-mpnet-base-v2,768,30,35,0.8002222222222222,0.8339055555555557,0.8434694444444444,0.8732638888888888,30
all-mpnet-base-v2,768,30,36,0.8092611111111112,0.8156472222222223,0.8261750000000001,0.8595111111111111,20
all-mpnet-base-v2,768,30,37,0.7858027777777778,0.796563888888889,0.777575,0.8580944444444443,5
all-mpnet-base-v2,768,30,38,0.7532222222222221,0.7801722222222223,0.7739444444444444,0.8225972222222222,20
all-mpnet-base-v2,768,30,39,0.8137166666666666,0.8347472222222222,0.8373305555555555,0.8692694444444444,30
all-mpnet-base-v2,768,30,40,0.8004972222222222,0.812286111111111,0.8359611111111112,0.8652333333333332,30
all-mpnet-base-v2,768,30,41,0.7935888888888888,0.807613888888889,0.8208972222222223,0.8483444444444446,20
all-mpnet-base-v2,768,30,42,0.7794,0.80215,0.8043277777777776,0.8504222222222222,30
all-mpnet-base-v2,768,30,43,0.7985861111111112,0.8097805555555556,0.789163888888889,0.8533861111111111,20
all-mpnet-base-v2,768,30,44,0.7927583333333335,0.821836111111111,0.8410777777777778,0.8821666666666667,30
all-mpnet-base-v2,768,30,45,0.793063888888889,0.8244805555555554,0.79955,0.8633805555555555,30
all-mpnet-base-v2,768,30,46,0.7806583333333333,0.8196527777777778,0.8001916666666666,0.8678361111111111,30
all-mpnet-base-v2,768,30,47,0.7977569444444443,0.8238180555555555,0.8218402777777778,0.8432736111111111,30
all-mpnet-base-v2,768,30,48,0.7695097222222221,0.8054319444444445,0.7963625000000001,0.8545375,30
all-mpnet-base-v2,768,30,49,0.7497916666666667,0.7860138888888889,0.769525,0.8350944444444446,30
all-mpnet-base-v2,768,30,50,0.7767569444444444,0.7851958333333334,0.7725402777777778,0.8408625000000001,30
all-mpnet-base-v2,768,30,51,0.7826013888888887,0.8049124999999999,0.8095097222222222,0.8609625000000001,20
all-mpnet-base-v2,768,30,52,0.7716486111111112,0.8062486111111111,0.7934097222222223,0.8360069444444445,20
all-mpnet-base-v2,768,30,53,0.7724875,0.8299861111111111,0.8289361111111111,0.8524249999999999,30
all-mpnet-base-v2,768,30,54,0.7789708333333334,0.8049597222222222,0.8093236111111112,0.8430791666666666,10
all-mpnet-base-v2,768,30,55,0.7775583333333334,0.80435,0.757086111111111,0.8404861111111112,30
all-mpnet-base-v2,768,30,56,0.7833041666666667,0.8152680555555556,0.8288986111111111,0.8647597222222222,30
all-mpnet-base-v2,768,30,57,0.7721944444444445,0.8085055555555554,0.8396694444444444,0.8494027777777777,30
all-mpnet-base-v2,768,30,58,0.7881458333333333,0.8173180555555555,0.8149375000000001,0.8624375000000001,30
all-mpnet-base-v2,768,30,59,0.7915833333333332,0.8103083333333333,0.8201249999999999,0.8666416666666665,1
all-mpnet-base-v2,768,30,60,0.7710597222222222,0.7884319444444444,0.8003986111111111,0.8599263888888888,30
all-mpnet-base-v2,768,30,61,0.7614222222222223,0.8099166666666666,0.8189694444444444,0.8494944444444446,5
all-mpnet-base-v2,768,30,62,0.8057,0.7968,0.8188944444444445,0.8728666666666666,10
all-mpnet-base-v2,768,30,63,0.7804208333333335,0.8112708333333334,0.8024125000000001,0.8580347222222221,10
all-mpnet-base-v2,768,30,64,0.7910125,0.8041319444444445,0.8157708333333332,0.8680958333333333,2
all-mpnet-base-v2,768,30,65,0.7700541666666667,0.8051597222222222,0.7937708333333333,0.8357819444444444,30
all-mpnet-base-v2,768,30,66,0.7894694444444444,0.8127194444444444,0.8079194444444444,0.8477111111111111,30
all-mpnet-base-v2,768,30,67,0.7883888888888888,0.8350972222222223,0.8142583333333333,0.8571166666666667,30
all-mpnet-base-v2,768,30,68,0.7746888888888889,0.8086,0.8157,0.851525,10
all-mpnet-base-v2,768,30,69,0.7665277777777778,0.8180208333333333,0.7826319444444444,0.8660375,20
all-mpnet-base-v2,768,30,70,0.8015805555555555,0.826863888888889,0.8065111111111111,0.8657777777777778,2
all-mpnet-base-v2,768,30,71,0.7768222222222222,0.8011250000000001,0.83465,0.8433583333333332,10
all-mpnet-base-v2,768,30,72,0.7825111111111112,0.8232888888888888,0.8058805555555555,0.8577888888888888,30
all-mpnet-base-v2,768,30,73,0.7787722222222222,0.8030111111111111,0.8081777777777778,0.8634611111111111,10
all-mpnet-base-v2,768,30,74,0.7944694444444445,0.8424555555555556,0.838188888888889,0.8714694444444445,10
all-mpnet-base-v2,768,30,75,0.7989486111111113,0.8194069444444445,0.8120680555555556,0.8548680555555556,30
all-mpnet-base-v2,768,30,76,0.7793569444444445,0.8215708333333334,0.8245430555555555,0.8525597222222222,20
all-mpnet-base-v2,768,30,77,0.7934569444444445,0.8230041666666666,0.8242625000000001,0.8695847222222222,3
all-mpnet-base-v2,768,30,78,0.7926249999999999,0.8308444444444445,0.8259888888888888,0.8651527777777778,30
all-mpnet-base-v2,768,30,79,0.8065597222222223,0.8342736111111111,0.8220263888888889,0.8496541666666666,30
all-mpnet-base-v2,768,30,80,0.787525,0.8110138888888889,0.8055972222222222,0.8479611111111113,10
all-mpnet-base-v2,768,30,81,0.7570736111111112,0.7961013888888888,0.7666625,0.8512180555555555,30
all-mpnet-base-v2,768,30,82,0.7988875,0.7919541666666666,0.8286680555555554,0.8598430555555557,30
all-mpnet-base-v2,768,30,83,0.788826388888889,0.8155819444444444,0.8263208333333333,0.8588402777777777,30
all-mpnet-base-v2,768,30,84,0.7883444444444444,0.8127861111111111,0.8324666666666668,0.859763888888889,3
all-mpnet-base-v2,768,30,85,0.7766333333333334,0.7851833333333333,0.7765111111111112,0.8635138888888888,3
all-mpnet-base-v2,768,30,86,0.7742555555555555,0.8316305555555555,0.8445083333333334,0.8771444444444444,30
all-mpnet-base-v2,768,30,87,0.7806513888888889,0.7934763888888889,0.7871152777777778,0.8380652777777777,30
all-mpnet-base-v2,768,30,88,0.8012791666666668,0.8230152777777778,0.8333097222222221,0.8649152777777778,10
all-mpnet-base-v2,768,30,89,0.7857486111111112,0.8097791666666667,0.8087430555555555,0.852826388888889,20
all-mpnet-base-v2,768,30,90,0.7628152777777778,0.8111930555555554,0.8018625,0.8386319444444444,30
all-mpnet-base-v2,768,30,91,0.7779069444444444,0.7982611111111111,0.8111999999999999,0.8527666666666667,2
all-mpnet-base-v2,768,30,92,0.8093888888888889,0.8130555555555555,0.8088055555555556,0.8647333333333334,30
all-mpnet-base-v2,768,30,93,0.7825375000000001,0.8276375,0.8164180555555556,0.8659986111111111,30
all-mpnet-base-v2,768,30,94,0.8013194444444445,0.8150361111111111,0.8195055555555555,0.8566472222222222,3
all-mpnet-base-v2,768,30,95,0.8013722222222223,0.8318694444444446,0.8216888888888889,0.8696972222222222,30
all-mpnet-base-v2,768,30,96,0.7961847222222223,0.8184791666666666,0.7915541666666667,0.8683930555555556,30
all-mpnet-base-v2,768,30,97,0.7747652777777778,0.8081291666666667,0.8151430555555556,0.8450152777777779,30
all-mpnet-base-v2,768,30,98,0.7795708333333334,0.8280291666666666,0.8146902777777778,0.864348611111111,30
all-mpnet-base-v2,768,30,99,0.783225,0.8259000000000001,0.8019666666666667,0.8677444444444444,1
all-mpnet-base-v2,768,50,0,0.8039638888888889,0.8320583333333333,0.8318722222222223,0.8773444444444445,40
all-mpnet-base-v2,768,50,1,0.7827375000000001,0.8153708333333333,0.8191180555555555,0.8601208333333332,30
all-mpnet-base-v2,768,50,2,0.7787500000000002,0.8358333333333332,0.8358194444444444,0.8636472222222221,40
all-mpnet-base-v2,768,50,3,0.7728361111111112,0.808088888888889,0.8127916666666666,0.8568277777777777,40
all-mpnet-base-v2,768,50,4,0.777186111111111,0.8164083333333334,0.826125,0.8638333333333333,30
all-mpnet-base-v2,768,50,5,0.7981249999999999,0.8320083333333333,0.8245388888888889,0.8697638888888888,40
all-mpnet-base-v2,768,50,6,0.7701875000000001,0.7986430555555556,0.8050375000000001,0.8489736111111111,40
all-mpnet-base-v2,768,50,7,0.7634416666666666,0.8130555555555556,0.8036249999999998,0.8460333333333332,40
all-mpnet-base-v2,768,50,8,0.7911000000000001,0.8252194444444443,0.8210138888888889,0.8657833333333333,40
all-mpnet-base-v2,768,50,9,0.7956624999999999,0.816101388888889,0.8065930555555555,0.8599013888888889,30
all-mpnet-base-v2,768,50,10,0.7853249999999998,0.8048444444444445,0.8083750000000001,0.8596027777777778,30
all-mpnet-base-v2,768,50,11,0.779926388888889,0.8132986111111111,0.8068486111111111,0.8698236111111111,40
all-mpnet-base-v2,768,50,12,0.789561111111111,0.8209333333333334,0.8069138888888889,0.8591111111111112,40
all-mpnet-base-v2,768,50,13,0.7770111111111111,0.8046083333333334,0.8018611111111111,0.8603583333333334,30
all-mpnet-base-v2,768,50,14,0.7842875,0.8083069444444445,0.8156097222222223,0.8656458333333333,5
all-mpnet-base-v2,768,50,15,0.7725361111111111,0.8081444444444446,0.8288166666666666,0.8584500000000002,30
all-mpnet-base-v2,768,50,16,0.7986388888888889,0.8175694444444443,0.8372972222222221,0.882786111111111,3
all-mpnet-base-v2,768,50,17,0.7538569444444444,0.7922569444444444,0.7764541666666667,0.8532152777777777,20
all-mpnet-base-v2,768,50,18,0.7989555555555556,0.8228388888888889,0.8197027777777779,0.8687638888888889,40
all-mpnet-base-v2,768,50,19,0.7871236111111111,0.797026388888889,0.7923236111111109,0.8705902777777778,2
all-mpnet-base-v2,768,50,20,0.7816791666666666,0.8212541666666666,0.8139652777777777,0.8650625000000001,20
all-mpnet-base-v2,768,50,21,0.8049055555555555,0.8311611111111111,0.827486111111111,0.8623444444444445,30
all-mpnet-base-v2,768,50,22,0.7821624999999999,0.8149819444444444,0.8105736111111111,0.8687930555555556,2
all-mpnet-base-v2,768,50,23,0.7711638888888889,0.8059375000000001,0.8063430555555556,0.8522708333333333,10
all-mpnet-base-v2,768,50,24,0.7905930555555556,0.8268902777777778,0.8347791666666666,0.8613402777777778,40
all-mpnet-base-v2,768,50,25,0.780373611111111,0.7758930555555555,0.788223611111111,0.8701486111111111,2
all-mpnet-base-v2,768,50,26,0.781325,0.82085,0.7935222222222222,0.866675,30
all-mpnet-base-v2,768,50,27,0.7790041666666667,0.8115875,0.7890291666666666,0.8560236111111112,40
all-mpnet-base-v2,768,50,28,0.7964069444444444,0.833101388888889,0.8201513888888889,0.8704569444444443,40
all-mpnet-base-v2,768,50,29,0.7886583333333332,0.836825,0.8152749999999999,0.8537777777777777,40
all-mpnet-base-v2,768,50,30,0.7925486111111111,0.8118208333333333,0.8180208333333334,0.8616902777777778,20
all-mpnet-base-v2,768,50,31,0.7836916666666667,0.7980138888888889,0.8004861111111111,0.855288888888889,30
all-mpnet-base-v2,768,50,32,0.8087750000000001,0.8302083333333333,0.7995861111111112,0.8657805555555556,40
all-mpnet-base-v2,768,50,33,0.7966152777777779,0.8236458333333334,0.819476388888889,0.8603875,30
all-mpnet-base-v2,768,50,34,0.7647125,0.8137041666666667,0.8043291666666668,0.8479513888888889,40
all-mpnet-base-v2,768,50,35,0.7965444444444444,0.828436111111111,0.8272333333333333,0.8710972222222223,40
all-mpnet-base-v2,768,50,36,0.8095777777777777,0.8136666666666668,0.8167305555555555,0.8603916666666667,40
all-mpnet-base-v2,768,50,37,0.7928722222222223,0.8121277777777778,0.7873444444444444,0.8658611111111112,40
all-mpnet-base-v2,768,50,38,0.7552861111111112,0.7913111111111111,0.7610333333333335,0.8427,40
all-mpnet-base-v2,768,50,39,0.8118527777777778,0.8216249999999999,0.8293527777777777,0.8750472222222223,20
all-mpnet-base-v2,768,50,40,0.8049694444444445,0.8151694444444444,0.8207888888888889,0.8655916666666666,5
all-mpnet-base-v2,768,50,41,0.7871111111111111,0.7877333333333333,0.8033166666666667,0.8520638888888891,10
all-mpnet-base-v2,768,50,42,0.7903,0.8294694444444444,0.8369194444444444,0.8653916666666667,40
all-mpnet-base-v2,768,50,43,0.798563888888889,0.8229944444444444,0.8067555555555557,0.8617694444444444,20
all-mpnet-base-v2,768,50,44,0.7912166666666667,0.8325194444444445,0.8381638888888889,0.8756972222222223,40
all-mpnet-base-v2,768,50,45,0.7924027777777777,0.823175,0.7982888888888888,0.8683916666666667,20
all-mpnet-base-v2,768,50,46,0.7899305555555556,0.8266,0.8059638888888888,0.8703722222222222,40
all-mpnet-base-v2,768,50,47,0.8027847222222223,0.8248486111111111,0.8270124999999999,0.8544819444444445,40
all-mpnet-base-v2,768,50,48,0.7672430555555556,0.8076041666666667,0.7967958333333333,0.8618958333333334,40
all-mpnet-base-v2,768,50,49,0.766525,0.8081611111111111,0.80585,0.8716194444444445,40
all-mpnet-base-v2,768,50,50,0.7780486111111111,0.7931736111111112,0.7898319444444445,0.8524097222222221,40
all-mpnet-base-v2,768,50,51,0.7829291666666667,0.8205708333333332,0.8055763888888889,0.8730069444444445,30
all-mpnet-base-v2,768,50,52,0.7859180555555556,0.8071958333333333,0.7888069444444444,0.8578097222222222,40
all-mpnet-base-v2,768,50,53,0.7771861111111111,0.8261277777777778,0.819938888888889,0.8627722222222223,40
all-mpnet-base-v2,768,50,54,0.7804347222222223,0.819223611111111,0.8125486111111111,0.8503180555555555,40
all-mpnet-base-v2,768,50,55,0.7853916666666666,0.8158833333333334,0.7851027777777777,0.8521777777777778,40
all-mpnet-base-v2,768,50,56,0.7817569444444445,0.8229375000000002,0.837726388888889,0.8697847222222223,30
all-mpnet-base-v2,768,50,57,0.7788,0.8210777777777779,0.8166722222222222,0.8606888888888888,40
all-mpnet-base-v2,768,50,58,0.7878430555555556,0.8182513888888889,0.7839041666666666,0.8625125,40
all-mpnet-base-v2,768,50,59,0.7926972222222222,0.8236722222222221,0.8243805555555557,0.8688055555555556,40
all-mpnet-base-v2,768,50,60,0.7806291666666667,0.8090597222222223,0.8099458333333334,0.8703041666666667,40
all-mpnet-base-v2,768,50,61,0.7716277777777778,0.8248472222222222,0.8260361111111111,0.847325,40
all-mpnet-base-v2,768,50,62,0.7991055555555555,0.8085805555555556,0.8139527777777779,0.8722166666666666,40
all-mpnet-base-v2,768,50,63,0.7740402777777777,0.8044402777777778,0.7875847222222222,0.8516430555555555,30
all-mpnet-base-v2,768,50,64,0.7865069444444445,0.8420263888888889,0.7917513888888889,0.8702736111111111,40
all-mpnet-base-v2,768,50,65,0.7723847222222221,0.8065069444444445,0.7937041666666667,0.8463597222222222,30
all-mpnet-base-v2,768,50,66,0.7938888888888889,0.8125916666666667,0.8030916666666668,0.8604027777777777,40
all-mpnet-base-v2,768,50,67,0.7944611111111111,0.8370305555555555,0.8249805555555556,0.8678,30
all-mpnet-base-v2,768,50,68,0.7777388888888889,0.8076222222222221,0.8086555555555556,0.8613611111111111,20
all-mpnet-base-v2,768,50,69,0.7825486111111111,0.8287152777777779,0.7910458333333333,0.8690180555555556,40
all-mpnet-base-v2,768,50,70,0.7955694444444446,0.8305083333333332,0.8143305555555556,0.8667416666666666,40
all-mpnet-base-v2,768,50,71,0.7734138888888888,0.8144388888888889,0.8199083333333334,0.847761111111111,40
all-mpnet-base-v2,768,50,72,0.7799555555555556,0.8298833333333333,0.8387083333333334,0.8608527777777776,40
all-mpnet-base-v2,768,50,73,0.7804416666666667,0.8069472222222223,0.8097666666666666,0.8702083333333333,40
all-mpnet-base-v2,768,50,74,0.7985388888888888,0.8415916666666665,0.8445277777777778,0.8910361111111111,20
all-mpnet-base-v2,768,50,75,0.8022708333333334,0.8274847222222222,0.8239180555555555,0.8666874999999999,40
all-mpnet-base-v2,768,50,76,0.7952486111111111,0.8297180555555557,0.8542069444444444,0.8728236111111112,30
all-mpnet-base-v2,768,50,77,0.796198611111111,0.8274819444444443,0.8061319444444444,0.8680041666666667,40
all-mpnet-base-v2,768,50,78,0.7888361111111111,0.8294055555555556,0.8207777777777778,0.8632138888888891,40
all-mpnet-base-v2,768,50,79,0.8062013888888889,0.8314208333333333,0.8280680555555555,0.8595013888888888,40
all-mpnet-base-v2,768,50,80,0.801513888888889,0.815425,0.804625,0.8579722222222224,40
all-mpnet-base-v2,768,50,81,0.7698486111111111,0.8180458333333334,0.7777791666666667,0.8581930555555556,40
all-mpnet-base-v2,768,50,82,0.7962652777777778,0.8053236111111111,0.8098875000000001,0.8643180555555556,40
all-mpnet-base-v2,768,50,83,0.7938430555555556,0.8234708333333334,0.825398611111111,0.8763930555555556,40
all-mpnet-base-v2,768,50,84,0.7655416666666666,0.8045611111111111,0.8064805555555556,0.8581444444444444,40
all-mpnet-base-v2,768,50,85,0.7793083333333333,0.7957333333333333,0.7875666666666667,0.8611888888888889,40
all-mpnet-base-v2,768,50,86,0.7756972222222223,0.8253027777777777,0.8350555555555557,0.8802694444444445,30
all-mpnet-base-v2,768,50,87,0.7838875000000001,0.8104541666666666,0.7992124999999999,0.8508291666666666,40
all-mpnet-base-v2,768,50,88,0.8052152777777778,0.8404125,0.8313847222222224,0.8632402777777778,40
all-mpnet-base-v2,768,50,89,0.7992152777777778,0.8116319444444445,0.8210208333333334,0.8672763888888888,30
all-mpnet-base-v2,768,50,90,0.7648180555555555,0.8044958333333333,0.7772263888888888,0.850101388888889,30
all-mpnet-base-v2,768,50,91,0.7782944444444444,0.8051527777777778,0.8027777777777778,0.8689111111111111,40
all-mpnet-base-v2,768,50,92,0.8088861111111112,0.8248083333333331,0.8081611111111111,0.8698694444444445,40
all-mpnet-base-v2,768,50,93,0.7917430555555555,0.8375986111111111,0.8377569444444444,0.8667152777777778,40
all-mpnet-base-v2,768,50,94,0.7877194444444444,0.8113305555555556,0.8257027777777777,0.8617638888888888,10
all-mpnet-base-v2,768,50,95,0.7893416666666667,0.8199444444444446,0.7901916666666666,0.8701388888888888,40
all-mpnet-base-v2,768,50,96,0.7925986111111112,0.8235986111111111,0.7937986111111112,0.8693652777777777,30
all-mpnet-base-v2,768,50,97,0.7818541666666666,0.8131458333333332,0.8173652777777778,0.8485680555555555,30
all-mpnet-base-v2,768,50,98,0.7872180555555557,0.8320958333333333,0.8268097222222222,0.8743375000000001,40
all-mpnet-base-v2,768,50,99,0.7894055555555555,0.8237527777777778,0.8177861111111111,0.8625027777777778,40
all-mpnet-base-v2,768,75,0,0.8073027777777778,0.8381916666666668,0.8344861111111112,0.8796833333333335,40
all-mpnet-base-v2,768,75,1,0.7828791666666666,0.8199819444444446,0.8324652777777777,0.8687791666666667,40
all-mpnet-base-v2,768,75,2,0.7797888888888889,0.82875,0.8424555555555555,0.8619888888888889,30
all-mpnet-base-v2,768,75,3,0.7744166666666668,0.8120833333333334,0.8167638888888888,0.8608972222222223,40
all-mpnet-base-v2,768,75,4,0.7764472222222222,0.814975,0.8208444444444445,0.8666916666666666,30
all-mpnet-base-v2,768,75,5,0.79285,0.8272194444444444,0.8164194444444446,0.8793055555555556,40
all-mpnet-base-v2,768,75,6,0.7816930555555555,0.8044486111111111,0.8080430555555557,0.8573208333333333,40
all-mpnet-base-v2,768,75,7,0.7608972222222222,0.8148555555555557,0.8042833333333334,0.8442666666666666,40
all-mpnet-base-v2,768,75,8,0.7935694444444445,0.831763888888889,0.8404416666666666,0.8786444444444445,40
all-mpnet-base-v2,768,75,9,0.7909430555555556,0.8145125000000001,0.8189319444444443,0.8676930555555555,40
all-mpnet-base-v2,768,75,10,0.7880638888888889,0.8160083333333333,0.8086111111111112,0.8721694444444444,40
all-mpnet-base-v2,768,75,11,0.7786847222222222,0.8103125,0.8331513888888888,0.8796375,20
all-mpnet-base-v2,768,75,12,0.793363888888889,0.8294222222222223,0.8198777777777778,0.863925,40
all-mpnet-base-v2,768,75,13,0.7801694444444445,0.8183527777777778,0.8112305555555556,0.8693249999999999,40
all-mpnet-base-v2,768,75,14,0.7847597222222222,0.8244958333333333,0.8135458333333332,0.8686652777777778,40
all-mpnet-base-v2,768,75,15,0.7720194444444445,0.8076416666666667,0.8300111111111111,0.8577777777777778,30
all-mpnet-base-v2,768,75,16,0.8016277777777778,0.8311,0.8235888888888888,0.8903527777777778,10
all-mpnet-base-v2,768,75,17,0.7694527777777778,0.8152958333333333,0.8212791666666667,0.8660152777777778,30
all-mpnet-base-v2,768,75,18,0.7947944444444445,0.8234055555555556,0.8262611111111112,0.8728694444444445,40
all-mpnet-base-v2,768,75,19,0.7869875,0.8086041666666667,0.8063291666666668,0.8670513888888889,40
all-mpnet-base-v2,768,75,20,0.7851236111111111,0.8134125,0.8314180555555556,0.8704930555555555,20
all-mpnet-base-v2,768,75,21,0.7971361111111112,0.8293388888888888,0.8178500000000001,0.868925,40
all-mpnet-base-v2,768,75,22,0.7777597222222222,0.8246152777777779,0.8237069444444445,0.8711624999999998,40
all-mpnet-base-v2,768,75,23,0.7674958333333333,0.8174930555555557,0.8128902777777778,0.853348611111111,40
all-mpnet-base-v2,768,75,24,0.7852541666666667,0.8320847222222223,0.8320013888888889,0.8604375,40
all-mpnet-base-v2,768,75,25,0.7812125000000001,0.8076152777777778,0.7943041666666666,0.8690125,30
all-mpnet-base-v2,768,75,26,0.7842944444444444,0.8303666666666667,0.7893555555555556,0.8742805555555555,40
all-mpnet-base-v2,768,75,27,0.7810597222222223,0.8071902777777779,0.7928847222222222,0.8546069444444444,40
all-mpnet-base-v2,768,75,28,0.7961847222222223,0.8354180555555556,0.8287291666666666,0.8729930555555554,40
all-mpnet-base-v2,768,75,29,0.7932166666666667,0.8443472222222221,0.8193722222222221,0.8647277777777778,40
all-mpnet-base-v2,768,75,30,0.7873458333333333,0.8120680555555555,0.8204569444444445,0.8591263888888889,40
all-mpnet-base-v2,768,75,31,0.7818972222222222,0.8036583333333334,0.8111027777777777,0.8595416666666666,30
all-mpnet-base-v2,768,75,32,0.8078708333333334,0.8383222222222222,0.8274888888888889,0.8727027777777777,40
all-mpnet-base-v2,768,75,33,0.7934013888888888,0.8230847222222222,0.8173097222222223,0.865548611111111,40
all-mpnet-base-v2,768,75,34,0.7744652777777777,0.8188874999999999,0.8322430555555556,0.8600319444444444,30
all-mpnet-base-v2,768,75,35,0.7925361111111111,0.8189222222222222,0.8184055555555555,0.8743777777777777,40
all-mpnet-base-v2,768,75,36,0.8019277777777778,0.8281277777777778,0.8295249999999998,0.8648527777777778,40
all-mpnet-base-v2,768,75,37,0.7952722222222222,0.8238611111111112,0.8096638888888888,0.8709861111111111,40
all-mpnet-base-v2,768,75,38,0.76495,0.8029555555555556,0.7924333333333333,0.8646944444444444,40
all-mpnet-base-v2,768,75,39,0.8106055555555555,0.8350444444444445,0.8294138888888889,0.873525,40
all-mpnet-base-v2,768,75,40,0.8007,0.8318027777777777,0.8267361111111111,0.8670444444444445,40
all-mpnet-base-v2,768,75,41,0.7848138888888889,0.8196638888888889,0.8221555555555558,0.8590666666666669,40
all-mpnet-base-v2,768,75,42,0.7940444444444446,0.8289638888888891,0.8333361111111113,0.8725138888888888,40
all-mpnet-base-v2,768,75,43,0.7968611111111111,0.8153611111111111,0.8081527777777777,0.8669722222222223,40
all-mpnet-base-v2,768,75,44,0.7879583333333333,0.8298777777777778,0.833025,0.8778333333333334,40
all-mpnet-base-v2,768,75,45,0.7903388888888889,0.8349166666666668,0.8081805555555557,0.8700111111111112,40
all-mpnet-base-v2,768,75,46,0.7937194444444445,0.8307444444444443,0.8206555555555557,0.8740472222222222,40
all-mpnet-base-v2,768,75,47,0.8053680555555556,0.8280652777777777,0.8340875,0.8584041666666666,40
all-mpnet-base-v2,768,75,48,0.7723986111111112,0.8135402777777778,0.8151375,0.8695291666666666,40
all-mpnet-base-v2,768,75,49,0.7750583333333333,0.8199305555555556,0.8376083333333333,0.8790416666666667,30
all-mpnet-base-v2,768,75,50,0.7774430555555556,0.8041875,0.7921486111111111,0.8556763888888889,40
all-mpnet-base-v2,768,75,51,0.7894152777777778,0.8298208333333332,0.7855319444444445,0.8741652777777777,30
all-mpnet-base-v2,768,75,52,0.7868069444444444,0.8119680555555556,0.8151236111111109,0.8615319444444444,40
all-mpnet-base-v2,768,75,53,0.7834388888888889,0.8189,0.8206694444444445,0.8754027777777778,40
all-mpnet-base-v2,768,75,54,0.7844902777777778,0.8223569444444444,0.8249208333333333,0.8590319444444444,40
all-mpnet-base-v2,768,75,55,0.7875791666666667,0.8162694444444444,0.8071666666666666,0.8573833333333334,30
all-mpnet-base-v2,768,75,56,0.7781208333333334,0.8089319444444445,0.8174125,0.8682541666666667,20
all-mpnet-base-v2,768,75,57,0.7854888888888889,0.8215777777777779,0.8199722222222222,0.8717861111111112,40
all-mpnet-base-v2,768,75,58,0.7875458333333334,0.8188708333333333,0.7969569444444445,0.8662152777777776,40
all-mpnet-base-v2,768,75,59,0.789325,0.8206833333333334,0.8257111111111111,0.8677805555555556,40
all-mpnet-base-v2,768,75,60,0.7798125,0.8135708333333334,0.8107930555555556,0.8717152777777778,40
all-mpnet-base-v2,768,75,61,0.7779805555555555,0.8071388888888889,0.825725,0.8608055555555556,5
all-mpnet-base-v2,768,75,62,0.8038583333333335,0.8200527777777777,0.8259694444444444,0.8816583333333333,40
all-mpnet-base-v2,768,75,63,0.779323611111111,0.8031597222222222,0.8023902777777778,0.8590263888888888,20
all-mpnet-base-v2,768,75,64,0.7916624999999999,0.8288097222222222,0.8156847222222221,0.8692680555555554,40
all-mpnet-base-v2,768,75,65,0.7732930555555556,0.8128208333333333,0.7930347222222223,0.8497375,40
all-mpnet-base-v2,768,75,66,0.7938388888888888,0.822175,0.8361472222222222,0.8707833333333334,40
all-mpnet-base-v2,768,75,67,0.7926388888888889,0.8299416666666665,0.8070722222222221,0.8708083333333333,30
all-mpnet-base-v2,768,75,68,0.7729805555555556,0.8099222222222222,0.7979722222222222,0.8578555555555555,30
all-mpnet-base-v2,768,75,69,0.7835624999999999,0.8304319444444445,0.828123611111111,0.8694930555555556,20
all-mpnet-base-v2,768,75,70,0.7966583333333335,0.8291222222222221,0.8160138888888889,0.8658666666666667,40
all-mpnet-base-v2,768,75,71,0.7761638888888889,0.8165916666666666,0.8231666666666667,0.857675,40
all-mpnet-base-v2,768,75,72,0.7803166666666665,0.8356972222222223,0.827613888888889,0.8700527777777778,30
all-mpnet-base-v2,768,75,73,0.7815333333333334,0.8113527777777779,0.8207805555555555,0.8741666666666665,40
all-mpnet-base-v2,768,75,74,0.8017083333333334,0.8416611111111112,0.8302,0.8904194444444444,40
all-mpnet-base-v2,768,75,75,0.7967069444444446,0.821873611111111,0.8178013888888889,0.8665763888888889,30
all-mpnet-base-v2,768,75,76,0.8020652777777778,0.8415125000000001,0.8627319444444446,0.8802763888888888,40
all-mpnet-base-v2,768,75,77,0.7952736111111112,0.8258569444444445,0.8062708333333333,0.8747513888888889,40
all-mpnet-base-v2,768,75,78,0.7901277777777778,0.8321111111111109,0.8326222222222223,0.8696444444444446,40
all-mpnet-base-v2,768,75,79,0.7985375,0.8340430555555556,0.8280930555555556,0.860326388888889,40
all-mpnet-base-v2,768,75,80,0.789525,0.8120861111111112,0.818886111111111,0.8658222222222222,40
all-mpnet-base-v2,768,75,81,0.7756069444444444,0.8110319444444445,0.7856680555555555,0.8595624999999998,40
all-mpnet-base-v2,768,75,82,0.7894763888888888,0.8033833333333333,0.8275819444444444,0.8685319444444445,40
all-mpnet-base-v2,768,75,83,0.7925263888888889,0.8175819444444445,0.8212736111111112,0.8751458333333333,40
all-mpnet-base-v2,768,75,84,0.7698805555555557,0.807525,0.7976805555555555,0.8613055555555554,40
all-mpnet-base-v2,768,75,85,0.7817027777777779,0.8015916666666667,0.813075,0.8702166666666666,40
all-mpnet-base-v2,768,75,86,0.7772972222222223,0.8181972222222221,0.8361138888888889,0.888125,40
all-mpnet-base-v2,768,75,87,0.786026388888889,0.8107875,0.8036208333333333,0.8608874999999999,40
all-mpnet-base-v2,768,75,88,0.8032180555555555,0.8353375,0.8360847222222223,0.8677152777777777,40
all-mpnet-base-v2,768,75,89,0.7969402777777777,0.8039430555555556,0.7979402777777778,0.8679986111111111,40
all-mpnet-base-v2,768,75,90,0.7687166666666667,0.8062708333333333,0.8014180555555556,0.8512097222222221,40
all-mpnet-base-v2,768,75,91,0.7812166666666667,0.8089388888888889,0.814125,0.8688472222222222,40
all-mpnet-base-v2,768,75,92,0.8113277777777778,0.8246111111111111,0.8272916666666666,0.8727472222222222,40
all-mpnet-base-v2,768,75,93,0.7835652777777777,0.8293013888888887,0.8203652777777779,0.864240277777778,40
all-mpnet-base-v2,768,75,94,0.7881388888888888,0.8095277777777778,0.8296861111111111,0.8672055555555557,20
all-mpnet-base-v2,768,75,95,0.7835416666666667,0.81565,0.8144444444444444,0.8736999999999999,10
all-mpnet-base-v2,768,75,96,0.7839875,0.8297180555555556,0.8101597222222222,0.8718736111111111,40
all-mpnet-base-v2,768,75,97,0.7872875,0.8205208333333334,0.8195069444444445,0.8545236111111111,40
all-mpnet-base-v2,768,75,98,0.7896347222222223,0.833348611111111,0.8384013888888889,0.876798611111111,40
all-mpnet-base-v2,768,75,99,0.7853361111111112,0.8195,0.8202777777777779,0.8634833333333334,40
all-mpnet-base-v2,768,100,0,0.8037194444444445,0.8407222222222223,0.8392388888888889,0.8781333333333333,40
all-mpnet-base-v2,768,100,1,0.7868430555555556,0.8154374999999998,0.8288374999999999,0.8687041666666666,40
all-mpnet-base-v2,768,100,2,0.7822194444444446,0.8323777777777779,0.8398138888888889,0.8684000000000001,40
all-mpnet-base-v2,768,100,3,0.7751583333333333,0.8077666666666665,0.8255666666666666,0.8626027777777777,30
all-mpnet-base-v2,768,100,4,0.7783361111111111,0.8184722222222223,0.8171305555555556,0.8695833333333334,30
all-mpnet-base-v2,768,100,5,0.7869333333333335,0.827311111111111,0.833025,0.8799277777777779,30
all-mpnet-base-v2,768,100,6,0.7837930555555556,0.8160375,0.8234375,0.8631597222222221,40
all-mpnet-base-v2,768,100,7,0.7610444444444445,0.8129722222222222,0.8031444444444444,0.8515861111111112,40
all-mpnet-base-v2,768,100,8,0.7909624999999999,0.8278888888888889,0.8370638888888889,0.876986111111111,40
all-mpnet-base-v2,768,100,9,0.7872763888888887,0.8157458333333334,0.8276347222222222,0.8691791666666667,40
all-mpnet-base-v2,768,100,10,0.7898333333333334,0.8220666666666667,0.8167333333333333,0.8742194444444444,40
all-mpnet-base-v2,768,100,11,0.7786124999999999,0.8266458333333333,0.8344236111111111,0.883048611111111,40
all-mpnet-base-v2,768,100,12,0.7928555555555555,0.825175,0.8287305555555555,0.8650444444444444,40
all-mpnet-base-v2,768,100,13,0.7876388888888889,0.8250500000000001,0.8363083333333334,0.8747944444444444,30
all-mpnet-base-v2,768,100,14,0.7806652777777778,0.8213513888888889,0.8244541666666667,0.8665513888888889,40
all-mpnet-base-v2,768,100,15,0.7763319444444444,0.8152638888888888,0.8259722222222222,0.8634916666666668,40
all-mpnet-base-v2,768,100,16,0.7988250000000001,0.8271777777777776,0.8412,0.8921250000000001,5
all-mpnet-base-v2,768,100,17,0.7662736111111111,0.818101388888889,0.830976388888889,0.8695069444444443,40
all-mpnet-base-v2,768,100,18,0.7951555555555555,0.824788888888889,0.8245972222222222,0.8757055555555556,40
all-mpnet-base-v2,768,100,19,0.7909402777777778,0.8183041666666666,0.8103902777777778,0.8730458333333334,40
all-mpnet-base-v2,768,100,20,0.7854097222222223,0.8290597222222222,0.8313152777777778,0.8750208333333334,40
all-mpnet-base-v2,768,100,21,0.7949472222222222,0.8284222222222222,0.8206944444444444,0.8649944444444444,40
all-mpnet-base-v2,768,100,22,0.7799375,0.8306402777777777,0.8368097222222222,0.8755208333333333,30
all-mpnet-base-v2,768,100,23,0.7690736111111112,0.8199319444444445,0.8103958333333334,0.8534430555555557,40
all-mpnet-base-v2,768,100,24,0.7857486111111112,0.8211430555555556,0.8382597222222223,0.8616180555555556,20
all-mpnet-base-v2,768,100,25,0.7824236111111111,0.8187819444444444,0.8232680555555556,0.8721402777777778,30
all-mpnet-base-v2,768,100,26,0.7846388888888889,0.8312472222222222,0.8338527777777778,0.8705972222222222,40
all-mpnet-base-v2,768,100,27,0.7853319444444444,0.8126180555555556,0.809851388888889,0.8614625,40
all-mpnet-base-v2,768,100,28,0.795426388888889,0.8269069444444445,0.8293125,0.8763097222222221,40
all-mpnet-base-v2,768,100,29,0.7900055555555555,0.8436638888888889,0.8248750000000001,0.8643166666666664,40
all-mpnet-base-v2,768,100,30,0.792851388888889,0.8180375000000001,0.8347763888888888,0.8672513888888889,40
all-mpnet-base-v2,768,100,31,0.7820444444444443,0.8112138888888889,0.8175027777777778,0.865488888888889,40
all-mpnet-base-v2,768,100,32,0.8040069444444445,0.8405277777777778,0.8439416666666667,0.8753194444444443,40
all-mpnet-base-v2,768,100,33,0.7900458333333333,0.8273763888888888,0.8313652777777778,0.8670597222222222,40
all-mpnet-base-v2,768,100,34,0.7773986111111111,0.8255430555555556,0.8412930555555556,0.8613736111111111,40
all-mpnet-base-v2,768,100,35,0.7920194444444445,0.81755,0.8225166666666668,0.8720833333333333,40
all-mpnet-base-v2,768,100,36,0.7996305555555556,0.8287555555555556,0.8403444444444446,0.8671944444444444,40
all-mpnet-base-v2,768,100,37,0.7937388888888888,0.8228222222222222,0.8262666666666667,0.8729972222222222,40
all-mpnet-base-v2,768,100,38,0.7650805555555557,0.8112500000000001,0.7998305555555555,0.8631416666666666,30
all-mpnet-base-v2,768,100,39,0.8088444444444445,0.8281277777777778,0.8329500000000001,0.8751277777777778,40
all-mpnet-base-v2,768,100,40,0.7958638888888889,0.8312222222222223,0.8340444444444444,0.874825,40
all-mpnet-base-v2,768,100,41,0.7928833333333333,0.8257638888888889,0.8175250000000001,0.8661277777777778,40
all-mpnet-base-v2,768,100,42,0.7891694444444445,0.8244916666666666,0.8321694444444445,0.8743472222222222,40
all-mpnet-base-v2,768,100,43,0.7994249999999999,0.8160472222222221,0.8207138888888889,0.8705027777777778,30
all-mpnet-base-v2,768,100,44,0.7874722222222221,0.8279416666666667,0.839936111111111,0.8749444444444445,40
all-mpnet-base-v2,768,100,45,0.7875611111111112,0.8240194444444444,0.8006805555555555,0.8695833333333332,30
all-mpnet-base-v2,768,100,46,0.7948361111111111,0.8318722222222221,0.8279916666666667,0.876263888888889,40
all-mpnet-base-v2,768,100,47,0.8039819444444445,0.8282430555555553,0.8356569444444445,0.8608819444444444,40
all-mpnet-base-v2,768,100,48,0.7768819444444444,0.8165208333333333,0.8239652777777777,0.8664291666666668,40
all-mpnet-base-v2,768,100,49,0.7810611111111111,0.8263333333333334,0.8377944444444445,0.8865666666666666,30
all-mpnet-base-v2,768,100,50,0.7770513888888889,0.8110069444444445,0.8036347222222222,0.8629680555555554,40
all-mpnet-base-v2,768,100,51,0.7911458333333333,0.8361930555555556,0.8377569444444446,0.8781041666666665,40
all-mpnet-base-v2,768,100,52,0.7856041666666667,0.8159763888888889,0.834426388888889,0.8680319444444444,40
all-mpnet-base-v2,768,100,53,0.7901805555555556,0.8305944444444445,0.8313722222222221,0.8773638888888888,40
all-mpnet-base-v2,768,100,54,0.7910041666666666,0.8217402777777778,0.8260375,0.8633680555555556,40
all-mpnet-base-v2,768,100,55,0.7841527777777778,0.8148611111111111,0.8145027777777778,0.8533055555555555,40
all-mpnet-base-v2,768,100,56,0.7788986111111111,0.8225958333333334,0.8179319444444444,0.8712180555555555,40
all-mpnet-base-v2,768,100,57,0.7908138888888889,0.8314638888888888,0.84265,0.882588888888889,40
all-mpnet-base-v2,768,100,58,0.7874041666666667,0.8287097222222222,0.8058291666666667,0.8718902777777777,40
all-mpnet-base-v2,768,100,59,0.7854472222222222,0.8206472222222221,0.8234194444444444,0.8717722222222222,40
all-mpnet-base-v2,768,100,60,0.7787708333333334,0.8155680555555554,0.8178930555555557,0.8772374999999999,30
all-mpnet-base-v2,768,100,61,0.7797750000000001,0.8262666666666667,0.8143361111111111,0.8623472222222222,40
all-mpnet-base-v2,768,100,62,0.8015333333333333,0.8243972222222222,0.8290944444444445,0.8811333333333333,30
all-mpnet-base-v2,768,100,63,0.7764930555555556,0.8129652777777778,0.8185875,0.8626208333333333,40
all-mpnet-base-v2,768,100,64,0.7910097222222223,0.8292125,0.8170263888888889,0.8677736111111112,40
all-mpnet-base-v2,768,100,65,0.771098611111111,0.8076597222222222,0.7868958333333333,0.8538847222222222,40
all-mpnet-base-v2,768,100,66,0.7885361111111111,0.8253111111111109,0.8323138888888888,0.8705222222222223,40
all-mpnet-base-v2,768,100,67,0.7905750000000001,0.8282222222222222,0.8289916666666667,0.8723861111111112,30
all-mpnet-base-v2,768,100,68,0.783725,0.815811111111111,0.8136222222222222,0.8637944444444444,40
all-mpnet-base-v2,768,100,69,0.7867708333333333,0.8419236111111111,0.8327736111111111,0.8716791666666667,30
all-mpnet-base-v2,768,100,70,0.7912305555555557,0.8310055555555556,0.8157694444444443,0.8689333333333334,40
all-mpnet-base-v2,768,100,71,0.7724680555555556,0.8080833333333334,0.8181138888888889,0.8611861111111111,40
all-mpnet-base-v2,768,100,72,0.7855027777777778,0.8334999999999999,0.8368194444444443,0.869786111111111,40
all-mpnet-base-v2,768,100,73,0.7887916666666667,0.815336111111111,0.8291833333333334,0.879186111111111,40
all-mpnet-base-v2,768,100,74,0.7976444444444445,0.8507888888888889,0.8422166666666666,0.8917999999999999,40
all-mpnet-base-v2,768,100,75,0.7970930555555554,0.8339319444444444,0.8353819444444444,0.8729680555555557,40
all-mpnet-base-v2,768,100,76,0.8056180555555557,0.8474763888888889,0.8704736111111112,0.8810125,40
all-mpnet-base-v2,768,100,77,0.7955180555555555,0.8260541666666668,0.821573611111111,0.8758402777777778,40
all-mpnet-base-v2,768,100,78,0.7873305555555555,0.8350333333333333,0.8362055555555555,0.8706722222222223,30
all-mpnet-base-v2,768,100,79,0.7935013888888889,0.8267708333333335,0.8261930555555556,0.8622541666666665,30
all-mpnet-base-v2,768,100,80,0.7914333333333333,0.8109583333333332,0.8221166666666667,0.8675916666666668,30
all-mpnet-base-v2,768,100,81,0.7798347222222222,0.8177347222222222,0.7975152777777778,0.866348611111111,40
all-mpnet-base-v2,768,100,82,0.7904180555555556,0.8188208333333333,0.8496458333333332,0.8758736111111112,40
all-mpnet-base-v2,768,100,83,0.7866597222222222,0.8135958333333333,0.8024597222222223,0.8759763888888888,20
all-mpnet-base-v2,768,100,84,0.7721694444444446,0.8205027777777778,0.8052138888888891,0.8645166666666667,40
all-mpnet-base-v2,768,100,85,0.7836805555555555,0.8191222222222222,0.8305888888888889,0.8761861111111111,40
all-mpnet-base-v2,768,100,86,0.7836388888888889,0.8268833333333333,0.8471166666666667,0.8880055555555556,40
all-mpnet-base-v2,768,100,87,0.785223611111111,0.8161986111111111,0.8064736111111112,0.867476388888889,40
all-mpnet-base-v2,768,100,88,0.7985097222222223,0.840523611111111,0.8476069444444445,0.8719791666666665,40
all-mpnet-base-v2,768,100,89,0.7983958333333333,0.8105347222222223,0.8178930555555555,0.8695652777777778,40
all-mpnet-base-v2,768,100,90,0.7713847222222223,0.8139152777777777,0.8129541666666666,0.8532513888888889,40
all-mpnet-base-v2,768,100,91,0.7836444444444444,0.8187944444444444,0.831336111111111,0.8689944444444444,40
all-mpnet-base-v2,768,100,92,0.8095666666666668,0.8266944444444445,0.8336277777777777,0.8747555555555555,40
all-mpnet-base-v2,768,100,93,0.7853152777777779,0.8323124999999998,0.8410930555555555,0.8706291666666666,40
all-mpnet-base-v2,768,100,94,0.7881722222222222,0.8183222222222222,0.8108194444444445,0.8740027777777778,20
all-mpnet-base-v2,768,100,95,0.7825916666666667,0.8170250000000001,0.8228638888888888,0.8736833333333334,10
all-mpnet-base-v2,768,100,96,0.7862875,0.8292763888888889,0.8188069444444445,0.8806791666666667,40
all-mpnet-base-v2,768,100,97,0.7822513888888889,0.8238041666666667,0.817998611111111,0.8563958333333332,40
all-mpnet-base-v2,768,100,98,0.7957708333333333,0.8363402777777779,0.8437208333333335,0.8854236111111111,40
all-mpnet-base-v2,768,100,99,0.7856500000000001,0.8222,0.8187694444444444,0.8692138888888888,20
all-mpnet-base-v2,768,150,0,0.7988972222222221,0.8345194444444445,0.8479444444444444,0.8763888888888889,30
all-mpnet-base-v2,768,150,1,0.7888236111111111,0.8188152777777777,0.8276680555555554,0.8758791666666667,40
all-mpnet-base-v2,768,150,2,0.7848444444444445,0.8384611111111111,0.8440472222222223,0.8663361111111111,40
all-mpnet-base-v2,768,150,3,0.7765944444444444,0.8075,0.8321166666666666,0.8626944444444444,40
all-mpnet-base-v2,768,150,4,0.7769527777777777,0.824738888888889,0.8272833333333334,0.8687277777777778,40
all-mpnet-base-v2,768,150,5,0.7882416666666667,0.8345,0.8348444444444445,0.8839416666666666,40
all-mpnet-base-v2,768,150,6,0.7865986111111112,0.8180263888888889,0.8308736111111112,0.8635291666666667,40
all-mpnet-base-v2,768,150,7,0.7746694444444443,0.8338749999999999,0.8441499999999998,0.8716861111111112,40
all-mpnet-base-v2,768,150,8,0.7875999999999999,0.8305361111111109,0.8386305555555555,0.8756527777777777,40
all-mpnet-base-v2,768,150,9,0.7866180555555556,0.830823611111111,0.8394708333333334,0.8770513888888889,30
all-mpnet-base-v2,768,150,10,0.7882083333333333,0.8279583333333334,0.8344666666666667,0.8800805555555555,40
all-mpnet-base-v2,768,150,11,0.7811541666666667,0.825676388888889,0.8422763888888889,0.8857430555555554,40
all-mpnet-base-v2,768,150,12,0.7920777777777778,0.8239972222222223,0.8325722222222222,0.8693861111111111,40
all-mpnet-base-v2,768,150,13,0.785986111111111,0.8286444444444445,0.8463777777777778,0.8816388888888889,40
all-mpnet-base-v2,768,150,14,0.7814236111111111,0.8267569444444444,0.8382736111111112,0.8689291666666666,40
all-mpnet-base-v2,768,150,15,0.7735305555555556,0.8158666666666667,0.8269472222222222,0.8633694444444445,40
all-mpnet-base-v2,768,150,16,0.7983166666666667,0.842411111111111,0.8556027777777777,0.8895333333333334,30
all-mpnet-base-v2,768,150,17,0.7735597222222221,0.8276236111111109,0.8437569444444445,0.8704041666666665,40
all-mpnet-base-v2,768,150,18,0.7875833333333333,0.8219027777777778,0.8307111111111112,0.8819305555555554,30
all-mpnet-base-v2,768,150,19,0.7903208333333333,0.8340291666666667,0.838101388888889,0.8777680555555556,40
all-mpnet-base-v2,768,150,20,0.7876069444444445,0.8287958333333334,0.8446986111111111,0.8835069444444446,40
all-mpnet-base-v2,768,150,21,0.7908138888888889,0.8304888888888888,0.8364916666666666,0.8681777777777777,40
all-mpnet-base-v2,768,150,22,0.7797597222222222,0.8368597222222223,0.8497152777777779,0.8795124999999999,40
all-mpnet-base-v2,768,150,23,0.7666625,0.8281402777777779,0.8297097222222223,0.8577180555555557,30
all-mpnet-base-v2,768,150,24,0.7829875,0.835526388888889,0.8441930555555555,0.8635986111111111,40
all-mpnet-base-v2,768,150,25,0.7881847222222222,0.8251041666666667,0.8421458333333334,0.8776680555555556,40
all-mpnet-base-v2,768,150,26,0.7851694444444445,0.8399249999999999,0.8501666666666666,0.8748722222222222,40
all-mpnet-base-v2,768,150,27,0.7845541666666667,0.8261208333333333,0.8335625000000001,0.8684347222222222,40
all-mpnet-base-v2,768,150,28,0.8006486111111112,0.8338875,0.8436430555555554,0.8792402777777777,40
all-mpnet-base-v2,768,150,29,0.7922611111111111,0.8465777777777779,0.8282805555555556,0.8689583333333333,40
all-mpnet-base-v2,768,150,30,0.7891125000000001,0.8205402777777778,0.8431569444444443,0.8687569444444444,40
all-mpnet-base-v2,768,150,31,0.7806138888888889,0.8224527777777777,0.830636111111111,0.8705194444444445,40
all-mpnet-base-v2,768,150,32,0.804575,0.8418166666666665,0.85485,0.8798777777777778,40
all-mpnet-base-v2,768,150,33,0.7891569444444445,0.8333041666666666,0.8350152777777777,0.8709930555555554,40
all-mpnet-base-v2,768,150,34,0.7756708333333333,0.8280513888888889,0.8480597222222224,0.8628263888888889,40
all-mpnet-base-v2,768,150,35,0.7949916666666668,0.8301444444444444,0.8455861111111111,0.8799416666666667,40
all-mpnet-base-v2,768,150,36,0.7963944444444444,0.8363000000000002,0.8421166666666666,0.8716444444444444,40
all-mpnet-base-v2,768,150,37,0.8000444444444444,0.8170138888888889,0.8347527777777778,0.8807055555555556,40
all-mpnet-base-v2,768,150,38,0.7703444444444445,0.8235805555555555,0.8312944444444444,0.8776499999999999,40
all-mpnet-base-v2,768,150,39,0.8102916666666666,0.8348444444444444,0.8315305555555556,0.8790333333333333,40
all-mpnet-base-v2,768,150,40,0.7954722222222221,0.8358777777777778,0.8500277777777778,0.8770416666666666,30
all-mpnet-base-v2,768,150,41,0.7928888888888888,0.8165194444444444,0.8466805555555555,0.8731638888888889,20
all-mpnet-base-v2,768,150,42,0.7895805555555555,0.8386777777777777,0.8625166666666666,0.875511111111111,40
all-mpnet-base-v2,768,150,43,0.7981722222222223,0.8270222222222223,0.8383944444444444,0.8746333333333333,30
all-mpnet-base-v2,768,150,44,0.7869277777777778,0.8295944444444445,0.8425527777777778,0.8796833333333334,30
all-mpnet-base-v2,768,150,45,0.7855666666666666,0.8269027777777778,0.8043222222222222,0.8695416666666667,40
all-mpnet-base-v2,768,150,46,0.7953250000000001,0.8309527777777779,0.8285138888888889,0.8737222222222223,40
all-mpnet-base-v2,768,150,47,0.8008625,0.8323375,0.8411347222222222,0.8672763888888889,40
all-mpnet-base-v2,768,150,48,0.7785958333333334,0.8269625,0.8422791666666667,0.8683513888888889,40
all-mpnet-base-v2,768,150,49,0.7823555555555556,0.8301138888888888,0.8475277777777777,0.8863416666666667,40
all-mpnet-base-v2,768,150,50,0.7767041666666666,0.8186319444444443,0.8218708333333332,0.8665597222222221,40
all-mpnet-base-v2,768,150,51,0.7909208333333332,0.848326388888889,0.8561541666666667,0.8834458333333332,40
all-mpnet-base-v2,768,150,52,0.7927319444444445,0.8312597222222222,0.8409236111111111,0.8791819444444445,40
all-mpnet-base-v2,768,150,53,0.7947583333333333,0.834872222222222,0.845588888888889,0.8801111111111111,40
all-mpnet-base-v2,768,150,54,0.7889152777777778,0.8306513888888888,0.8466708333333333,0.8692402777777777,40
all-mpnet-base-v2,768,150,55,0.7823249999999999,0.8207638888888888,0.8162777777777779,0.8565694444444445,40
all-mpnet-base-v2,768,150,56,0.7747513888888888,0.8308708333333333,0.8386013888888889,0.8715763888888889,40
all-mpnet-base-v2,768,150,57,0.7859055555555556,0.8348722222222222,0.8508055555555556,0.8800916666666667,40
all-mpnet-base-v2,768,150,58,0.7884458333333333,0.8333958333333333,0.8366875000000001,0.8743569444444443,40
all-mpnet-base-v2,768,150,59,0.7856166666666667,0.823288888888889,0.8361916666666667,0.8720333333333333,40
all-mpnet-base-v2,768,150,60,0.7766652777777777,0.8224986111111111,0.8305125000000001,0.8823791666666667,40
all-mpnet-base-v2,768,150,61,0.7809722222222222,0.8366888888888889,0.8289361111111112,0.8709361111111111,40
all-mpnet-base-v2,768,150,62,0.8013638888888889,0.8283472222222223,0.8402805555555556,0.8825083333333331,40
all-mpnet-base-v2,768,150,63,0.7777291666666666,0.8242041666666666,0.8400625,0.8677319444444446,40
all-mpnet-base-v2,768,150,64,0.7874541666666667,0.8417125,0.8434680555555557,0.8745652777777778,40
all-mpnet-base-v2,768,150,65,0.7756847222222222,0.8174319444444444,0.8317680555555556,0.8648430555555557,40
all-mpnet-base-v2,768,150,66,0.7878166666666666,0.8329972222222222,0.8430333333333333,0.8811055555555556,40
all-mpnet-base-v2,768,150,67,0.7883861111111111,0.8224500000000001,0.8397861111111112,0.8738250000000001,40
all-mpnet-base-v2,768,150,68,0.7814916666666667,0.8318916666666667,0.8368027777777778,0.8717361111111112,40
all-mpnet-base-v2,768,150,69,0.7889069444444445,0.8548541666666667,0.8495236111111111,0.8765347222222222,40
all-mpnet-base-v2,768,150,70,0.7925666666666666,0.8399388888888889,0.833111111111111,0.8786444444444445,40
all-mpnet-base-v2,768,150,71,0.7738722222222223,0.8070250000000001,0.8321277777777778,0.8636972222222222,40
all-mpnet-base-v2,768,150,72,0.7828388888888889,0.8425777777777779,0.817638888888889,0.8728777777777776,40
all-mpnet-base-v2,768,150,73,0.7905694444444443,0.8303805555555556,0.8524,0.8824722222222223,40
all-mpnet-base-v2,768,150,74,0.7979833333333334,0.85365,0.8605833333333334,0.8955138888888888,40
all-mpnet-base-v2,768,150,75,0.7953569444444444,0.8392263888888889,0.8389097222222222,0.878601388888889,40
all-mpnet-base-v2,768,150,76,0.8028597222222222,0.8528652777777779,0.8702291666666667,0.8841402777777779,40
all-mpnet-base-v2,768,150,77,0.7920152777777779,0.8296347222222222,0.8355569444444444,0.8757625,40
all-mpnet-base-v2,768,150,78,0.785925,0.8360194444444443,0.8512055555555554,0.8711944444444444,40
all-mpnet-base-v2,768,150,79,0.7948236111111112,0.8314097222222222,0.846498611111111,0.8684180555555556,40
all-mpnet-base-v2,768,150,80,0.7906666666666666,0.8182138888888888,0.832111111111111,0.8734722222222222,30
all-mpnet-base-v2,768,150,81,0.7746875,0.8204152777777779,0.8208791666666667,0.8687958333333333,40
all-mpnet-base-v2,768,150,82,0.7862152777777777,0.8297569444444445,0.8563541666666666,0.8705875,40
all-mpnet-base-v2,768,150,83,0.7849263888888889,0.8165458333333333,0.8309875,0.8759125000000001,30
all-mpnet-base-v2,768,150,84,0.7740583333333333,0.8319555555555556,0.8246222222222221,0.865975,40
all-mpnet-base-v2,768,150,85,0.7831111111111112,0.8262444444444446,0.8470749999999999,0.8811638888888889,40
all-mpnet-base-v2,768,150,86,0.7855833333333334,0.833125,0.8629666666666667,0.8941000000000001,30
all-mpnet-base-v2,768,150,87,0.7858958333333332,0.8240819444444443,0.8204347222222222,0.8651430555555555,40
all-mpnet-base-v2,768,150,88,0.7967708333333334,0.8333125,0.8535152777777777,0.8788374999999999,40
all-mpnet-base-v2,768,150,89,0.8009541666666667,0.8153069444444444,0.8270902777777778,0.8745125,30
all-mpnet-base-v2,768,150,90,0.7716986111111112,0.8097930555555556,0.8175402777777777,0.8575569444444444,40
all-mpnet-base-v2,768,150,91,0.7843388888888888,0.8269361111111111,0.8457111111111111,0.8728,40
all-mpnet-base-v2,768,150,92,0.8085916666666667,0.8366666666666667,0.8548083333333333,0.8817583333333333,40
all-mpnet-base-v2,768,150,93,0.7849819444444444,0.8344430555555555,0.8504375000000001,0.8721986111111111,40
all-mpnet-base-v2,768,150,94,0.7898222222222222,0.8275055555555555,0.8544833333333334,0.8679972222222222,30
all-mpnet-base-v2,768,150,95,0.7852944444444445,0.8185611111111111,0.8386166666666667,0.8815666666666666,10
all-mpnet-base-v2,768,150,96,0.7873541666666666,0.8299847222222223,0.8409263888888889,0.8821680555555556,30
all-mpnet-base-v2,768,150,97,0.7809652777777779,0.8259263888888888,0.8233208333333334,0.8554208333333333,40
all-mpnet-base-v2,768,150,98,0.796701388888889,0.8550763888888888,0.8532513888888887,0.8868930555555556,40
all-mpnet-base-v2,768,150,99,0.7877222222222222,0.831563888888889,0.8285527777777778,0.8804277777777777,40
all-mpnet-base-v2,768,200,0,0.7984916666666667,0.8384055555555554,0.8510861111111111,0.8803722222222222,40
all-mpnet-base-v2,768,200,1,0.7876541666666667,0.8256791666666667,0.8455625,0.8786958333333333,40
all-mpnet-base-v2,768,200,2,0.7863777777777777,0.8407,0.8501555555555556,0.8752055555555556,40
all-mpnet-base-v2,768,200,3,0.7757499999999999,0.8064944444444444,0.8355583333333333,0.8649305555555556,30
all-mpnet-base-v2,768,200,4,0.7754000000000001,0.8318972222222223,0.8471722222222222,0.8718138888888889,40
all-mpnet-base-v2,768,200,5,0.7839583333333334,0.8298361111111111,0.8505027777777777,0.8865916666666667,40
all-mpnet-base-v2,768,200,6,0.7877236111111111,0.8284319444444443,0.8399819444444444,0.8635041666666666,40
all-mpnet-base-v2,768,200,7,0.7743972222222222,0.8297305555555556,0.8370833333333334,0.8700361111111112,40
all-mpnet-base-v2,768,200,8,0.7914083333333333,0.8388833333333333,0.8438777777777778,0.8754611111111111,40
all-mpnet-base-v2,768,200,9,0.7843569444444445,0.8318597222222222,0.8491402777777778,0.8800208333333333,40
all-mpnet-base-v2,768,200,10,0.7820666666666667,0.8294194444444443,0.8391611111111111,0.879738888888889,40
all-mpnet-base-v2,768,200,11,0.7800652777777779,0.8267430555555555,0.8372902777777778,0.8850208333333334,40
all-mpnet-base-v2,768,200,12,0.7937583333333333,0.8301555555555555,0.8476138888888889,0.8763638888888887,40
all-mpnet-base-v2,768,200,13,0.7819972222222222,0.8272305555555555,0.8598999999999999,0.8815555555555555,40
all-mpnet-base-v2,768,200,14,0.7841972222222222,0.8353791666666666,0.8573458333333334,0.8715652777777778,40
all-mpnet-base-v2,768,200,15,0.7732083333333333,0.8242666666666667,0.8367277777777777,0.8660333333333333,40
all-mpnet-base-v2,768,200,16,0.7941499999999999,0.8523833333333333,0.8712222222222222,0.8885777777777777,40
all-mpnet-base-v2,768,200,17,0.7777625,0.8259902777777778,0.8477791666666666,0.8728236111111112,40
all-mpnet-base-v2,768,200,18,0.7849833333333334,0.8322333333333333,0.8352861111111111,0.8830166666666668,40
all-mpnet-base-v2,768,200,19,0.7867930555555556,0.8337986111111111,0.8475319444444444,0.8790763888888891,40
all-mpnet-base-v2,768,200,20,0.7885375,0.8249930555555557,0.8535402777777777,0.8917458333333332,30
all-mpnet-base-v2,768,200,21,0.7910972222222222,0.8315555555555556,0.8498805555555555,0.8754833333333334,40
all-mpnet-base-v2,768,200,22,0.7826097222222221,0.8397986111111112,0.8500652777777777,0.8869847222222224,40
all-mpnet-base-v2,768,200,23,0.7706430555555556,0.8269180555555555,0.8473791666666667,0.8623152777777778,30
all-mpnet-base-v2,768,200,24,0.7799319444444445,0.8269708333333332,0.8438097222222223,0.8618097222222223,30
all-mpnet-base-v2,768,200,25,0.7914708333333333,0.8294486111111111,0.8538347222222222,0.8805791666666667,30
all-mpnet-base-v2,768,200,26,0.7876166666666666,0.8445083333333333,0.8574583333333335,0.8787027777777777,40
all-mpnet-base-v2,768,200,27,0.7797347222222222,0.8363875000000001,0.8456569444444444,0.8672680555555554,40
all-mpnet-base-v2,768,200,28,0.8001708333333333,0.8363347222222223,0.8473319444444446,0.8777819444444444,40
all-mpnet-base-v2,768,200,29,0.7933916666666667,0.844136111111111,0.8530972222222222,0.8704333333333333,30
all-mpnet-base-v2,768,200,30,0.7894597222222223,0.8309986111111112,0.8382430555555554,0.8748486111111111,40
all-mpnet-base-v2,768,200,31,0.78205,0.8250722222222223,0.8395444444444444,0.8754222222222222,40
all-mpnet-base-v2,768,200,32,0.8034777777777777,0.841875,0.8651527777777778,0.8828999999999999,40
all-mpnet-base-v2,768,200,33,0.7893736111111112,0.8314430555555554,0.8496902777777777,0.8771986111111112,40
all-mpnet-base-v2,768,200,34,0.7724569444444445,0.8292152777777778,0.8493097222222222,0.8645124999999998,40
all-mpnet-base-v2,768,200,35,0.7932805555555555,0.8320944444444444,0.8511444444444444,0.8812666666666666,40
all-mpnet-base-v2,768,200,36,0.7934944444444445,0.8377472222222223,0.8509694444444443,0.8710638888888889,40
all-mpnet-base-v2,768,200,37,0.7992555555555555,0.8185805555555556,0.8403499999999999,0.8827527777777778,40
all-mpnet-base-v2,768,200,38,0.7681638888888889,0.8215777777777779,0.8464944444444445,0.8786833333333334,40
all-mpnet-base-v2,768,200,39,0.8099138888888888,0.8425611111111111,0.8509083333333334,0.8822749999999999,40
all-mpnet-base-v2,768,200,40,0.7958972222222223,0.8428277777777777,0.852625,0.8760194444444445,40
all-mpnet-base-v2,768,200,41,0.7899805555555555,0.8326722222222223,0.8540638888888888,0.8757694444444443,40
all-mpnet-base-v2,768,200,42,0.7902333333333333,0.8313166666666667,0.8597388888888887,0.8802138888888889,40
all-mpnet-base-v2,768,200,43,0.7987500000000001,0.8373527777777776,0.8399944444444443,0.8765166666666666,40
all-mpnet-base-v2,768,200,44,0.7857972222222221,0.8314638888888889,0.8469444444444444,0.8850722222222223,40
all-mpnet-base-v2,768,200,45,0.7864027777777777,0.8124916666666665,0.8225361111111111,0.8779611111111111,20
all-mpnet-base-v2,768,200,46,0.7972944444444445,0.8371916666666666,0.8353805555555556,0.8752472222222223,40
all-mpnet-base-v2,768,200,47,0.8007430555555557,0.8362875,0.8543236111111111,0.8696847222222222,40
all-mpnet-base-v2,768,200,48,0.7838652777777777,0.8283041666666666,0.8479652777777777,0.8671597222222223,40
all-mpnet-base-v2,768,200,49,0.7874694444444444,0.8415,0.8631833333333334,0.891088888888889,40
all-mpnet-base-v2,768,200,50,0.7803847222222222,0.8240097222222221,0.8402902777777778,0.8679902777777777,40
all-mpnet-base-v2,768,200,51,0.7886291666666666,0.8500902777777778,0.8619458333333333,0.8838624999999998,40
all-mpnet-base-v2,768,200,52,0.7923208333333334,0.8334819444444443,0.8530847222222222,0.8803069444444445,40
all-mpnet-base-v2,768,200,53,0.7975666666666666,0.8370972222222223,0.8249333333333333,0.8853388888888889,40
all-mpnet-base-v2,768,200,54,0.790473611111111,0.8310736111111111,0.8581263888888889,0.8725791666666669,40
all-mpnet-base-v2,768,200,55,0.7854888888888889,0.8198083333333334,0.8391666666666667,0.8627527777777777,30
all-mpnet-base-v2,768,200,56,0.7781041666666666,0.8322069444444445,0.8543180555555555,0.8773208333333334,30
all-mpnet-base-v2,768,200,57,0.7862388888888889,0.8220111111111111,0.8643361111111112,0.8818527777777778,30
all-mpnet-base-v2,768,200,58,0.7851875,0.8292152777777777,0.8467680555555555,0.8792291666666666,40
all-mpnet-base-v2,768,200,59,0.7821444444444444,0.8257583333333334,0.8497388888888888,0.8728638888888889,40
all-mpnet-base-v2,768,200,60,0.776898611111111,0.8258763888888889,0.8535430555555555,0.8825597222222221,40
all-mpnet-base-v2,768,200,61,0.7832222222222223,0.8409361111111111,0.8439861111111111,0.8753138888888887,30
all-mpnet-base-v2,768,200,62,0.800502777777778,0.8289194444444443,0.8490194444444443,0.8864472222222222,40
all-mpnet-base-v2,768,200,63,0.7811875,0.8303069444444444,0.8560375,0.8754430555555555,40
all-mpnet-base-v2,768,200,64,0.7869208333333333,0.8342791666666666,0.8509208333333333,0.8781763888888889,30
all-mpnet-base-v2,768,200,65,0.7771680555555555,0.8151125,0.8331791666666667,0.8667208333333334,40
all-mpnet-base-v2,768,200,66,0.7913916666666667,0.8320916666666667,0.8589499999999999,0.8834888888888889,40
all-mpnet-base-v2,768,200,67,0.7876916666666667,0.8256527777777778,0.8564388888888887,0.8815222222222222,40
all-mpnet-base-v2,768,200,68,0.7812388888888889,0.8360277777777777,0.8466083333333333,0.8719666666666666,40
all-mpnet-base-v2,768,200,69,0.788923611111111,0.8513263888888889,0.8577236111111112,0.8793819444444444,40
all-mpnet-base-v2,768,200,70,0.7925666666666668,0.8434055555555555,0.8493222222222223,0.8834194444444443,40
all-mpnet-base-v2,768,200,71,0.7776722222222223,0.8115416666666666,0.8375916666666667,0.864688888888889,40
all-mpnet-base-v2,768,200,72,0.782225,0.8356472222222221,0.8397527777777778,0.8755527777777777,40
all-mpnet-base-v2,768,200,73,0.789613888888889,0.8361111111111111,0.8582,0.8823611111111112,40
all-mpnet-base-v2,768,200,74,0.7974861111111111,0.8483611111111112,0.8610166666666667,0.8977749999999999,40
all-mpnet-base-v2,768,200,75,0.7948430555555555,0.8467930555555556,0.8563902777777778,0.8748680555555556,40
all-mpnet-base-v2,768,200,76,0.8003180555555555,0.8517402777777777,0.8557847222222221,0.8851152777777778,40
all-mpnet-base-v2,768,200,77,0.7912319444444444,0.8323208333333334,0.8482458333333334,0.8810347222222222,30
all-mpnet-base-v2,768,200,78,0.7898000000000001,0.8346805555555555,0.8507555555555555,0.8755194444444445,40
all-mpnet-base-v2,768,200,79,0.7973986111111112,0.8204125,0.8540791666666666,0.8762652777777779,20
all-mpnet-base-v2,768,200,80,0.7894722222222222,0.8289444444444445,0.8394805555555556,0.8720805555555555,40
all-mpnet-base-v2,768,200,81,0.7734597222222223,0.8274513888888889,0.850248611111111,0.8740652777777778,40
all-mpnet-base-v2,768,200,82,0.7862541666666667,0.8353125,0.8556847222222222,0.8740652777777778,40
all-mpnet-base-v2,768,200,83,0.7821874999999999,0.8279680555555556,0.8486152777777778,0.8828597222222223,40
all-mpnet-base-v2,768,200,84,0.7756722222222222,0.8293666666666667,0.8366611111111112,0.8724805555555556,30
all-mpnet-base-v2,768,200,85,0.7806000000000001,0.8220027777777777,0.8521805555555555,0.8818305555555556,40
all-mpnet-base-v2,768,200,86,0.782586111111111,0.8292472222222222,0.8616833333333332,0.8914999999999998,40
all-mpnet-base-v2,768,200,87,0.7858430555555556,0.8301624999999999,0.840698611111111,0.8661069444444445,40
all-mpnet-base-v2,768,200,88,0.7922680555555556,0.8324652777777777,0.8629152777777779,0.8852236111111111,30
all-mpnet-base-v2,768,200,89,0.7991486111111112,0.8224097222222222,0.8439875000000001,0.8785791666666667,30
all-mpnet-base-v2,768,200,90,0.7753597222222223,0.8152875,0.8385069444444444,0.8617486111111111,30
all-mpnet-base-v2,768,200,91,0.7868597222222222,0.8339277777777778,0.8562166666666666,0.8794027777777778,40
all-mpnet-base-v2,768,200,92,0.8087083333333334,0.8378666666666668,0.8621083333333334,0.8851555555555556,40
all-mpnet-base-v2,768,200,93,0.7847041666666665,0.8452847222222222,0.8644569444444443,0.8742847222222221,40
all-mpnet-base-v2,768,200,94,0.7919638888888889,0.8358722222222221,0.8580277777777777,0.8745944444444443,40
all-mpnet-base-v2,768,200,95,0.7877333333333334,0.8292333333333334,0.8522555555555558,0.8868583333333333,30
all-mpnet-base-v2,768,200,96,0.7868541666666666,0.8437069444444445,0.8517125,0.8857569444444444,40
all-mpnet-base-v2,768,200,97,0.7813208333333334,0.8281430555555556,0.8468236111111112,0.8601069444444442,40
all-mpnet-base-v2,768,200,98,0.7924041666666666,0.8524236111111112,0.8604847222222223,0.8858347222222223,40
all-mpnet-base-v2,768,200,99,0.7905111111111112,0.8373611111111111,0.8562222222222223,0.8886666666666667,40
BAAI/bge-large-en-v1.5,1024,2,0,0.7076180555555556,0.6648152777777778,,0.5648597222222221,1
BAAI/bge-large-en-v1.5,1024,2,1,0.7566444444444445,0.7963361111111111,,0.7961166666666667,2
BAAI/bge-large-en-v1.5,1024,2,2,0.7378555555555555,0.7810416666666667,,0.7779166666666666,2
BAAI/bge-large-en-v1.5,1024,2,3,0.7835375,0.8064347222222222,,0.795848611111111,1
BAAI/bge-large-en-v1.5,1024,2,4,0.8014861111111111,0.8182861111111112,,0.7887861111111112,1
BAAI/bge-large-en-v1.5,1024,2,5,0.717175,0.6915666666666666,,0.48211111111111116,1
BAAI/bge-large-en-v1.5,1024,2,6,0.7849875000000001,0.8134263888888889,,0.8008569444444444,2
BAAI/bge-large-en-v1.5,1024,2,7,0.7579666666666667,0.7740319444444445,,0.7221208333333333,2
BAAI/bge-large-en-v1.5,1024,2,8,0.7744375,0.814426388888889,,0.7782208333333334,2
BAAI/bge-large-en-v1.5,1024,2,9,0.7692902777777779,0.8163041666666667,,0.8188430555555556,2
BAAI/bge-large-en-v1.5,1024,2,10,0.7371666666666666,0.75955,,0.7364527777777778,2
BAAI/bge-large-en-v1.5,1024,2,11,0.754025,0.7931222222222223,,0.8126166666666668,1
BAAI/bge-large-en-v1.5,1024,2,12,0.735061111111111,0.7844666666666666,,0.8113777777777778,1
BAAI/bge-large-en-v1.5,1024,2,13,0.7655652777777778,0.7658986111111111,,0.5777125000000001,1
BAAI/bge-large-en-v1.5,1024,2,14,0.8020833333333334,0.8176833333333333,,0.7136611111111111,2
BAAI/bge-large-en-v1.5,1024,2,15,0.7736666666666666,0.8229055555555554,,0.8189666666666667,2
BAAI/bge-large-en-v1.5,1024,2,16,0.6864430555555554,0.7427374999999999,,0.7395013888888888,1
BAAI/bge-large-en-v1.5,1024,2,17,0.6775166666666667,0.7176972222222222,,0.7323277777777778,1
BAAI/bge-large-en-v1.5,1024,2,18,0.8130222222222222,0.8114277777777776,,0.769988888888889,2
BAAI/bge-large-en-v1.5,1024,2,19,0.6237222222222223,0.6601652777777778,,0.5958194444444445,1
BAAI/bge-large-en-v1.5,1024,2,20,0.773451388888889,0.7573597222222223,,0.6392819444444444,2
BAAI/bge-large-en-v1.5,1024,2,21,0.5711083333333333,0.4916138888888889,,0.38569722222222225,1
BAAI/bge-large-en-v1.5,1024,2,22,0.6514513888888889,0.7114125,,0.6171597222222223,2
BAAI/bge-large-en-v1.5,1024,2,23,0.7835569444444445,0.7911402777777778,,0.6978958333333334,2
BAAI/bge-large-en-v1.5,1024,2,24,0.7273361111111112,0.7708444444444444,,0.7014083333333334,1
BAAI/bge-large-en-v1.5,1024,2,25,0.6583000000000001,0.6799083333333333,,0.6384944444444444,2
BAAI/bge-large-en-v1.5,1024,2,26,0.6384472222222222,0.6763555555555555,,0.595375,2
BAAI/bge-large-en-v1.5,1024,2,27,0.6193555555555555,0.6714805555555554,,0.7045305555555555,2
BAAI/bge-large-en-v1.5,1024,2,28,0.7417152777777778,0.7244125,,0.6068180555555556,2
BAAI/bge-large-en-v1.5,1024,2,29,0.7067638888888887,0.6998777777777778,,0.6668388888888889,1
BAAI/bge-large-en-v1.5,1024,2,30,0.6949861111111112,0.7470527777777777,,0.7985555555555556,1
BAAI/bge-large-en-v1.5,1024,2,31,0.7448041666666667,0.7936847222222222,,0.8067791666666667,2
BAAI/bge-large-en-v1.5,1024,2,32,0.8135875000000001,0.8478374999999999,,0.8352875000000001,1
BAAI/bge-large-en-v1.5,1024,2,33,0.7258444444444444,0.7638833333333332,,0.7813916666666666,2
BAAI/bge-large-en-v1.5,1024,2,34,0.7257874999999999,0.7765263888888889,,0.8103125,1
BAAI/bge-large-en-v1.5,1024,2,35,0.7586347222222222,0.7515208333333333,,0.6825041666666667,2
BAAI/bge-large-en-v1.5,1024,2,36,0.7740041666666667,0.7986486111111111,,0.7566236111111111,2
BAAI/bge-large-en-v1.5,1024,2,37,0.698,0.7561166666666667,,0.7607999999999999,1
BAAI/bge-large-en-v1.5,1024,2,38,0.7191208333333333,0.7474624999999999,,0.764223611111111,1
BAAI/bge-large-en-v1.5,1024,2,39,0.8019763888888889,0.7867152777777777,,0.6566291666666666,1
BAAI/bge-large-en-v1.5,1024,2,40,0.7228819444444443,0.7683708333333334,,0.7551097222222223,2
BAAI/bge-large-en-v1.5,1024,2,41,0.7008861111111112,0.7878208333333333,,0.7823486111111112,2
BAAI/bge-large-en-v1.5,1024,2,42,0.6923124999999999,0.7488291666666668,,0.716051388888889,2
BAAI/bge-large-en-v1.5,1024,2,43,0.6921180555555555,0.7079486111111111,,0.6998902777777778,1
BAAI/bge-large-en-v1.5,1024,2,44,0.7618402777777777,0.7917930555555556,,0.7555763888888889,2
BAAI/bge-large-en-v1.5,1024,2,45,0.770925,0.791061111111111,,0.7836777777777778,1
BAAI/bge-large-en-v1.5,1024,2,46,0.741986111111111,0.7436500000000001,,0.6368138888888889,2
BAAI/bge-large-en-v1.5,1024,2,47,0.7200416666666667,0.7337083333333333,,0.7166805555555555,2
BAAI/bge-large-en-v1.5,1024,2,48,0.7497708333333334,0.7110763888888889,,0.5596708333333333,1
BAAI/bge-large-en-v1.5,1024,2,49,0.6317069444444444,0.6562708333333332,,0.5236791666666667,1
BAAI/bge-large-en-v1.5,1024,2,50,0.7834638888888888,0.8000208333333333,,0.7987486111111111,2
BAAI/bge-large-en-v1.5,1024,2,51,0.8013972222222223,0.8254333333333334,,0.8059527777777777,1
BAAI/bge-large-en-v1.5,1024,2,52,0.7879694444444445,0.8070888888888889,,0.778575,2
BAAI/bge-large-en-v1.5,1024,2,53,0.7709694444444446,0.8172361111111112,,0.7897000000000001,2
BAAI/bge-large-en-v1.5,1024,2,54,0.740348611111111,0.7669791666666667,,0.7349430555555556,1
BAAI/bge-large-en-v1.5,1024,2,55,0.719225,0.7433416666666666,,0.747263888888889,2
BAAI/bge-large-en-v1.5,1024,2,56,0.7814388888888888,0.7859805555555557,,0.7398750000000001,2
BAAI/bge-large-en-v1.5,1024,2,57,0.7124805555555556,0.7390805555555555,,0.65575,1
BAAI/bge-large-en-v1.5,1024,2,58,0.7041680555555556,0.7526041666666666,,0.7616847222222223,1
BAAI/bge-large-en-v1.5,1024,2,59,0.763125,0.7773111111111112,,0.782086111111111,1
BAAI/bge-large-en-v1.5,1024,2,60,0.7170430555555556,0.7345569444444444,,0.6440763888888889,2
BAAI/bge-large-en-v1.5,1024,2,61,0.7277361111111111,0.7636069444444444,,0.7443069444444445,2
BAAI/bge-large-en-v1.5,1024,2,62,0.7407027777777778,0.7659583333333334,,0.7396972222222221,2
BAAI/bge-large-en-v1.5,1024,2,63,0.7535944444444445,0.7578527777777777,,0.6546833333333333,2
BAAI/bge-large-en-v1.5,1024,2,64,0.77325,0.8270444444444444,,0.8353416666666668,1
BAAI/bge-large-en-v1.5,1024,2,65,0.7394486111111112,0.7903541666666667,,0.8067597222222223,2
BAAI/bge-large-en-v1.5,1024,2,66,0.712201388888889,0.7207208333333334,,0.6502291666666667,2
BAAI/bge-large-en-v1.5,1024,2,67,0.717963888888889,0.7240555555555556,,0.6996361111111111,1
BAAI/bge-large-en-v1.5,1024,2,68,0.7634194444444444,0.7887277777777777,,0.7773777777777777,1
BAAI/bge-large-en-v1.5,1024,2,69,0.8037708333333333,0.8452902777777778,,0.8373152777777777,2
BAAI/bge-large-en-v1.5,1024,2,70,0.7774583333333334,0.8108916666666667,,0.804875,2
BAAI/bge-large-en-v1.5,1024,2,71,0.7104791666666667,0.7311736111111111,,0.6966486111111111,2
BAAI/bge-large-en-v1.5,1024,2,72,0.7147041666666667,0.7245361111111112,,0.6671,2
BAAI/bge-large-en-v1.5,1024,2,73,0.7368416666666667,0.7474333333333333,,0.6946166666666667,2
BAAI/bge-large-en-v1.5,1024,2,74,0.6344166666666666,0.6553277777777777,,0.6183861111111111,2
BAAI/bge-large-en-v1.5,1024,2,75,0.736948611111111,0.7481041666666667,,0.7309069444444445,1
BAAI/bge-large-en-v1.5,1024,2,76,0.7079166666666667,0.7225944444444445,,0.6533111111111111,2
BAAI/bge-large-en-v1.5,1024,2,77,0.73065,0.7494361111111112,,0.738175,2
BAAI/bge-large-en-v1.5,1024,2,78,0.7315652777777777,0.7981944444444443,,0.8153555555555555,1
BAAI/bge-large-en-v1.5,1024,2,79,0.7773361111111111,0.7980750000000001,,0.7909805555555556,2
BAAI/bge-large-en-v1.5,1024,2,80,0.7325805555555557,0.7186666666666667,,0.571825,2
BAAI/bge-large-en-v1.5,1024,2,81,0.7010736111111111,0.7096347222222222,,0.6371097222222222,2
BAAI/bge-large-en-v1.5,1024,2,82,0.7637402777777779,0.7662263888888888,,0.6986319444444443,2
BAAI/bge-large-en-v1.5,1024,2,83,0.7746527777777779,0.8136277777777778,,0.8123888888888889,1
BAAI/bge-large-en-v1.5,1024,2,84,0.7615750000000001,0.8178722222222223,,0.8066972222222223,2
BAAI/bge-large-en-v1.5,1024,2,85,0.7531027777777778,0.7982861111111111,,0.7726972222222223,2
BAAI/bge-large-en-v1.5,1024,2,86,0.7862958333333334,0.833386111111111,,0.8012444444444444,2
BAAI/bge-large-en-v1.5,1024,2,87,0.6181055555555556,0.6792777777777778,,0.7011333333333333,2
BAAI/bge-large-en-v1.5,1024,2,88,0.6443249999999999,0.6758347222222223,,0.6559069444444444,1
BAAI/bge-large-en-v1.5,1024,2,89,0.7132388888888889,0.7699166666666666,,0.7911305555555556,2
BAAI/bge-large-en-v1.5,1024,2,90,0.7492569444444445,0.7835041666666667,,0.7747847222222223,2
BAAI/bge-large-en-v1.5,1024,2,91,0.6848958333333333,0.6097013888888889,,0.3604652777777778,2
BAAI/bge-large-en-v1.5,1024,2,92,0.7659111111111111,0.7828805555555556,,0.7529638888888889,2
BAAI/bge-large-en-v1.5,1024,2,93,0.6298430555555555,0.7386958333333332,,0.7770236111111112,2
BAAI/bge-large-en-v1.5,1024,2,94,0.7482763888888889,0.7783486111111112,,0.7870041666666667,1
BAAI/bge-large-en-v1.5,1024,2,95,0.7248138888888889,0.787613888888889,,0.8091777777777778,1
BAAI/bge-large-en-v1.5,1024,2,96,0.6698805555555556,0.6445416666666666,,0.5161472222222222,2
BAAI/bge-large-en-v1.5,1024,2,97,0.7262375,0.7831708333333334,,0.7596375,1
BAAI/bge-large-en-v1.5,1024,2,98,0.8190305555555557,0.8237555555555556,,0.7340583333333333,2
BAAI/bge-large-en-v1.5,1024,2,99,0.7749777777777778,0.7699694444444445,,0.7332444444444445,1
BAAI/bge-large-en-v1.5,1024,3,0,0.7355097222222222,0.7533430555555556,,0.749109722222222,1
BAAI/bge-large-en-v1.5,1024,3,1,0.7844944444444444,0.8346722222222223,,0.8502333333333334,1
BAAI/bge-large-en-v1.5,1024,3,2,0.7445,0.7970166666666667,,0.7888694444444445,1
BAAI/bge-large-en-v1.5,1024,3,3,0.7892541666666666,0.8155652777777779,,0.8125180555555555,1
BAAI/bge-large-en-v1.5,1024,3,4,0.8075805555555555,0.8304138888888888,,0.7987222222222223,2
BAAI/bge-large-en-v1.5,1024,3,5,0.7639597222222221,0.7840666666666667,,0.6918666666666666,1
BAAI/bge-large-en-v1.5,1024,3,6,0.7937041666666667,0.8152013888888888,,0.789901388888889,2
BAAI/bge-large-en-v1.5,1024,3,7,0.7923041666666666,0.8369708333333334,,0.8241486111111112,2
BAAI/bge-large-en-v1.5,1024,3,8,0.7817208333333332,0.8253486111111111,,0.7967652777777777,2
BAAI/bge-large-en-v1.5,1024,3,9,0.7003013888888889,0.772751388888889,,0.7362291666666667,2
BAAI/bge-large-en-v1.5,1024,3,10,0.7548333333333334,0.7790194444444445,,0.765363888888889,1
BAAI/bge-large-en-v1.5,1024,3,11,0.7171833333333333,0.793925,,0.8148722222222222,1
BAAI/bge-large-en-v1.5,1024,3,12,0.7249055555555556,0.7752972222222221,,0.7958583333333333,2
BAAI/bge-large-en-v1.5,1024,3,13,0.7775902777777778,0.7999875,,0.7263430555555556,3
BAAI/bge-large-en-v1.5,1024,3,14,0.7703444444444444,0.8050444444444445,,0.7499194444444444,3
BAAI/bge-large-en-v1.5,1024,3,15,0.7345472222222222,0.8105277777777777,,0.7689777777777778,3
BAAI/bge-large-en-v1.5,1024,3,16,0.7469874999999999,0.8187736111111112,,0.7717819444444444,2
BAAI/bge-large-en-v1.5,1024,3,17,0.6937444444444445,0.7578833333333334,,0.7625222222222222,2
BAAI/bge-large-en-v1.5,1024,3,18,0.8013583333333333,0.8182611111111112,,0.8127027777777778,2
BAAI/bge-large-en-v1.5,1024,3,19,0.6535694444444445,0.7135083333333333,,0.690725,1
BAAI/bge-large-en-v1.5,1024,3,20,0.7543375,0.753698611111111,,0.6805625,3
BAAI/bge-large-en-v1.5,1024,3,21,0.6101222222222222,0.6443,,0.5840055555555557,3
BAAI/bge-large-en-v1.5,1024,3,22,0.6721055555555557,0.7333430555555556,,0.6589513888888888,2
BAAI/bge-large-en-v1.5,1024,3,23,0.7687430555555556,0.8099152777777778,,0.7814402777777777,2
BAAI/bge-large-en-v1.5,1024,3,24,0.7248930555555555,0.7710694444444444,,0.7779722222222223,2
BAAI/bge-large-en-v1.5,1024,3,25,0.6808083333333332,0.7409666666666667,,0.7215722222222223,3
BAAI/bge-large-en-v1.5,1024,3,26,0.6730888888888888,0.7289972222222222,,0.7097555555555556,3
BAAI/bge-large-en-v1.5,1024,3,27,0.6709583333333333,0.7174666666666666,,0.5866722222222223,3
BAAI/bge-large-en-v1.5,1024,3,28,0.7549736111111112,0.7356374999999999,,0.6692597222222223,2
BAAI/bge-large-en-v1.5,1024,3,29,0.7143416666666667,0.7268666666666668,,0.6904083333333333,1
BAAI/bge-large-en-v1.5,1024,3,30,0.7387972222222221,0.8008527777777777,,0.8302,1
BAAI/bge-large-en-v1.5,1024,3,31,0.7770236111111112,0.8178375,,0.8115569444444444,1
BAAI/bge-large-en-v1.5,1024,3,32,0.8279319444444445,0.8523319444444445,,0.8077652777777778,1
BAAI/bge-large-en-v1.5,1024,3,33,0.7455638888888889,0.7848916666666667,,0.7882222222222222,3
BAAI/bge-large-en-v1.5,1024,3,34,0.7079319444444444,0.7682708333333333,,0.8023430555555557,3
BAAI/bge-large-en-v1.5,1024,3,35,0.7544597222222221,0.7759791666666667,,0.7581402777777777,3
BAAI/bge-large-en-v1.5,1024,3,36,0.7529736111111112,0.7767041666666668,,0.7591541666666667,3
BAAI/bge-large-en-v1.5,1024,3,37,0.7225638888888888,0.7520527777777777,,0.7185833333333332,1
BAAI/bge-large-en-v1.5,1024,3,38,0.7638986111111111,0.7998263888888889,,0.8044597222222221,1
BAAI/bge-large-en-v1.5,1024,3,39,0.8096236111111113,0.8145736111111112,,0.7482930555555556,1
BAAI/bge-large-en-v1.5,1024,3,40,0.7080986111111112,0.7550263888888888,,0.7437597222222223,3
BAAI/bge-large-en-v1.5,1024,3,41,0.7689875000000002,0.829448611111111,,0.8129375,2
BAAI/bge-large-en-v1.5,1024,3,42,0.6924458333333334,0.7560680555555555,,0.7507402777777779,3
BAAI/bge-large-en-v1.5,1024,3,43,0.734373611111111,0.7431486111111112,,0.6794013888888889,3
BAAI/bge-large-en-v1.5,1024,3,44,0.7903763888888888,0.8318069444444445,,0.8041097222222222,3
BAAI/bge-large-en-v1.5,1024,3,45,0.775975,0.803613888888889,,0.794375,3
BAAI/bge-large-en-v1.5,1024,3,46,0.7342944444444445,0.7366694444444445,,0.6637777777777777,2
BAAI/bge-large-en-v1.5,1024,3,47,0.7615277777777777,0.8020944444444444,,0.7671611111111111,2
BAAI/bge-large-en-v1.5,1024,3,48,0.754076388888889,0.7392319444444445,,0.6632708333333333,1
BAAI/bge-large-en-v1.5,1024,3,49,0.6398375,0.6718541666666668,,0.5879624999999999,1
BAAI/bge-large-en-v1.5,1024,3,50,0.7632222222222222,0.7916708333333333,,0.7626652777777777,1
BAAI/bge-large-en-v1.5,1024,3,51,0.7820472222222221,0.8218611111111112,,0.8137805555555556,1
BAAI/bge-large-en-v1.5,1024,3,52,0.7857694444444444,0.8202277777777779,,0.8367944444444445,3
BAAI/bge-large-en-v1.5,1024,3,53,0.7938527777777777,0.8360722222222222,,0.8296250000000001,2
BAAI/bge-large-en-v1.5,1024,3,54,0.7300166666666666,0.7607319444444445,,0.6824125000000001,1
BAAI/bge-large-en-v1.5,1024,3,55,0.7544444444444445,0.7824083333333333,,0.7632777777777777,3
BAAI/bge-large-en-v1.5,1024,3,56,0.7651388888888888,0.7928611111111111,,0.7686666666666666,3
BAAI/bge-large-en-v1.5,1024,3,57,0.7046666666666666,0.7525166666666667,,0.7221638888888889,1
BAAI/bge-large-en-v1.5,1024,3,58,0.7311263888888888,0.7883125,,0.7997791666666667,2
BAAI/bge-large-en-v1.5,1024,3,59,0.7504277777777777,0.7737916666666667,,0.7987166666666666,1
BAAI/bge-large-en-v1.5,1024,3,60,0.6968819444444444,0.7097291666666667,,0.5424847222222222,3
BAAI/bge-large-en-v1.5,1024,3,61,0.7035333333333333,0.7620013888888888,,0.7824930555555555,3
BAAI/bge-large-en-v1.5,1024,3,62,0.7292333333333334,0.7612055555555557,,0.7488666666666666,1
BAAI/bge-large-en-v1.5,1024,3,63,0.7744944444444445,0.7859499999999999,,0.6676944444444445,2
BAAI/bge-large-en-v1.5,1024,3,64,0.7896583333333334,0.8473222222222222,,0.8629833333333333,1
BAAI/bge-large-en-v1.5,1024,3,65,0.746748611111111,0.8044569444444445,,0.8084847222222222,3
BAAI/bge-large-en-v1.5,1024,3,66,0.7221180555555555,0.7386180555555556,,0.7103458333333332,1
BAAI/bge-large-en-v1.5,1024,3,67,0.7444361111111112,0.7338194444444445,,0.6674388888888889,1
BAAI/bge-large-en-v1.5,1024,3,68,0.7451861111111111,0.7961361111111112,,0.8181138888888888,3
BAAI/bge-large-en-v1.5,1024,3,69,0.7876694444444445,0.8203625000000001,,0.728873611111111,3
BAAI/bge-large-en-v1.5,1024,3,70,0.7791638888888889,0.837613888888889,,0.8451861111111111,1
BAAI/bge-large-en-v1.5,1024,3,71,0.7042625,0.7320902777777778,,0.7136708333333333,3
BAAI/bge-large-en-v1.5,1024,3,72,0.7706972222222221,0.7850694444444445,,0.6847277777777778,1
BAAI/bge-large-en-v1.5,1024,3,73,0.7589722222222222,0.7758555555555555,,0.7339361111111111,3
BAAI/bge-large-en-v1.5,1024,3,74,0.6871972222222221,0.7247694444444445,,0.6700805555555555,3
BAAI/bge-large-en-v1.5,1024,3,75,0.7358180555555556,0.7674541666666667,,0.7780763888888889,2
BAAI/bge-large-en-v1.5,1024,3,76,0.7299708333333333,0.7580722222222221,,0.698275,3
BAAI/bge-large-en-v1.5,1024,3,77,0.7457611111111111,0.7991472222222222,,0.7978722222222222,2
BAAI/bge-large-en-v1.5,1024,3,78,0.752625,0.8091111111111109,,0.8257472222222222,1
BAAI/bge-large-en-v1.5,1024,3,79,0.7581472222222222,0.7637027777777777,,0.6423972222222222,3
BAAI/bge-large-en-v1.5,1024,3,80,0.6998833333333333,0.6883083333333333,,0.5226611111111111,3
BAAI/bge-large-en-v1.5,1024,3,81,0.7360652777777776,0.7666069444444444,,0.7055041666666666,2
BAAI/bge-large-en-v1.5,1024,3,82,0.7787597222222222,0.7821458333333334,,0.7277263888888889,3
BAAI/bge-large-en-v1.5,1024,3,83,0.7737694444444445,0.8326916666666666,,0.8448277777777777,1
BAAI/bge-large-en-v1.5,1024,3,84,0.7655888888888889,0.8214638888888888,,0.8011388888888888,3
BAAI/bge-large-en-v1.5,1024,3,85,0.7208750000000002,0.7302472222222223,,0.6664611111111112,1
BAAI/bge-large-en-v1.5,1024,3,86,0.7885361111111111,0.826025,,0.7962944444444445,3
BAAI/bge-large-en-v1.5,1024,3,87,0.6921527777777778,0.766175,,0.7795027777777777,2
BAAI/bge-large-en-v1.5,1024,3,88,0.7458152777777779,0.8232847222222223,,0.7877375000000001,2
BAAI/bge-large-en-v1.5,1024,3,89,0.6862611111111112,0.7502444444444443,,0.716275,3
BAAI/bge-large-en-v1.5,1024,3,90,0.7656791666666666,0.8082736111111112,,0.8182652777777778,3
BAAI/bge-large-en-v1.5,1024,3,91,0.7154972222222222,0.6889263888888889,,0.5522402777777777,2
BAAI/bge-large-en-v1.5,1024,3,92,0.8102888888888888,0.8527666666666667,,0.8141777777777778,1
BAAI/bge-large-en-v1.5,1024,3,93,0.6609791666666667,0.7749402777777779,,0.8105763888888888,1
BAAI/bge-large-en-v1.5,1024,3,94,0.7614236111111112,0.8258458333333334,,0.8218041666666667,3
BAAI/bge-large-en-v1.5,1024,3,95,0.7581555555555556,0.8206222222222221,,0.8402166666666666,1
BAAI/bge-large-en-v1.5,1024,3,96,0.7276083333333333,0.7480222222222223,,0.5991416666666667,1
BAAI/bge-large-en-v1.5,1024,3,97,0.7527763888888889,0.8085291666666667,,0.7978375,1
BAAI/bge-large-en-v1.5,1024,3,98,0.8155972222222223,0.8395750000000001,,0.8104638888888889,3
BAAI/bge-large-en-v1.5,1024,3,99,0.7664500000000001,0.7718999999999999,,0.7528250000000001,1
BAAI/bge-large-en-v1.5,1024,4,0,0.738576388888889,0.7581791666666666,,0.7396097222222222,1
BAAI/bge-large-en-v1.5,1024,4,1,0.7849111111111111,0.8340083333333334,,0.8494333333333333,1
BAAI/bge-large-en-v1.5,1024,4,2,0.7583833333333334,0.8013861111111111,,0.7890111111111111,3
BAAI/bge-large-en-v1.5,1024,4,3,0.7949152777777777,0.8157208333333332,,0.8024513888888889,2
BAAI/bge-large-en-v1.5,1024,4,4,0.7944888888888888,0.8115444444444445,,0.7924083333333334,3
BAAI/bge-large-en-v1.5,1024,4,5,0.7770694444444444,0.7666833333333334,,0.664036111111111,1
BAAI/bge-large-en-v1.5,1024,4,6,0.7848875,0.8258986111111111,,0.8168069444444445,3
BAAI/bge-large-en-v1.5,1024,4,7,0.7964708333333335,0.8368430555555557,,0.834873611111111,2
BAAI/bge-large-en-v1.5,1024,4,8,0.7571041666666667,0.8202208333333332,,0.8145180555555556,2
BAAI/bge-large-en-v1.5,1024,4,9,0.6805319444444444,0.7751430555555555,,0.7337680555555555,2
BAAI/bge-large-en-v1.5,1024,4,10,0.7896722222222221,0.8267972222222223,,0.8151027777777777,1
BAAI/bge-large-en-v1.5,1024,4,11,0.7226222222222223,0.7933194444444446,,0.8074638888888889,2
BAAI/bge-large-en-v1.5,1024,4,12,0.7548902777777777,0.8028944444444445,,0.8167166666666666,2
BAAI/bge-large-en-v1.5,1024,4,13,0.7914513888888888,0.8213486111111112,,0.8012541666666666,1
BAAI/bge-large-en-v1.5,1024,4,14,0.7602444444444444,0.7929027777777777,,0.7043305555555555,3
BAAI/bge-large-en-v1.5,1024,4,15,0.7001194444444444,0.794,,0.7657750000000001,3
BAAI/bge-large-en-v1.5,1024,4,16,0.7481236111111111,0.7914430555555554,,0.7652208333333334,1
BAAI/bge-large-en-v1.5,1024,4,17,0.6636305555555555,0.7683777777777778,,0.784,2
BAAI/bge-large-en-v1.5,1024,4,18,0.7785555555555554,0.8156944444444445,,0.8298805555555555,2
BAAI/bge-large-en-v1.5,1024,4,19,0.675713888888889,0.7401249999999999,,0.7712444444444444,1
BAAI/bge-large-en-v1.5,1024,4,20,0.7710541666666667,0.7925430555555556,,0.7311652777777777,1
BAAI/bge-large-en-v1.5,1024,4,21,0.6691833333333332,0.703775,,0.6552749999999999,3
BAAI/bge-large-en-v1.5,1024,4,22,0.6955986111111111,0.7776236111111112,,0.7610819444444444,2
BAAI/bge-large-en-v1.5,1024,4,23,0.7609569444444444,0.8006013888888888,,0.7578569444444444,1
BAAI/bge-large-en-v1.5,1024,4,24,0.7364527777777778,0.8028861111111112,,0.815988888888889,2
BAAI/bge-large-en-v1.5,1024,4,25,0.7374611111111111,0.7973833333333333,,0.7519111111111111,1
BAAI/bge-large-en-v1.5,1024,4,26,0.70445,0.7733000000000001,,0.7630611111111111,2
BAAI/bge-large-en-v1.5,1024,4,27,0.7328805555555555,0.7797888888888889,,0.7122055555555556,3
BAAI/bge-large-en-v1.5,1024,4,28,0.767001388888889,0.7557125,,0.6873041666666666,3
BAAI/bge-large-en-v1.5,1024,4,29,0.7308138888888889,0.7454444444444444,,0.6961694444444444,1
BAAI/bge-large-en-v1.5,1024,4,30,0.7463444444444445,0.8070472222222222,,0.8225277777777777,1
BAAI/bge-large-en-v1.5,1024,4,31,0.7730430555555556,0.8090625,,0.8063986111111112,3
BAAI/bge-large-en-v1.5,1024,4,32,0.8279236111111111,0.8665208333333332,,0.8383375,1
BAAI/bge-large-en-v1.5,1024,4,33,0.7755527777777778,0.8218944444444443,,0.7898611111111111,1
BAAI/bge-large-en-v1.5,1024,4,34,0.7277680555555556,0.788801388888889,,0.8104319444444446,2
BAAI/bge-large-en-v1.5,1024,4,35,0.7427430555555555,0.7729319444444444,,0.786801388888889,1
BAAI/bge-large-en-v1.5,1024,4,36,0.7849041666666667,0.8128958333333334,,0.8088069444444446,2
BAAI/bge-large-en-v1.5,1024,4,37,0.7283722222222223,0.7772777777777778,,0.7829583333333333,2
BAAI/bge-large-en-v1.5,1024,4,38,0.7569541666666667,0.7913180555555557,,0.7963458333333333,1
BAAI/bge-large-en-v1.5,1024,4,39,0.810526388888889,0.8253236111111111,,0.7811569444444444,2
BAAI/bge-large-en-v1.5,1024,4,40,0.7134125,0.7253819444444444,,0.6757791666666666,3
BAAI/bge-large-en-v1.5,1024,4,41,0.7751847222222223,0.829676388888889,,0.8176375,2
BAAI/bge-large-en-v1.5,1024,4,42,0.6921583333333332,0.7628597222222222,,0.7750763888888889,3
BAAI/bge-large-en-v1.5,1024,4,43,0.7232208333333333,0.7147319444444444,,0.6802819444444443,3
BAAI/bge-large-en-v1.5,1024,4,44,0.7841875,0.8290902777777779,,0.8137569444444444,1
BAAI/bge-large-en-v1.5,1024,4,45,0.7814861111111111,0.7946277777777778,,0.7575527777777779,3
BAAI/bge-large-en-v1.5,1024,4,46,0.75145,0.7676833333333333,,0.6920111111111111,3
BAAI/bge-large-en-v1.5,1024,4,47,0.7544055555555556,0.7933638888888889,,0.7507916666666667,3
BAAI/bge-large-en-v1.5,1024,4,48,0.7381652777777779,0.7126680555555556,,0.6338652777777778,3
BAAI/bge-large-en-v1.5,1024,4,49,0.7232013888888889,0.7353208333333334,,0.6955930555555556,1
BAAI/bge-large-en-v1.5,1024,4,50,0.7763319444444443,0.8006125000000001,,0.6972958333333333,2
BAAI/bge-large-en-v1.5,1024,4,51,0.7677361111111112,0.7986972222222223,,0.786088888888889,1
BAAI/bge-large-en-v1.5,1024,4,52,0.7762888888888889,0.8078277777777778,,0.8177083333333335,1
BAAI/bge-large-en-v1.5,1024,4,53,0.7821027777777778,0.7994833333333333,,0.7634083333333332,3
BAAI/bge-large-en-v1.5,1024,4,54,0.7509236111111111,0.7780736111111111,,0.7232569444444444,1
BAAI/bge-large-en-v1.5,1024,4,55,0.7615944444444444,0.7997777777777779,,0.8037027777777779,3
BAAI/bge-large-en-v1.5,1024,4,56,0.7513611111111111,0.7828694444444444,,0.7699666666666667,2
BAAI/bge-large-en-v1.5,1024,4,57,0.7023527777777778,0.7670083333333334,,0.757688888888889,1
BAAI/bge-large-en-v1.5,1024,4,58,0.7437347222222221,0.8104152777777778,,0.8267763888888889,2
BAAI/bge-large-en-v1.5,1024,4,59,0.7532166666666666,0.7695333333333334,,0.7748472222222222,1
BAAI/bge-large-en-v1.5,1024,4,60,0.7140236111111111,0.7209986111111111,,0.6303069444444445,3
BAAI/bge-large-en-v1.5,1024,4,61,0.7368486111111112,0.8213930555555556,,0.8299847222222224,2
BAAI/bge-large-en-v1.5,1024,4,62,0.7328805555555555,0.7719694444444445,,0.7753888888888888,1
BAAI/bge-large-en-v1.5,1024,4,63,0.7661277777777777,0.7885361111111112,,0.7125944444444444,3
BAAI/bge-large-en-v1.5,1024,4,64,0.7748777777777778,0.8446055555555554,,0.8604333333333334,1
BAAI/bge-large-en-v1.5,1024,4,65,0.7131375,0.8117069444444445,,0.8074930555555555,2
BAAI/bge-large-en-v1.5,1024,4,66,0.7325736111111112,0.7495097222222222,,0.7457958333333333,1
BAAI/bge-large-en-v1.5,1024,4,67,0.7742694444444445,0.7872555555555555,,0.7577527777777777,1
BAAI/bge-large-en-v1.5,1024,4,68,0.7418583333333333,0.7957666666666667,,0.8121861111111112,2
BAAI/bge-large-en-v1.5,1024,4,69,0.7924097222222223,0.7990125,,0.7357180555555556,2
BAAI/bge-large-en-v1.5,1024,4,70,0.7867500000000001,0.8378027777777778,,0.8498972222222223,1
BAAI/bge-large-en-v1.5,1024,4,71,0.7129986111111111,0.7553680555555556,,0.7476375,3
BAAI/bge-large-en-v1.5,1024,4,72,0.7783333333333333,0.817361111111111,,0.7737277777777777,1
BAAI/bge-large-en-v1.5,1024,4,73,0.7625750000000001,0.7888611111111111,,0.7701666666666667,3
BAAI/bge-large-en-v1.5,1024,4,74,0.7037722222222222,0.7233333333333334,,0.7197777777777777,3
BAAI/bge-large-en-v1.5,1024,4,75,0.7099152777777779,0.7591875000000001,,0.7755013888888889,1
BAAI/bge-large-en-v1.5,1024,4,76,0.72475,0.7443666666666667,,0.6884972222222222,3
BAAI/bge-large-en-v1.5,1024,4,77,0.7451166666666666,0.8092888888888888,,0.8198027777777778,1
BAAI/bge-large-en-v1.5,1024,4,78,0.7825583333333332,0.8130861111111111,,0.8148111111111112,1
BAAI/bge-large-en-v1.5,1024,4,79,0.7529430555555555,0.7972138888888888,,0.7402666666666667,3
BAAI/bge-large-en-v1.5,1024,4,80,0.7100222222222223,0.7117888888888889,,0.6039694444444446,3
BAAI/bge-large-en-v1.5,1024,4,81,0.7146652777777779,0.7522430555555555,,0.6578430555555556,3
BAAI/bge-large-en-v1.5,1024,4,82,0.7831541666666667,0.7977541666666667,,0.7705486111111112,3
BAAI/bge-large-en-v1.5,1024,4,83,0.789236111111111,0.8415194444444445,,0.833638888888889,2
BAAI/bge-large-en-v1.5,1024,4,84,0.7556138888888889,0.8225916666666667,,0.8220805555555556,2
BAAI/bge-large-en-v1.5,1024,4,85,0.7362388888888889,0.7421944444444444,,0.7167083333333334,1
BAAI/bge-large-en-v1.5,1024,4,86,0.764588888888889,0.8150777777777778,,0.7960083333333334,3
BAAI/bge-large-en-v1.5,1024,4,87,0.7023416666666666,0.7699194444444444,,0.7867500000000001,1
BAAI/bge-large-en-v1.5,1024,4,88,0.7628736111111112,0.8235041666666667,,0.8127708333333333,1
BAAI/bge-large-en-v1.5,1024,4,89,0.6715902777777777,0.7592194444444443,,0.7919333333333334,3
BAAI/bge-large-en-v1.5,1024,4,90,0.7577069444444444,0.8171180555555555,,0.8315625,3
BAAI/bge-large-en-v1.5,1024,4,91,0.7181624999999999,0.7405041666666667,,0.49036805555555557,1
BAAI/bge-large-en-v1.5,1024,4,92,0.8163861111111111,0.848536111111111,,0.801336111111111,1
BAAI/bge-large-en-v1.5,1024,4,93,0.662451388888889,0.7652902777777778,,0.8098069444444445,3
BAAI/bge-large-en-v1.5,1024,4,94,0.7640041666666666,0.8212875000000001,,0.8187625,3
BAAI/bge-large-en-v1.5,1024,4,95,0.7472472222222223,0.8014194444444445,,0.8124833333333334,1
BAAI/bge-large-en-v1.5,1024,4,96,0.764125,0.7789527777777778,,0.7547638888888888,3
BAAI/bge-large-en-v1.5,1024,4,97,0.7499569444444445,0.8106875000000001,,0.7927097222222221,1
BAAI/bge-large-en-v1.5,1024,4,98,0.7928194444444443,0.8436777777777777,,0.8270722222222222,1
BAAI/bge-large-en-v1.5,1024,4,99,0.7658222222222222,0.8069777777777778,,0.8220472222222223,2
BAAI/bge-large-en-v1.5,1024,5,0,0.7346291666666667,0.7722236111111112,,0.7695541666666667,5
BAAI/bge-large-en-v1.5,1024,5,1,0.7627999999999999,0.8280888888888889,,0.8385055555555556,2
BAAI/bge-large-en-v1.5,1024,5,2,0.7483388888888889,0.8106194444444443,,0.8113027777777778,2
BAAI/bge-large-en-v1.5,1024,5,3,0.8028402777777778,0.8312069444444445,,0.8163236111111111,2
BAAI/bge-large-en-v1.5,1024,5,4,0.7933319444444444,0.8135777777777778,,0.7802277777777776,5
BAAI/bge-large-en-v1.5,1024,5,5,0.7324805555555555,0.7827500000000001,,0.7044361111111112,1
BAAI/bge-large-en-v1.5,1024,5,6,0.7726152777777777,0.8146513888888889,,0.8051541666666667,3
BAAI/bge-large-en-v1.5,1024,5,7,0.7845097222222222,0.8323763888888889,,0.8311569444444444,1
BAAI/bge-large-en-v1.5,1024,5,8,0.776301388888889,0.8256486111111112,,0.8194625,1
BAAI/bge-large-en-v1.5,1024,5,9,0.6762930555555555,0.7588097222222223,,0.7350708333333333,3
BAAI/bge-large-en-v1.5,1024,5,10,0.7687472222222222,0.8186833333333333,,0.8102333333333332,1
BAAI/bge-large-en-v1.5,1024,5,11,0.7632888888888889,0.8250444444444444,,0.8268333333333334,1
BAAI/bge-large-en-v1.5,1024,5,12,0.7597638888888889,0.8136527777777778,,0.8265138888888888,5
BAAI/bge-large-en-v1.5,1024,5,13,0.7929180555555556,0.8313624999999999,,0.8239680555555555,1
BAAI/bge-large-en-v1.5,1024,5,14,0.7501263888888889,0.7927833333333333,,0.7236055555555556,3
BAAI/bge-large-en-v1.5,1024,5,15,0.729525,0.8147333333333333,,0.8079333333333334,5
BAAI/bge-large-en-v1.5,1024,5,16,0.7498819444444444,0.7959319444444444,,0.7702902777777778,2
BAAI/bge-large-en-v1.5,1024,5,17,0.6039972222222222,0.7579138888888888,,0.7408333333333333,2
BAAI/bge-large-en-v1.5,1024,5,18,0.7697222222222222,0.81945,,0.8313027777777777,2
BAAI/bge-large-en-v1.5,1024,5,19,0.6533500000000001,0.7854166666666667,,0.7654083333333334,5
BAAI/bge-large-en-v1.5,1024,5,20,0.7686986111111112,0.8015708333333333,,0.7732597222222223,5
BAAI/bge-large-en-v1.5,1024,5,21,0.6689638888888888,0.7123138888888889,,0.6736194444444445,3
BAAI/bge-large-en-v1.5,1024,5,22,0.7035375,0.7939041666666666,,0.8012291666666668,2
BAAI/bge-large-en-v1.5,1024,5,23,0.7588958333333333,0.8086847222222222,,0.7921652777777777,5
BAAI/bge-large-en-v1.5,1024,5,24,0.7581527777777778,0.8404749999999999,,0.8342333333333334,1
BAAI/bge-large-en-v1.5,1024,5,25,0.7265472222222222,0.7818527777777778,,0.7323722222222222,1
BAAI/bge-large-en-v1.5,1024,5,26,0.7261500000000001,0.7820333333333334,,0.7596277777777779,1
BAAI/bge-large-en-v1.5,1024,5,27,0.7524500000000001,0.8075916666666666,,0.7734,3
BAAI/bge-large-en-v1.5,1024,5,28,0.7838986111111111,0.7960486111111111,,0.7727875000000001,3
BAAI/bge-large-en-v1.5,1024,5,29,0.7421805555555555,0.7731222222222223,,0.7598694444444445,1
BAAI/bge-large-en-v1.5,1024,5,30,0.7373972222222223,0.7869722222222222,,0.777425,1
BAAI/bge-large-en-v1.5,1024,5,31,0.774498611111111,0.8171958333333335,,0.8129347222222223,3
BAAI/bge-large-en-v1.5,1024,5,32,0.8085291666666666,0.8546652777777778,,0.8265541666666667,1
BAAI/bge-large-en-v1.5,1024,5,33,0.7516277777777777,0.8267444444444444,,0.8021805555555556,1
BAAI/bge-large-en-v1.5,1024,5,34,0.7474624999999999,0.8113263888888889,,0.8200319444444443,3
BAAI/bge-large-en-v1.5,1024,5,35,0.7531569444444445,0.7971819444444443,,0.8120125,5
BAAI/bge-large-en-v1.5,1024,5,36,0.7703347222222223,0.8110791666666666,,0.8012847222222222,5
BAAI/bge-large-en-v1.5,1024,5,37,0.7473666666666665,0.807,,0.8246027777777778,1
BAAI/bge-large-en-v1.5,1024,5,38,0.7499097222222222,0.7752625,,0.7605069444444444,2
BAAI/bge-large-en-v1.5,1024,5,39,0.8006208333333334,0.8170875,,0.7463486111111111,2
BAAI/bge-large-en-v1.5,1024,5,40,0.7217069444444444,0.7554569444444444,,0.7254541666666667,5
BAAI/bge-large-en-v1.5,1024,5,41,0.7690874999999999,0.8384458333333334,,0.8240402777777778,2
BAAI/bge-large-en-v1.5,1024,5,42,0.7152041666666666,0.7929097222222222,,0.8160402777777778,5
BAAI/bge-large-en-v1.5,1024,5,43,0.7089319444444445,0.7175236111111112,,0.6946319444444444,5
BAAI/bge-large-en-v1.5,1024,5,44,0.7941013888888888,0.827026388888889,,0.8008930555555557,2
BAAI/bge-large-en-v1.5,1024,5,45,0.7722111111111112,0.8063861111111111,,0.7981972222222222,1
BAAI/bge-large-en-v1.5,1024,5,46,0.7624666666666666,0.8034944444444444,,0.7506805555555556,5
BAAI/bge-large-en-v1.5,1024,5,47,0.7386527777777778,0.794625,,0.7503583333333333,5
BAAI/bge-large-en-v1.5,1024,5,48,0.7447652777777778,0.7419569444444445,,0.6872541666666667,1
BAAI/bge-large-en-v1.5,1024,5,49,0.7256486111111111,0.7786097222222222,,0.7367597222222222,5
BAAI/bge-large-en-v1.5,1024,5,50,0.7654541666666667,0.8048375,,0.7430347222222222,2
BAAI/bge-large-en-v1.5,1024,5,51,0.7637041666666666,0.8104361111111111,,0.8073333333333333,1
BAAI/bge-large-en-v1.5,1024,5,52,0.7612444444444444,0.7954222222222223,,0.8035972222222222,5
BAAI/bge-large-en-v1.5,1024,5,53,0.7709194444444445,0.8058527777777778,,0.7905666666666668,1
BAAI/bge-large-en-v1.5,1024,5,54,0.7527430555555555,0.7960708333333333,,0.7457069444444444,1
BAAI/bge-large-en-v1.5,1024,5,55,0.7684180555555555,0.8219416666666666,,0.8323472222222221,5
BAAI/bge-large-en-v1.5,1024,5,56,0.73885,0.7753749999999999,,0.7615277777777777,2
BAAI/bge-large-en-v1.5,1024,5,57,0.7302805555555556,0.7948861111111112,,0.809336111111111,1
BAAI/bge-large-en-v1.5,1024,5,58,0.7568458333333333,0.8180652777777778,,0.8290541666666668,5
BAAI/bge-large-en-v1.5,1024,5,59,0.7568805555555556,0.8006388888888889,,0.8216972222222222,1
BAAI/bge-large-en-v1.5,1024,5,60,0.7504902777777778,0.7814319444444445,,0.6855986111111111,3
BAAI/bge-large-en-v1.5,1024,5,61,0.7255847222222221,0.8217319444444444,,0.8278097222222223,1
BAAI/bge-large-en-v1.5,1024,5,62,0.7499083333333333,0.8129944444444444,,0.8285805555555554,5
BAAI/bge-large-en-v1.5,1024,5,63,0.7422305555555556,0.7847944444444445,,0.7494055555555557,5
BAAI/bge-large-en-v1.5,1024,5,64,0.7730277777777776,0.8363083333333333,,0.8564666666666666,1
BAAI/bge-large-en-v1.5,1024,5,65,0.7286513888888889,0.8246069444444444,,0.8154152777777778,2
BAAI/bge-large-en-v1.5,1024,5,66,0.7477569444444443,0.7873541666666668,,0.7775125,5
BAAI/bge-large-en-v1.5,1024,5,67,0.7632375,0.787775,,0.7582694444444444,5
BAAI/bge-large-en-v1.5,1024,5,68,0.7306083333333333,0.7959750000000001,,0.8110805555555556,2
BAAI/bge-large-en-v1.5,1024,5,69,0.7921236111111111,0.8204736111111111,,0.7487458333333332,5
BAAI/bge-large-en-v1.5,1024,5,70,0.803725,0.8481805555555556,,0.848963888888889,2
BAAI/bge-large-en-v1.5,1024,5,71,0.7296652777777778,0.7843819444444444,,0.7988708333333334,1
BAAI/bge-large-en-v1.5,1024,5,72,0.76755,0.8141722222222222,,0.7885944444444446,3
BAAI/bge-large-en-v1.5,1024,5,73,0.7658527777777777,0.7841888888888889,,0.7643777777777778,3
BAAI/bge-large-en-v1.5,1024,5,74,0.7121027777777778,0.7791194444444445,,0.7796222222222223,5
BAAI/bge-large-en-v1.5,1024,5,75,0.7032347222222222,0.7638402777777779,,0.7988986111111112,3
BAAI/bge-large-en-v1.5,1024,5,76,0.7245138888888889,0.7638861111111113,,0.7426222222222223,5
BAAI/bge-large-en-v1.5,1024,5,77,0.7504055555555557,0.8256444444444445,,0.8488527777777778,1
BAAI/bge-large-en-v1.5,1024,5,78,0.7913722222222221,0.8280138888888888,,0.8353361111111111,1
BAAI/bge-large-en-v1.5,1024,5,79,0.7559944444444444,0.8173,,0.7794083333333333,3
BAAI/bge-large-en-v1.5,1024,5,80,0.7408763888888887,0.7645944444444444,,0.7154083333333333,3
BAAI/bge-large-en-v1.5,1024,5,81,0.7343069444444444,0.7803486111111111,,0.7233069444444444,3
BAAI/bge-large-en-v1.5,1024,5,82,0.7862402777777777,0.8090319444444445,,0.7724458333333333,5
BAAI/bge-large-en-v1.5,1024,5,83,0.7961111111111111,0.8460555555555557,,0.8390972222222224,1
BAAI/bge-large-en-v1.5,1024,5,84,0.75475,0.8223333333333334,,0.8268527777777778,5
BAAI/bge-large-en-v1.5,1024,5,85,0.7438472222222223,0.7594888888888889,,0.7643805555555556,3
BAAI/bge-large-en-v1.5,1024,5,86,0.7867305555555557,0.8420722222222223,,0.8158194444444444,1
BAAI/bge-large-en-v1.5,1024,5,87,0.6920666666666666,0.7685,,0.7812388888888889,1
BAAI/bge-large-en-v1.5,1024,5,88,0.7812930555555555,0.8496152777777778,,0.8333958333333333,1
BAAI/bge-large-en-v1.5,1024,5,89,0.7043972222222221,0.780513888888889,,0.8181861111111111,5
BAAI/bge-large-en-v1.5,1024,5,90,0.7721930555555555,0.8271652777777778,,0.8313236111111112,5
BAAI/bge-large-en-v1.5,1024,5,91,0.7183902777777778,0.7263597222222222,,0.5329625,2
BAAI/bge-large-en-v1.5,1024,5,92,0.81545,0.8506472222222223,,0.8125805555555555,1
BAAI/bge-large-en-v1.5,1024,5,93,0.6868458333333334,0.7845624999999999,,0.8090263888888889,1
BAAI/bge-large-en-v1.5,1024,5,94,0.7724013888888888,0.8203625,,0.8048958333333334,3
BAAI/bge-large-en-v1.5,1024,5,95,0.7536444444444443,0.7881333333333334,,0.8018277777777778,1
BAAI/bge-large-en-v1.5,1024,5,96,0.7832305555555555,0.8139527777777777,,0.8112305555555556,1
BAAI/bge-large-en-v1.5,1024,5,97,0.7526680555555556,0.8168013888888889,,0.8212180555555555,1
BAAI/bge-large-en-v1.5,1024,5,98,0.7957722222222223,0.8469722222222222,,0.8428638888888889,2
BAAI/bge-large-en-v1.5,1024,5,99,0.7636861111111112,0.7910083333333333,,0.761425,2
BAAI/bge-large-en-v1.5,1024,7,0,0.7534819444444445,0.7943208333333334,,0.8041263888888888,5
BAAI/bge-large-en-v1.5,1024,7,1,0.7801277777777778,0.8350916666666667,,0.8404333333333334,1
BAAI/bge-large-en-v1.5,1024,7,2,0.7468972222222221,0.8270805555555554,,0.8121916666666666,2
BAAI/bge-large-en-v1.5,1024,7,3,0.7812347222222222,0.8275708333333334,,0.8273625,2
BAAI/bge-large-en-v1.5,1024,7,4,0.7865583333333334,0.8202138888888889,,0.815275,3
BAAI/bge-large-en-v1.5,1024,7,5,0.7666652777777778,0.8458444444444444,,0.8532333333333333,1
BAAI/bge-large-en-v1.5,1024,7,6,0.7719833333333335,0.8171597222222223,,0.8163125,5
BAAI/bge-large-en-v1.5,1024,7,7,0.7781152777777779,0.8361180555555556,,0.8324652777777777,1
BAAI/bge-large-en-v1.5,1024,7,8,0.7843569444444446,0.8150208333333333,,0.8195263888888888,5
BAAI/bge-large-en-v1.5,1024,7,9,0.7160819444444444,0.7748541666666666,,0.7676736111111112,1
BAAI/bge-large-en-v1.5,1024,7,10,0.7773277777777778,0.8307749999999999,,0.8281555555555555,1
BAAI/bge-large-en-v1.5,1024,7,11,0.7769055555555556,0.8280749999999999,,0.8282138888888888,2
BAAI/bge-large-en-v1.5,1024,7,12,0.7610638888888889,0.8275250000000001,,0.8301222222222222,1
BAAI/bge-large-en-v1.5,1024,7,13,0.781173611111111,0.827051388888889,,0.8300597222222222,1
BAAI/bge-large-en-v1.5,1024,7,14,0.7603527777777778,0.8247916666666666,,0.8026249999999999,3
BAAI/bge-large-en-v1.5,1024,7,15,0.7371916666666666,0.8298055555555555,,0.8343777777777778,1
BAAI/bge-large-en-v1.5,1024,7,16,0.7757569444444445,0.8115569444444444,,0.7880875,2
BAAI/bge-large-en-v1.5,1024,7,17,0.6530444444444443,0.7725305555555556,,0.7226138888888889,2
BAAI/bge-large-en-v1.5,1024,7,18,0.7584194444444444,0.8156111111111111,,0.8428722222222222,3
BAAI/bge-large-en-v1.5,1024,7,19,0.6869111111111111,0.8185611111111112,,0.7935444444444445,3
BAAI/bge-large-en-v1.5,1024,7,20,0.7829236111111111,0.8252791666666667,,0.8240680555555556,5
BAAI/bge-large-en-v1.5,1024,7,21,0.7373111111111111,0.8328,,0.8171277777777777,2
BAAI/bge-large-en-v1.5,1024,7,22,0.7237069444444444,0.8093875,,0.8134847222222223,2
BAAI/bge-large-en-v1.5,1024,7,23,0.7674597222222221,0.8164069444444444,,0.7975152777777779,2
BAAI/bge-large-en-v1.5,1024,7,24,0.7619472222222222,0.8318305555555555,,0.8316694444444445,1
BAAI/bge-large-en-v1.5,1024,7,25,0.715313888888889,0.7362111111111111,,0.5928138888888889,3
BAAI/bge-large-en-v1.5,1024,7,26,0.7680277777777778,0.8278277777777778,,0.7967638888888888,1
BAAI/bge-large-en-v1.5,1024,7,27,0.7699694444444444,0.8379305555555554,,0.8166583333333335,2
BAAI/bge-large-en-v1.5,1024,7,28,0.7835847222222222,0.8326986111111111,,0.827301388888889,2
BAAI/bge-large-en-v1.5,1024,7,29,0.7625083333333332,0.7973722222222221,,0.7916361111111112,3
BAAI/bge-large-en-v1.5,1024,7,30,0.7481777777777778,0.8038027777777779,,0.8165638888888889,1
BAAI/bge-large-en-v1.5,1024,7,31,0.7773555555555556,0.8246291666666666,,0.8194763888888889,5
BAAI/bge-large-en-v1.5,1024,7,32,0.7986777777777779,0.8633291666666667,,0.850648611111111,1
BAAI/bge-large-en-v1.5,1024,7,33,0.7690305555555557,0.8288277777777778,,0.8093944444444444,1
BAAI/bge-large-en-v1.5,1024,7,34,0.7761458333333333,0.8271569444444443,,0.8330124999999999,1
BAAI/bge-large-en-v1.5,1024,7,35,0.7737208333333332,0.8371624999999999,,0.8555847222222221,2
BAAI/bge-large-en-v1.5,1024,7,36,0.7692708333333333,0.8164763888888888,,0.8109013888888889,5
BAAI/bge-large-en-v1.5,1024,7,37,0.7271722222222221,0.795686111111111,,0.7760638888888889,1
BAAI/bge-large-en-v1.5,1024,7,38,0.7556458333333333,0.7876319444444443,,0.7711208333333333,5
BAAI/bge-large-en-v1.5,1024,7,39,0.7992152777777777,0.8462624999999999,,0.8266902777777778,3
BAAI/bge-large-en-v1.5,1024,7,40,0.7308208333333334,0.7930902777777779,,0.8028125000000002,1
BAAI/bge-large-en-v1.5,1024,7,41,0.7639374999999999,0.8360375000000002,,0.8491375,2
BAAI/bge-large-en-v1.5,1024,7,42,0.742376388888889,0.8101736111111113,,0.8232152777777778,2
BAAI/bge-large-en-v1.5,1024,7,43,0.7514847222222222,0.7993125000000001,,0.7727069444444445,5
BAAI/bge-large-en-v1.5,1024,7,44,0.8053236111111113,0.8395597222222223,,0.824873611111111,1
BAAI/bge-large-en-v1.5,1024,7,45,0.7681277777777777,0.8022694444444444,,0.7982666666666667,1
BAAI/bge-large-en-v1.5,1024,7,46,0.7663805555555554,0.7873222222222223,,0.7179583333333333,5
BAAI/bge-large-en-v1.5,1024,7,47,0.7363444444444444,0.8143916666666667,,0.776775,5
BAAI/bge-large-en-v1.5,1024,7,48,0.7339458333333334,0.7401347222222222,,0.7101875000000001,1
BAAI/bge-large-en-v1.5,1024,7,49,0.7441888888888889,0.7999875,,0.7955097222222223,1
BAAI/bge-large-en-v1.5,1024,7,50,0.7583736111111111,0.8222291666666666,,0.8135291666666666,3
BAAI/bge-large-en-v1.5,1024,7,51,0.7778361111111112,0.8298388888888888,,0.836475,1
BAAI/bge-large-en-v1.5,1024,7,52,0.7644444444444444,0.7700583333333334,,0.7582833333333333,3
BAAI/bge-large-en-v1.5,1024,7,53,0.756813888888889,0.7984555555555556,,0.7950388888888889,1
BAAI/bge-large-en-v1.5,1024,7,54,0.7465902777777778,0.8158680555555555,,0.7855791666666667,2
BAAI/bge-large-en-v1.5,1024,7,55,0.7610194444444445,0.8258583333333334,,0.8255388888888889,5
BAAI/bge-large-en-v1.5,1024,7,56,0.7325111111111111,0.7934722222222224,,0.7981194444444445,5
BAAI/bge-large-en-v1.5,1024,7,57,0.7327722222222222,0.8081222222222221,,0.8162527777777777,1
BAAI/bge-large-en-v1.5,1024,7,58,0.7693319444444445,0.825048611111111,,0.8298874999999999,5
BAAI/bge-large-en-v1.5,1024,7,59,0.7577527777777778,0.8160555555555555,,0.8402111111111111,1
BAAI/bge-large-en-v1.5,1024,7,60,0.7455041666666666,0.7944125,,0.7640402777777777,1
BAAI/bge-large-en-v1.5,1024,7,61,0.7570902777777777,0.8277625,,0.8347819444444444,1
BAAI/bge-large-en-v1.5,1024,7,62,0.7531916666666668,0.8047749999999998,,0.8143083333333334,5
BAAI/bge-large-en-v1.5,1024,7,63,0.760836111111111,0.8052666666666667,,0.7871055555555555,5
BAAI/bge-large-en-v1.5,1024,7,64,0.7623916666666667,0.8311499999999999,,0.8631583333333332,2
BAAI/bge-large-en-v1.5,1024,7,65,0.7551597222222223,0.8293513888888888,,0.8335319444444445,1
BAAI/bge-large-en-v1.5,1024,7,66,0.7530513888888889,0.8137986111111111,,0.7927736111111112,3
BAAI/bge-large-en-v1.5,1024,7,67,0.7457027777777778,0.7907000000000001,,0.7761750000000001,3
BAAI/bge-large-en-v1.5,1024,7,68,0.743525,0.817636111111111,,0.8188444444444445,2
BAAI/bge-large-en-v1.5,1024,7,69,0.7775458333333334,0.8176097222222223,,0.7723569444444445,5
BAAI/bge-large-en-v1.5,1024,7,70,0.7987222222222221,0.845288888888889,,0.8472666666666666,3
BAAI/bge-large-en-v1.5,1024,7,71,0.7445236111111111,0.8031541666666666,,0.8117152777777779,1
BAAI/bge-large-en-v1.5,1024,7,72,0.7808722222222222,0.8306583333333333,,0.8213833333333334,2
BAAI/bge-large-en-v1.5,1024,7,73,0.7596472222222224,0.7801444444444444,,0.7589555555555556,5
BAAI/bge-large-en-v1.5,1024,7,74,0.7398083333333334,0.8376027777777778,,0.8424222222222222,1
BAAI/bge-large-en-v1.5,1024,7,75,0.7172569444444445,0.7672347222222222,,0.7864819444444444,1
BAAI/bge-large-en-v1.5,1024,7,76,0.7426388888888888,0.7983222222222223,,0.7873249999999999,3
BAAI/bge-large-en-v1.5,1024,7,77,0.7595097222222221,0.8405861111111111,,0.848288888888889,3
BAAI/bge-large-en-v1.5,1024,7,78,0.797852777777778,0.8412833333333334,,0.8487027777777778,1
BAAI/bge-large-en-v1.5,1024,7,79,0.7704777777777777,0.826486111111111,,0.813475,2
BAAI/bge-large-en-v1.5,1024,7,80,0.732111111111111,0.7600694444444445,,0.6834472222222222,5
BAAI/bge-large-en-v1.5,1024,7,81,0.7288430555555555,0.7845152777777777,,0.7628819444444445,1
BAAI/bge-large-en-v1.5,1024,7,82,0.7975680555555555,0.8207791666666667,,0.7907513888888889,5
BAAI/bge-large-en-v1.5,1024,7,83,0.7926972222222222,0.8449111111111112,,0.8304888888888889,1
BAAI/bge-large-en-v1.5,1024,7,84,0.773163888888889,0.8428666666666668,,0.8414277777777778,3
BAAI/bge-large-en-v1.5,1024,7,85,0.7399666666666667,0.7933277777777777,,0.8088138888888888,5
BAAI/bge-large-en-v1.5,1024,7,86,0.7756666666666667,0.8498166666666667,,0.8328583333333334,1
BAAI/bge-large-en-v1.5,1024,7,87,0.6823944444444445,0.763725,,0.7675888888888889,1
BAAI/bge-large-en-v1.5,1024,7,88,0.7889875,0.8579236111111112,,0.8522902777777777,2
BAAI/bge-large-en-v1.5,1024,7,89,0.7362250000000001,0.8339083333333333,,0.8550416666666666,2
BAAI/bge-large-en-v1.5,1024,7,90,0.7783458333333334,0.8247902777777778,,0.8308347222222222,5
BAAI/bge-large-en-v1.5,1024,7,91,0.7300041666666668,0.7692430555555555,,0.7109291666666667,5
BAAI/bge-large-en-v1.5,1024,7,92,0.8108638888888888,0.8601833333333334,,0.8351,1
BAAI/bge-large-en-v1.5,1024,7,93,0.7076041666666667,0.802373611111111,,0.8263430555555557,1
BAAI/bge-large-en-v1.5,1024,7,94,0.7889152777777777,0.8327291666666666,,0.8261819444444444,3
BAAI/bge-large-en-v1.5,1024,7,95,0.7642833333333334,0.8245361111111111,,0.8172138888888889,2
BAAI/bge-large-en-v1.5,1024,7,96,0.8029444444444445,0.8482805555555556,,0.8513944444444443,2
BAAI/bge-large-en-v1.5,1024,7,97,0.7518458333333333,0.8151541666666667,,0.8362180555555555,2
BAAI/bge-large-en-v1.5,1024,7,98,0.7832666666666667,0.8495027777777777,,0.8637416666666666,3
BAAI/bge-large-en-v1.5,1024,7,99,0.784375,0.8445527777777777,,0.844402777777778,1
BAAI/bge-large-en-v1.5,1024,10,0,0.735398611111111,0.8002958333333332,0.784198611111111,0.8112486111111112,1
BAAI/bge-large-en-v1.5,1024,10,1,0.7687277777777777,0.8396666666666667,0.835263888888889,0.8483055555555554,1
BAAI/bge-large-en-v1.5,1024,10,2,0.7568777777777778,0.8382583333333333,0.8298777777777778,0.8250972222222223,2
BAAI/bge-large-en-v1.5,1024,10,3,0.7647680555555556,0.8306541666666665,0.8381291666666667,0.8340291666666668,2
BAAI/bge-large-en-v1.5,1024,10,4,0.7883111111111112,0.8280777777777777,0.8212611111111111,0.8354527777777778,5
BAAI/bge-large-en-v1.5,1024,10,5,0.7785805555555556,0.84615,0.8318138888888889,0.84615,1
BAAI/bge-large-en-v1.5,1024,10,6,0.7813194444444445,0.8187847222222222,0.8083541666666667,0.813826388888889,10
BAAI/bge-large-en-v1.5,1024,10,7,0.7824152777777778,0.8412486111111112,0.8426458333333333,0.8561569444444445,3
BAAI/bge-large-en-v1.5,1024,10,8,0.7950069444444444,0.8430680555555555,0.812090277777778,0.8349458333333333,1
BAAI/bge-large-en-v1.5,1024,10,9,0.7134763888888889,0.7924902777777777,0.7877680555555555,0.7964625000000001,1
BAAI/bge-large-en-v1.5,1024,10,10,0.779511111111111,0.8335888888888889,0.824875,0.8375861111111109,2
BAAI/bge-large-en-v1.5,1024,10,11,0.7759305555555556,0.8233722222222222,0.8173194444444444,0.832913888888889,5
BAAI/bge-large-en-v1.5,1024,10,12,0.7678166666666666,0.8311666666666666,0.8288527777777778,0.8305777777777779,1
BAAI/bge-large-en-v1.5,1024,10,13,0.7659486111111111,0.8191958333333333,0.8293625,0.8357319444444444,5
BAAI/bge-large-en-v1.5,1024,10,14,0.7663638888888888,0.8338277777777777,0.8409666666666666,0.8285194444444445,3
BAAI/bge-large-en-v1.5,1024,10,15,0.7362916666666667,0.8381194444444443,0.830425,0.8406777777777777,1
BAAI/bge-large-en-v1.5,1024,10,16,0.7808819444444446,0.8280402777777777,0.821526388888889,0.8123597222222221,2
BAAI/bge-large-en-v1.5,1024,10,17,0.7016944444444444,0.8112333333333333,0.7920138888888889,0.7863638888888889,2
BAAI/bge-large-en-v1.5,1024,10,18,0.7743583333333333,0.8311555555555555,0.8397083333333333,0.8517083333333333,5
BAAI/bge-large-en-v1.5,1024,10,19,0.7248416666666666,0.8399749999999999,0.8511805555555556,0.8334250000000001,5
BAAI/bge-large-en-v1.5,1024,10,20,0.7818541666666666,0.8525874999999999,0.8318791666666666,0.8314097222222223,1
BAAI/bge-large-en-v1.5,1024,10,21,0.7460944444444444,0.8392611111111111,0.8341805555555556,0.839736111111111,1
BAAI/bge-large-en-v1.5,1024,10,22,0.7278652777777778,0.7834430555555555,0.7333569444444445,0.7983347222222222,2
BAAI/bge-large-en-v1.5,1024,10,23,0.7596277777777779,0.8212819444444445,0.8090847222222222,0.8083347222222222,3
BAAI/bge-large-en-v1.5,1024,10,24,0.7731333333333335,0.8394638888888889,0.8113027777777778,0.8327694444444445,5
BAAI/bge-large-en-v1.5,1024,10,25,0.7341416666666667,0.8278916666666667,0.7454305555555555,0.7682972222222222,1
BAAI/bge-large-en-v1.5,1024,10,26,0.7473694444444445,0.8328361111111111,0.8361,0.8276361111111111,1
BAAI/bge-large-en-v1.5,1024,10,27,0.756875,0.8417333333333332,0.7917277777777777,0.8311055555555555,2
BAAI/bge-large-en-v1.5,1024,10,28,0.7811569444444445,0.8255291666666666,0.8049569444444444,0.8265236111111111,2
BAAI/bge-large-en-v1.5,1024,10,29,0.764413888888889,0.8168805555555556,0.7909472222222222,0.8186861111111112,1
BAAI/bge-large-en-v1.5,1024,10,30,0.7529694444444445,0.8133972222222221,0.7602777777777777,0.822725,2
BAAI/bge-large-en-v1.5,1024,10,31,0.7788375,0.8362347222222222,0.8133097222222223,0.8299430555555555,5
BAAI/bge-large-en-v1.5,1024,10,32,0.7957041666666667,0.8580819444444444,0.8438263888888888,0.8637180555555556,1
BAAI/bge-large-en-v1.5,1024,10,33,0.7747916666666665,0.8225,0.8097472222222223,0.8319249999999999,2
BAAI/bge-large-en-v1.5,1024,10,34,0.7803875,0.8341013888888889,0.8399819444444445,0.8373458333333333,5
BAAI/bge-large-en-v1.5,1024,10,35,0.7772902777777777,0.8417819444444443,0.8477541666666667,0.8649819444444445,2
BAAI/bge-large-en-v1.5,1024,10,36,0.7679236111111111,0.8298763888888889,0.8391430555555556,0.830498611111111,2
BAAI/bge-large-en-v1.5,1024,10,37,0.7605333333333333,0.8208222222222222,0.8163888888888888,0.8177527777777777,1
BAAI/bge-large-en-v1.5,1024,10,38,0.7587902777777777,0.8059597222222222,0.7898569444444443,0.8085791666666666,5
BAAI/bge-large-en-v1.5,1024,10,39,0.8058624999999999,0.8635736111111112,0.8328708333333333,0.8623958333333334,1
BAAI/bge-large-en-v1.5,1024,10,40,0.7393208333333332,0.7903208333333334,0.8132791666666667,0.8055930555555556,10
BAAI/bge-large-en-v1.5,1024,10,41,0.7570791666666666,0.8373097222222222,0.8352624999999999,0.8542125,1
BAAI/bge-large-en-v1.5,1024,10,42,0.7515736111111111,0.8176125000000001,0.8222875,0.8314597222222222,10
BAAI/bge-large-en-v1.5,1024,10,43,0.7698041666666666,0.8218791666666667,0.7913708333333334,0.828101388888889,2
BAAI/bge-large-en-v1.5,1024,10,44,0.7835569444444445,0.825926388888889,0.8405930555555556,0.8386013888888888,1
BAAI/bge-large-en-v1.5,1024,10,45,0.7763749999999999,0.8167694444444445,0.7837888888888889,0.8139861111111112,5
BAAI/bge-large-en-v1.5,1024,10,46,0.7787333333333333,0.8405305555555556,0.7838166666666667,0.8312027777777777,1
BAAI/bge-large-en-v1.5,1024,10,47,0.7572055555555556,0.8277194444444445,0.8441944444444445,0.799025,10
BAAI/bge-large-en-v1.5,1024,10,48,0.748661111111111,0.7774236111111111,0.7784125,0.7819152777777778,1
BAAI/bge-large-en-v1.5,1024,10,49,0.7482986111111111,0.7897236111111111,0.7876402777777778,0.8032875000000002,1
BAAI/bge-large-en-v1.5,1024,10,50,0.7366625,0.8044791666666666,0.7074236111111111,0.7891041666666667,2
BAAI/bge-large-en-v1.5,1024,10,51,0.7818166666666666,0.8369388888888889,0.8437027777777778,0.8337972222222223,1
BAAI/bge-large-en-v1.5,1024,10,52,0.7576666666666667,0.7913861111111111,0.7747694444444444,0.7900277777777777,5
BAAI/bge-large-en-v1.5,1024,10,53,0.7776972222222223,0.8353888888888888,0.8298388888888889,0.8196027777777778,1
BAAI/bge-large-en-v1.5,1024,10,54,0.7390347222222222,0.8042736111111111,0.8042152777777778,0.7645124999999999,1
BAAI/bge-large-en-v1.5,1024,10,55,0.7588944444444444,0.8318416666666666,0.8192194444444445,0.8424444444444444,10
BAAI/bge-large-en-v1.5,1024,10,56,0.7352333333333332,0.8011805555555556,0.8056611111111109,0.8264972222222222,1
BAAI/bge-large-en-v1.5,1024,10,57,0.7389222222222223,0.8122944444444445,0.8116388888888889,0.8323750000000001,1
BAAI/bge-large-en-v1.5,1024,10,58,0.7703236111111111,0.8193097222222222,0.8256236111111112,0.8287180555555557,5
BAAI/bge-large-en-v1.5,1024,10,59,0.7623416666666667,0.8311888888888889,0.8266861111111111,0.8582527777777779,1
BAAI/bge-large-en-v1.5,1024,10,60,0.7442069444444444,0.7820652777777777,0.7854375000000001,0.7678375000000001,1
BAAI/bge-large-en-v1.5,1024,10,61,0.7533930555555555,0.838201388888889,0.8375930555555555,0.8442513888888888,1
BAAI/bge-large-en-v1.5,1024,10,62,0.7655333333333333,0.8376972222222223,0.8249777777777777,0.8326277777777776,1
BAAI/bge-large-en-v1.5,1024,10,63,0.7704777777777778,0.8243555555555555,0.8265250000000001,0.8283527777777778,10
BAAI/bge-large-en-v1.5,1024,10,64,0.7595083333333333,0.8365750000000001,0.8670083333333334,0.8639055555555555,1
BAAI/bge-large-en-v1.5,1024,10,65,0.7637875,0.8429569444444445,0.8297652777777776,0.8305402777777777,1
BAAI/bge-large-en-v1.5,1024,10,66,0.7681708333333334,0.8429652777777779,0.8577791666666666,0.8489986111111112,1
BAAI/bge-large-en-v1.5,1024,10,67,0.7365111111111111,0.8112166666666667,0.7993166666666667,0.8042805555555556,3
BAAI/bge-large-en-v1.5,1024,10,68,0.7544444444444445,0.8196722222222221,0.8153777777777778,0.8292472222222221,2
BAAI/bge-large-en-v1.5,1024,10,69,0.7772402777777778,0.8459986111111111,0.8026180555555555,0.8235124999999999,3
BAAI/bge-large-en-v1.5,1024,10,70,0.7914277777777777,0.8505277777777778,0.8459888888888889,0.848138888888889,3
BAAI/bge-large-en-v1.5,1024,10,71,0.7433124999999999,0.8257041666666667,0.8414736111111111,0.8365041666666666,1
BAAI/bge-large-en-v1.5,1024,10,72,0.7667222222222223,0.8174666666666667,0.8123277777777779,0.8274055555555555,1
BAAI/bge-large-en-v1.5,1024,10,73,0.7744361111111111,0.8110277777777777,0.7773694444444444,0.7921083333333334,3
BAAI/bge-large-en-v1.5,1024,10,74,0.7431416666666666,0.833338888888889,0.8365166666666667,0.8475027777777777,1
BAAI/bge-large-en-v1.5,1024,10,75,0.7404736111111111,0.8203097222222222,0.8258375000000001,0.8429708333333334,10
BAAI/bge-large-en-v1.5,1024,10,76,0.7340694444444444,0.8102833333333332,0.8116194444444444,0.7985194444444444,10
BAAI/bge-large-en-v1.5,1024,10,77,0.7749111111111111,0.8549111111111111,0.847475,0.8387416666666666,10
BAAI/bge-large-en-v1.5,1024,10,78,0.792125,0.8472555555555555,0.8388027777777778,0.8596583333333332,1
BAAI/bge-large-en-v1.5,1024,10,79,0.7923083333333333,0.8456583333333334,0.83555,0.8257944444444445,1
BAAI/bge-large-en-v1.5,1024,10,80,0.7549541666666668,0.7828361111111111,0.7767111111111111,0.751225,10
BAAI/bge-large-en-v1.5,1024,10,81,0.7398125000000001,0.8031319444444445,0.7928097222222222,0.7901013888888888,1
BAAI/bge-large-en-v1.5,1024,10,82,0.7873791666666666,0.8302930555555554,0.826873611111111,0.8293208333333333,5
BAAI/bge-large-en-v1.5,1024,10,83,0.7748833333333334,0.8425999999999998,0.8227666666666666,0.829386111111111,3
BAAI/bge-large-en-v1.5,1024,10,84,0.7823319444444443,0.8497333333333332,0.8438916666666666,0.8509611111111111,10
BAAI/bge-large-en-v1.5,1024,10,85,0.7240111111111112,0.804088888888889,0.7910583333333333,0.8173805555555556,1
BAAI/bge-large-en-v1.5,1024,10,86,0.7809499999999999,0.8311277777777778,0.8311638888888889,0.8148722222222222,1
BAAI/bge-large-en-v1.5,1024,10,87,0.7232208333333333,0.8176166666666667,0.8196666666666667,0.8341972222222221,1
BAAI/bge-large-en-v1.5,1024,10,88,0.7947736111111112,0.8677513888888888,0.8692291666666666,0.8641625,3
BAAI/bge-large-en-v1.5,1024,10,89,0.7444222222222221,0.8297333333333333,0.8328916666666666,0.8509527777777778,1
BAAI/bge-large-en-v1.5,1024,10,90,0.7621125,0.8208569444444443,0.8224152777777779,0.8195013888888889,2
BAAI/bge-large-en-v1.5,1024,10,91,0.7288458333333334,0.7706375000000001,0.7506430555555555,0.7345513888888889,10
BAAI/bge-large-en-v1.5,1024,10,92,0.8234833333333336,0.8592833333333334,0.8468250000000002,0.8480055555555555,1
BAAI/bge-large-en-v1.5,1024,10,93,0.7319958333333333,0.8311124999999999,0.8315375,0.8453652777777778,1
BAAI/bge-large-en-v1.5,1024,10,94,0.7911652777777779,0.8340263888888889,0.8292819444444444,0.8461180555555555,1
BAAI/bge-large-en-v1.5,1024,10,95,0.7707361111111111,0.8333861111111112,0.8258750000000001,0.8465666666666667,3
BAAI/bge-large-en-v1.5,1024,10,96,0.7798083333333333,0.8498194444444445,0.8533194444444444,0.8571944444444445,2
BAAI/bge-large-en-v1.5,1024,10,97,0.771975,0.8315180555555557,0.8248819444444443,0.8444958333333333,5
BAAI/bge-large-en-v1.5,1024,10,98,0.7745166666666667,0.829925,0.8312138888888889,0.8556999999999999,10
BAAI/bge-large-en-v1.5,1024,10,99,0.7786027777777778,0.8470027777777778,0.8388250000000002,0.8604722222222222,1
BAAI/bge-large-en-v1.5,1024,15,0,0.7415444444444445,0.8127347222222222,0.8157819444444445,0.8412375,1
BAAI/bge-large-en-v1.5,1024,15,1,0.7750222222222223,0.8369861111111111,0.8269305555555555,0.8564777777777777,3
BAAI/bge-large-en-v1.5,1024,15,2,0.7478222222222222,0.8310638888888888,0.7946888888888889,0.8170805555555555,1
BAAI/bge-large-en-v1.5,1024,15,3,0.7636930555555556,0.8304930555555554,0.8295041666666666,0.8418791666666667,2
BAAI/bge-large-en-v1.5,1024,15,4,0.7828805555555556,0.8229388888888889,0.8146916666666667,0.8500638888888888,5
BAAI/bge-large-en-v1.5,1024,15,5,0.7788541666666666,0.8456888888888889,0.8342638888888889,0.8548194444444444,1
BAAI/bge-large-en-v1.5,1024,15,6,0.7790569444444444,0.8070291666666667,0.8017486111111111,0.8181069444444444,10
BAAI/bge-large-en-v1.5,1024,15,7,0.7622041666666667,0.8422541666666666,0.8571152777777777,0.861823611111111,3
BAAI/bge-large-en-v1.5,1024,15,8,0.7977569444444446,0.8064152777777778,0.8114791666666668,0.8252986111111111,10
BAAI/bge-large-en-v1.5,1024,15,9,0.7335569444444444,0.8194041666666665,0.7653125,0.8330625,1
BAAI/bge-large-en-v1.5,1024,15,10,0.778611111111111,0.8566138888888889,0.8590916666666667,0.8566194444444443,1
BAAI/bge-large-en-v1.5,1024,15,11,0.7856916666666667,0.8432555555555555,0.851325,0.8580833333333333,3
BAAI/bge-large-en-v1.5,1024,15,12,0.7754361111111111,0.84215,0.8127416666666667,0.8331583333333332,3
BAAI/bge-large-en-v1.5,1024,15,13,0.7599736111111111,0.821523611111111,0.8338291666666666,0.8437263888888888,5
BAAI/bge-large-en-v1.5,1024,15,14,0.7582777777777777,0.8246638888888889,0.81535,0.8308083333333333,1
BAAI/bge-large-en-v1.5,1024,15,15,0.7454583333333333,0.8311166666666667,0.834038888888889,0.8533305555555555,2
BAAI/bge-large-en-v1.5,1024,15,16,0.7784180555555558,0.8096597222222223,0.794823611111111,0.8157763888888888,1
BAAI/bge-large-en-v1.5,1024,15,17,0.7144861111111112,0.8122083333333334,0.8131666666666668,0.8232916666666668,2
BAAI/bge-large-en-v1.5,1024,15,18,0.7705611111111111,0.8120444444444445,0.8163888888888889,0.8413555555555555,10
BAAI/bge-large-en-v1.5,1024,15,19,0.7327916666666666,0.8464694444444445,0.8535722222222222,0.8588583333333334,10
BAAI/bge-large-en-v1.5,1024,15,20,0.7766625,0.8440208333333333,0.8148763888888889,0.8085263888888888,1
BAAI/bge-large-en-v1.5,1024,15,21,0.7758027777777778,0.8564250000000001,0.8559249999999999,0.8591944444444443,1
BAAI/bge-large-en-v1.5,1024,15,22,0.743498611111111,0.8209152777777777,0.7927736111111111,0.8470986111111111,1
BAAI/bge-large-en-v1.5,1024,15,23,0.752798611111111,0.8165013888888889,0.7950902777777779,0.8064291666666668,1
BAAI/bge-large-en-v1.5,1024,15,24,0.7768638888888888,0.84485,0.8287555555555556,0.8543527777777778,2
BAAI/bge-large-en-v1.5,1024,15,25,0.7541194444444446,0.8037888888888888,0.7157888888888889,0.7508722222222223,1
BAAI/bge-large-en-v1.5,1024,15,26,0.7322416666666667,0.8117333333333333,0.8054388888888888,0.8200444444444444,1
BAAI/bge-large-en-v1.5,1024,15,27,0.771888888888889,0.8311333333333333,0.8033333333333332,0.8195972222222223,1
BAAI/bge-large-en-v1.5,1024,15,28,0.7875402777777778,0.8220597222222223,0.8220847222222223,0.8443902777777779,3
BAAI/bge-large-en-v1.5,1024,15,29,0.7647972222222222,0.8268916666666667,0.7728611111111111,0.8292444444444446,1
BAAI/bge-large-en-v1.5,1024,15,30,0.7654861111111112,0.8288361111111111,0.8094222222222222,0.8509277777777777,2
BAAI/bge-large-en-v1.5,1024,15,31,0.7715097222222222,0.8289958333333334,0.7947847222222222,0.8370819444444445,5
BAAI/bge-large-en-v1.5,1024,15,32,0.7910847222222223,0.8549541666666666,0.8330152777777778,0.8649875,1
BAAI/bge-large-en-v1.5,1024,15,33,0.7542555555555557,0.8153916666666666,0.8123055555555555,0.8343694444444445,1
BAAI/bge-large-en-v1.5,1024,15,34,0.7721236111111112,0.8371513888888888,0.8443513888888889,0.8453624999999999,3
BAAI/bge-large-en-v1.5,1024,15,35,0.7752097222222222,0.8545763888888888,0.8564180555555556,0.8638847222222222,3
BAAI/bge-large-en-v1.5,1024,15,36,0.7775152777777777,0.8309263888888889,0.8338430555555556,0.8438041666666667,2
BAAI/bge-large-en-v1.5,1024,15,37,0.7673305555555556,0.8362777777777778,0.8066027777777778,0.8310583333333333,1
BAAI/bge-large-en-v1.5,1024,15,38,0.7526458333333333,0.8120180555555555,0.8077986111111111,0.8295125,5
BAAI/bge-large-en-v1.5,1024,15,39,0.8087,0.8399375,0.8473180555555555,0.8578930555555555,1
BAAI/bge-large-en-v1.5,1024,15,40,0.7542819444444444,0.8039652777777777,0.8290986111111112,0.8354097222222223,10
BAAI/bge-large-en-v1.5,1024,15,41,0.7573208333333333,0.8422736111111111,0.8405375,0.8601763888888889,1
BAAI/bge-large-en-v1.5,1024,15,42,0.7471736111111111,0.8215986111111111,0.8191625,0.8359402777777778,10
BAAI/bge-large-en-v1.5,1024,15,43,0.7674055555555555,0.8095013888888888,0.7731152777777778,0.8255958333333333,5
BAAI/bge-large-en-v1.5,1024,15,44,0.7796291666666667,0.8381791666666665,0.8614097222222222,0.8560763888888889,1
BAAI/bge-large-en-v1.5,1024,15,45,0.7763194444444445,0.8284722222222222,0.7906305555555555,0.8475972222222221,3
BAAI/bge-large-en-v1.5,1024,15,46,0.7815861111111111,0.8559222222222221,0.8159083333333332,0.8586861111111111,2
BAAI/bge-large-en-v1.5,1024,15,47,0.7769694444444445,0.8443055555555555,0.8417250000000002,0.8173194444444445,1
BAAI/bge-large-en-v1.5,1024,15,48,0.7428736111111112,0.7911819444444443,0.7752847222222222,0.8283152777777778,1
BAAI/bge-large-en-v1.5,1024,15,49,0.7318125,0.7995958333333334,0.7552152777777779,0.7967319444444444,2
BAAI/bge-large-en-v1.5,1024,15,50,0.7467569444444444,0.8218208333333333,0.7806652777777776,0.8126569444444445,2
BAAI/bge-large-en-v1.5,1024,15,51,0.7876083333333332,0.8322305555555556,0.837325,0.8531944444444444,1
BAAI/bge-large-en-v1.5,1024,15,52,0.7559166666666667,0.8136027777777779,0.8028055555555556,0.8537166666666667,5
BAAI/bge-large-en-v1.5,1024,15,53,0.7772749999999999,0.8410694444444444,0.8365083333333333,0.828486111111111,1
BAAI/bge-large-en-v1.5,1024,15,54,0.754275,0.8312097222222222,0.8328180555555555,0.8315847222222222,1
BAAI/bge-large-en-v1.5,1024,15,55,0.7495194444444445,0.8328250000000001,0.7869749999999999,0.8451333333333333,2
BAAI/bge-large-en-v1.5,1024,15,56,0.7634916666666667,0.8413361111111112,0.845761111111111,0.8644027777777777,10
BAAI/bge-large-en-v1.5,1024,15,57,0.7519930555555555,0.8320583333333333,0.8441055555555556,0.8584611111111112,1
BAAI/bge-large-en-v1.5,1024,15,58,0.7556208333333333,0.8193569444444445,0.8223902777777777,0.8322847222222223,5
BAAI/bge-large-en-v1.5,1024,15,59,0.7660527777777777,0.8400777777777778,0.8320527777777778,0.8678027777777777,1
BAAI/bge-large-en-v1.5,1024,15,60,0.726923611111111,0.7880597222222223,0.7829847222222222,0.7968208333333334,1
BAAI/bge-large-en-v1.5,1024,15,61,0.7504625,0.8464486111111112,0.8423791666666667,0.8598958333333334,1
BAAI/bge-large-en-v1.5,1024,15,62,0.7762027777777778,0.8471,0.8424,0.8659694444444445,1
BAAI/bge-large-en-v1.5,1024,15,63,0.7677194444444444,0.8392777777777778,0.8066833333333334,0.8446555555555556,5
BAAI/bge-large-en-v1.5,1024,15,64,0.7641611111111111,0.8431805555555556,0.8719944444444444,0.8719111111111111,1
BAAI/bge-large-en-v1.5,1024,15,65,0.7668152777777777,0.8275180555555555,0.8220208333333334,0.8324069444444445,1
BAAI/bge-large-en-v1.5,1024,15,66,0.7660972222222222,0.8338097222222224,0.8469486111111111,0.8592513888888889,10
BAAI/bge-large-en-v1.5,1024,15,67,0.7412083333333332,0.8216944444444445,0.8027638888888888,0.8145249999999999,1
BAAI/bge-large-en-v1.5,1024,15,68,0.7714972222222222,0.8353111111111111,0.8180055555555557,0.8416305555555554,1
BAAI/bge-large-en-v1.5,1024,15,69,0.7898291666666666,0.8588597222222223,0.8400208333333334,0.8438875000000001,3
BAAI/bge-large-en-v1.5,1024,15,70,0.7733027777777777,0.8440472222222223,0.828563888888889,0.8352999999999999,3
BAAI/bge-large-en-v1.5,1024,15,71,0.7625319444444444,0.8325458333333334,0.8444041666666666,0.8431541666666668,1
BAAI/bge-large-en-v1.5,1024,15,72,0.7616916666666667,0.8217333333333333,0.8277888888888889,0.8347611111111111,3
BAAI/bge-large-en-v1.5,1024,15,73,0.761475,0.8297833333333334,0.8054472222222222,0.827675,10
BAAI/bge-large-en-v1.5,1024,15,74,0.7829027777777777,0.8393916666666665,0.8390833333333333,0.8607861111111111,5
BAAI/bge-large-en-v1.5,1024,15,75,0.7438291666666667,0.8217375,0.8278152777777779,0.8532930555555556,1
BAAI/bge-large-en-v1.5,1024,15,76,0.729513888888889,0.8104944444444445,0.8163361111111112,0.8228805555555555,5
BAAI/bge-large-en-v1.5,1024,15,77,0.7547916666666667,0.8246833333333332,0.8237,0.8422777777777777,1
BAAI/bge-large-en-v1.5,1024,15,78,0.7777694444444445,0.8464361111111112,0.8432499999999999,0.862525,1
BAAI/bge-large-en-v1.5,1024,15,79,0.7973944444444445,0.8440027777777777,0.8208000000000001,0.8416277777777779,5
BAAI/bge-large-en-v1.5,1024,15,80,0.7469888888888888,0.7863305555555555,0.8174333333333332,0.8019527777777777,10
BAAI/bge-large-en-v1.5,1024,15,81,0.7670958333333333,0.8208208333333333,0.8204069444444444,0.8260708333333333,3
BAAI/bge-large-en-v1.5,1024,15,82,0.7816069444444445,0.8204791666666666,0.8203819444444445,0.8476208333333335,1
BAAI/bge-large-en-v1.5,1024,15,83,0.7796805555555555,0.8352805555555556,0.8101777777777777,0.8434111111111111,2
BAAI/bge-large-en-v1.5,1024,15,84,0.7858944444444443,0.8540805555555555,0.8532666666666666,0.8629583333333333,3
BAAI/bge-large-en-v1.5,1024,15,85,0.7407305555555557,0.8245444444444445,0.8392333333333333,0.8548749999999999,1
BAAI/bge-large-en-v1.5,1024,15,86,0.7810444444444445,0.8385527777777777,0.8428388888888889,0.8595055555555554,1
BAAI/bge-large-en-v1.5,1024,15,87,0.7288027777777777,0.8215027777777778,0.7674749999999999,0.812975,1
BAAI/bge-large-en-v1.5,1024,15,88,0.7854597222222223,0.857926388888889,0.8578402777777777,0.8516513888888889,3
BAAI/bge-large-en-v1.5,1024,15,89,0.7515833333333334,0.8423805555555556,0.850236111111111,0.8664777777777778,3
BAAI/bge-large-en-v1.5,1024,15,90,0.7583319444444445,0.8294236111111111,0.8392236111111111,0.8343791666666667,5
BAAI/bge-large-en-v1.5,1024,15,91,0.7519833333333333,0.8340458333333334,0.8457458333333334,0.8491597222222222,5
BAAI/bge-large-en-v1.5,1024,15,92,0.820938888888889,0.8633638888888889,0.846013888888889,0.8491055555555556,1
BAAI/bge-large-en-v1.5,1024,15,93,0.7419986111111111,0.841698611111111,0.8169680555555554,0.8547458333333333,1
BAAI/bge-large-en-v1.5,1024,15,94,0.7901236111111111,0.8306152777777778,0.8196986111111111,0.8435625,1
BAAI/bge-large-en-v1.5,1024,15,95,0.7751972222222222,0.8375777777777776,0.8412277777777777,0.85695,5
BAAI/bge-large-en-v1.5,1024,15,96,0.7864111111111112,0.8383999999999999,0.8539805555555554,0.8588749999999999,10
BAAI/bge-large-en-v1.5,1024,15,97,0.7581069444444445,0.8349097222222224,0.8340097222222222,0.8500236111111111,1
BAAI/bge-large-en-v1.5,1024,15,98,0.7798972222222222,0.8206277777777778,0.8202138888888888,0.8520305555555556,10
BAAI/bge-large-en-v1.5,1024,15,99,0.7613972222222222,0.8488666666666669,0.8338111111111112,0.8585527777777778,1
BAAI/bge-large-en-v1.5,1024,20,0,0.7473013888888889,0.8336513888888889,0.8395902777777778,0.8580458333333333,1
BAAI/bge-large-en-v1.5,1024,20,1,0.7665222222222222,0.8313194444444444,0.8221194444444444,0.8518972222222222,1
BAAI/bge-large-en-v1.5,1024,20,2,0.7520888888888888,0.8370555555555554,0.8137027777777778,0.8387583333333333,1
BAAI/bge-large-en-v1.5,1024,20,3,0.7648152777777777,0.8011791666666667,0.8130069444444444,0.8505708333333334,5
BAAI/bge-large-en-v1.5,1024,20,4,0.7717930555555556,0.8131944444444446,0.8060472222222222,0.854075,3
BAAI/bge-large-en-v1.5,1024,20,5,0.7724472222222222,0.8433944444444446,0.8368083333333333,0.8549805555555555,1
BAAI/bge-large-en-v1.5,1024,20,6,0.7697236111111112,0.8028430555555555,0.820051388888889,0.8229597222222222,20
BAAI/bge-large-en-v1.5,1024,20,7,0.7631458333333334,0.8351152777777777,0.8525263888888889,0.8588569444444445,5
BAAI/bge-large-en-v1.5,1024,20,8,0.7966930555555556,0.8171625,0.8189541666666666,0.8370180555555556,20
BAAI/bge-large-en-v1.5,1024,20,9,0.7520597222222223,0.8091263888888889,0.7759319444444445,0.8453763888888889,20
BAAI/bge-large-en-v1.5,1024,20,10,0.7795138888888888,0.8565722222222222,0.8634305555555555,0.8623138888888887,3
BAAI/bge-large-en-v1.5,1024,20,11,0.7758958333333332,0.8226666666666667,0.813,0.8499083333333333,3
BAAI/bge-large-en-v1.5,1024,20,12,0.7783749999999999,0.8444055555555555,0.8321055555555555,0.8437305555555557,3
BAAI/bge-large-en-v1.5,1024,20,13,0.7575041666666666,0.8235069444444445,0.8398902777777778,0.8502375,2
BAAI/bge-large-en-v1.5,1024,20,14,0.7663972222222222,0.8422833333333333,0.8335888888888888,0.8489333333333334,1
BAAI/bge-large-en-v1.5,1024,20,15,0.7411375,0.8369194444444444,0.8446,0.8546666666666667,2
BAAI/bge-large-en-v1.5,1024,20,16,0.7797708333333333,0.8377625,0.8382486111111113,0.8522347222222222,10
BAAI/bge-large-en-v1.5,1024,20,17,0.7302611111111111,0.8256388888888888,0.7862722222222223,0.8321333333333333,1
BAAI/bge-large-en-v1.5,1024,20,18,0.7799611111111111,0.8224805555555555,0.8222666666666667,0.8562166666666667,20
BAAI/bge-large-en-v1.5,1024,20,19,0.7370222222222222,0.8334444444444445,0.8317583333333333,0.8462138888888889,5
BAAI/bge-large-en-v1.5,1024,20,20,0.766701388888889,0.8473041666666666,0.8176930555555555,0.8257930555555556,1
BAAI/bge-large-en-v1.5,1024,20,21,0.7819833333333333,0.853572222222222,0.8487583333333333,0.8626250000000001,1
BAAI/bge-large-en-v1.5,1024,20,22,0.7552013888888889,0.8352069444444445,0.8446041666666666,0.8653152777777777,1
BAAI/bge-large-en-v1.5,1024,20,23,0.744826388888889,0.7960180555555556,0.7852652777777778,0.8071319444444445,10
BAAI/bge-large-en-v1.5,1024,20,24,0.7654805555555555,0.8373333333333332,0.8170944444444446,0.8536388888888891,2
BAAI/bge-large-en-v1.5,1024,20,25,0.7590944444444444,0.8202138888888889,0.7499611111111111,0.8220083333333333,1
BAAI/bge-large-en-v1.5,1024,20,26,0.7281333333333333,0.8139749999999999,0.807186111111111,0.8358083333333334,1
BAAI/bge-large-en-v1.5,1024,20,27,0.7629,0.8169722222222222,0.8220361111111112,0.8400361111111112,1
BAAI/bge-large-en-v1.5,1024,20,28,0.7852097222222223,0.8316430555555556,0.8310097222222222,0.8533680555555555,20
BAAI/bge-large-en-v1.5,1024,20,29,0.7785083333333334,0.8160666666666666,0.7999416666666668,0.8336861111111111,3
BAAI/bge-large-en-v1.5,1024,20,30,0.7595722222222221,0.831825,0.8157666666666666,0.8509361111111111,5
BAAI/bge-large-en-v1.5,1024,20,31,0.769451388888889,0.8213902777777778,0.7962402777777777,0.832498611111111,2
BAAI/bge-large-en-v1.5,1024,20,32,0.8004458333333333,0.8469486111111111,0.8342374999999999,0.8619124999999999,20
BAAI/bge-large-en-v1.5,1024,20,33,0.7590444444444444,0.7957527777777778,0.8159277777777778,0.8511944444444445,1
BAAI/bge-large-en-v1.5,1024,20,34,0.764576388888889,0.8327041666666667,0.8363597222222223,0.8462208333333333,2
BAAI/bge-large-en-v1.5,1024,20,35,0.7726097222222222,0.8476708333333334,0.8515708333333334,0.8692625,3
BAAI/bge-large-en-v1.5,1024,20,36,0.786273611111111,0.8310375,0.8381875000000001,0.8504652777777778,2
BAAI/bge-large-en-v1.5,1024,20,37,0.76975,0.8391333333333333,0.8227166666666665,0.8369805555555555,1
BAAI/bge-large-en-v1.5,1024,20,38,0.7558625,0.813051388888889,0.8050569444444444,0.8428930555555555,5
BAAI/bge-large-en-v1.5,1024,20,39,0.8070041666666666,0.8444041666666667,0.8619597222222223,0.8662097222222221,20
BAAI/bge-large-en-v1.5,1024,20,40,0.7670736111111112,0.8042930555555555,0.8606236111111111,0.8486958333333332,20
BAAI/bge-large-en-v1.5,1024,20,41,0.7589236111111112,0.8330513888888889,0.7958736111111111,0.8591819444444444,1
BAAI/bge-large-en-v1.5,1024,20,42,0.7530986111111111,0.8013986111111111,0.7876013888888889,0.8212402777777779,20
BAAI/bge-large-en-v1.5,1024,20,43,0.7663819444444444,0.7878236111111111,0.7817791666666667,0.8167236111111111,10
BAAI/bge-large-en-v1.5,1024,20,44,0.7824208333333333,0.8215652777777779,0.8620541666666666,0.8706680555555555,20
BAAI/bge-large-en-v1.5,1024,20,45,0.7601444444444445,0.8143666666666666,0.7739638888888889,0.8502000000000001,3
BAAI/bge-large-en-v1.5,1024,20,46,0.7763361111111111,0.8394833333333332,0.8040722222222222,0.8504999999999999,20
BAAI/bge-large-en-v1.5,1024,20,47,0.7765444444444445,0.8566388888888888,0.8386388888888887,0.842425,1
BAAI/bge-large-en-v1.5,1024,20,48,0.7533125,0.7990097222222222,0.7810597222222222,0.8349013888888889,1
BAAI/bge-large-en-v1.5,1024,20,49,0.7261625,0.7926180555555555,0.7825819444444444,0.7985625,2
BAAI/bge-large-en-v1.5,1024,20,50,0.7365013888888889,0.7973625,0.7566458333333332,0.8068236111111111,2
BAAI/bge-large-en-v1.5,1024,20,51,0.7870777777777778,0.8143972222222222,0.8291472222222223,0.8607777777777779,1
BAAI/bge-large-en-v1.5,1024,20,52,0.7521027777777778,0.8026305555555555,0.7927972222222222,0.8424694444444445,5
BAAI/bge-large-en-v1.5,1024,20,53,0.7741833333333334,0.8432611111111112,0.8376555555555555,0.8530055555555555,1
BAAI/bge-large-en-v1.5,1024,20,54,0.7536013888888888,0.8371541666666666,0.8310402777777778,0.8425708333333334,1
BAAI/bge-large-en-v1.5,1024,20,55,0.759725,0.8364944444444447,0.7997527777777779,0.8573944444444445,3
BAAI/bge-large-en-v1.5,1024,20,56,0.7726388888888889,0.8377333333333334,0.8434833333333334,0.8622694444444443,1
BAAI/bge-large-en-v1.5,1024,20,57,0.7507527777777778,0.824613888888889,0.8372166666666666,0.859786111111111,20
BAAI/bge-large-en-v1.5,1024,20,58,0.7500347222222223,0.8283958333333333,0.8279625,0.849773611111111,5
BAAI/bge-large-en-v1.5,1024,20,59,0.7522458333333334,0.8241388888888889,0.8439666666666666,0.8681444444444444,2
BAAI/bge-large-en-v1.5,1024,20,60,0.7237152777777777,0.7816958333333335,0.7895180555555557,0.7939513888888888,1
BAAI/bge-large-en-v1.5,1024,20,61,0.7434763888888889,0.8522680555555556,0.8593458333333334,0.8682013888888889,1
BAAI/bge-large-en-v1.5,1024,20,62,0.7764972222222223,0.8197138888888889,0.8186972222222222,0.8668805555555554,20
BAAI/bge-large-en-v1.5,1024,20,63,0.7660444444444443,0.8251611111111111,0.813711111111111,0.8502277777777778,20
BAAI/bge-large-en-v1.5,1024,20,64,0.7677472222222221,0.8331583333333332,0.8685611111111111,0.8670472222222223,1
BAAI/bge-large-en-v1.5,1024,20,65,0.7635069444444444,0.834598611111111,0.8218152777777777,0.8408874999999999,1
BAAI/bge-large-en-v1.5,1024,20,66,0.7614097222222223,0.839823611111111,0.8491569444444445,0.8608569444444445,5
BAAI/bge-large-en-v1.5,1024,20,67,0.7466083333333333,0.8124166666666666,0.8207944444444444,0.8409305555555556,5
BAAI/bge-large-en-v1.5,1024,20,68,0.7664333333333333,0.8192777777777778,0.8299777777777777,0.8514416666666667,20
BAAI/bge-large-en-v1.5,1024,20,69,0.7793069444444445,0.8473430555555557,0.8255930555555555,0.8565069444444444,20
BAAI/bge-large-en-v1.5,1024,20,70,0.7792777777777777,0.8447277777777777,0.8298194444444444,0.8536444444444443,2
BAAI/bge-large-en-v1.5,1024,20,71,0.7588847222222221,0.8295708333333334,0.8455652777777778,0.8484152777777778,2
BAAI/bge-large-en-v1.5,1024,20,72,0.7580555555555556,0.8100472222222223,0.8205166666666668,0.8325888888888888,3
BAAI/bge-large-en-v1.5,1024,20,73,0.764086111111111,0.8303333333333334,0.8149083333333333,0.8504972222222222,20
BAAI/bge-large-en-v1.5,1024,20,74,0.7823416666666667,0.8385805555555557,0.8422694444444444,0.8552277777777778,2
BAAI/bge-large-en-v1.5,1024,20,75,0.7641486111111111,0.8117430555555555,0.8185013888888889,0.8571902777777778,1
BAAI/bge-large-en-v1.5,1024,20,76,0.727511111111111,0.8019472222222221,0.7927361111111111,0.8288888888888888,5
BAAI/bge-large-en-v1.5,1024,20,77,0.7581861111111112,0.8265972222222222,0.812375,0.859963888888889,20
BAAI/bge-large-en-v1.5,1024,20,78,0.7750166666666666,0.8414750000000001,0.8214888888888889,0.8625555555555555,1
BAAI/bge-large-en-v1.5,1024,20,79,0.7945249999999999,0.8464777777777777,0.8205944444444444,0.8379638888888888,1
BAAI/bge-large-en-v1.5,1024,20,80,0.7427305555555556,0.7897972222222222,0.80705,0.7909138888888889,1
BAAI/bge-large-en-v1.5,1024,20,81,0.7645708333333334,0.8287069444444446,0.8236541666666668,0.8410486111111113,5
BAAI/bge-large-en-v1.5,1024,20,82,0.7790069444444445,0.8208347222222223,0.8284208333333333,0.8495763888888888,2
BAAI/bge-large-en-v1.5,1024,20,83,0.7779138888888889,0.8104222222222223,0.8170916666666667,0.8690083333333334,1
BAAI/bge-large-en-v1.5,1024,20,84,0.7799472222222222,0.8507305555555555,0.852975,0.8682527777777778,3
BAAI/bge-large-en-v1.5,1024,20,85,0.7478611111111111,0.8070444444444445,0.7990111111111111,0.8530805555555556,20
BAAI/bge-large-en-v1.5,1024,20,86,0.777675,0.8485472222222222,0.8570166666666666,0.8824833333333333,20
BAAI/bge-large-en-v1.5,1024,20,87,0.7487861111111112,0.841413888888889,0.8079000000000001,0.8486750000000001,2
BAAI/bge-large-en-v1.5,1024,20,88,0.7810097222222223,0.8609597222222223,0.8655625,0.8635541666666666,2
BAAI/bge-large-en-v1.5,1024,20,89,0.7654027777777777,0.8477583333333334,0.8332722222222222,0.8707472222222222,3
BAAI/bge-large-en-v1.5,1024,20,90,0.7639430555555555,0.8212152777777778,0.8270819444444444,0.8449847222222222,2
BAAI/bge-large-en-v1.5,1024,20,91,0.7502125,0.8345930555555555,0.8426513888888888,0.8627097222222222,5
BAAI/bge-large-en-v1.5,1024,20,92,0.8153444444444445,0.8529333333333334,0.8601972222222222,0.8651277777777777,10
BAAI/bge-large-en-v1.5,1024,20,93,0.7423930555555556,0.8407930555555556,0.8252458333333332,0.8528458333333332,1
BAAI/bge-large-en-v1.5,1024,20,94,0.7775180555555554,0.8344152777777778,0.8313097222222222,0.8594541666666666,1
BAAI/bge-large-en-v1.5,1024,20,95,0.7814194444444444,0.8542305555555555,0.8522027777777779,0.8650305555555555,2
BAAI/bge-large-en-v1.5,1024,20,96,0.7844555555555557,0.8395527777777778,0.8104083333333334,0.8670555555555556,5
BAAI/bge-large-en-v1.5,1024,20,97,0.7482819444444444,0.8260902777777778,0.8083152777777778,0.846448611111111,1
BAAI/bge-large-en-v1.5,1024,20,98,0.7814527777777779,0.8150166666666667,0.8333138888888889,0.8628055555555556,10
BAAI/bge-large-en-v1.5,1024,20,99,0.7333472222222222,0.8424305555555556,0.8250916666666666,0.8446111111111112,1
BAAI/bge-large-en-v1.5,1024,30,0,0.7609402777777777,0.8404319444444446,0.8571430555555555,0.8704013888888888,2
BAAI/bge-large-en-v1.5,1024,30,1,0.7685333333333333,0.8251055555555556,0.8187583333333333,0.8470111111111112,2
BAAI/bge-large-en-v1.5,1024,30,2,0.7453361111111111,0.8286305555555555,0.8393611111111112,0.8605750000000001,1
BAAI/bge-large-en-v1.5,1024,30,3,0.7741263888888889,0.8066208333333333,0.8098930555555556,0.8596208333333333,30
BAAI/bge-large-en-v1.5,1024,30,4,0.7683694444444444,0.8205944444444444,0.8282027777777778,0.8552611111111111,30
BAAI/bge-large-en-v1.5,1024,30,5,0.780661111111111,0.8473055555555554,0.8502361111111112,0.8680749999999999,1
BAAI/bge-large-en-v1.5,1024,30,6,0.762576388888889,0.8071236111111111,0.823801388888889,0.8360541666666667,20
BAAI/bge-large-en-v1.5,1024,30,7,0.7655736111111112,0.8244958333333334,0.8382875,0.8620097222222223,20
BAAI/bge-large-en-v1.5,1024,30,8,0.7930763888888888,0.8207013888888888,0.822626388888889,0.8514375,30
BAAI/bge-large-en-v1.5,1024,30,9,0.7675597222222222,0.8254069444444445,0.8205097222222222,0.8647069444444444,30
BAAI/bge-large-en-v1.5,1024,30,10,0.7768111111111111,0.8344777777777779,0.846913888888889,0.869311111111111,2
BAAI/bge-large-en-v1.5,1024,30,11,0.775588888888889,0.8266527777777779,0.8144305555555555,0.8733222222222221,5
BAAI/bge-large-en-v1.5,1024,30,12,0.7707083333333333,0.8342277777777778,0.827375,0.8548555555555555,3
BAAI/bge-large-en-v1.5,1024,30,13,0.740073611111111,0.8322097222222221,0.8278430555555556,0.8585402777777776,20
BAAI/bge-large-en-v1.5,1024,30,14,0.7615972222222223,0.8330333333333333,0.8480083333333335,0.8654916666666667,1
BAAI/bge-large-en-v1.5,1024,30,15,0.7479972222222223,0.8260194444444444,0.8365138888888888,0.8662083333333334,5
BAAI/bge-large-en-v1.5,1024,30,16,0.7888513888888888,0.8506902777777778,0.8503624999999999,0.8723430555555555,3
BAAI/bge-large-en-v1.5,1024,30,17,0.7257194444444444,0.8219083333333332,0.8067916666666667,0.8431472222222223,2
BAAI/bge-large-en-v1.5,1024,30,18,0.7843666666666668,0.818775,0.831913888888889,0.8744416666666667,10
BAAI/bge-large-en-v1.5,1024,30,19,0.7332694444444444,0.8284916666666667,0.8278694444444445,0.8491277777777778,3
BAAI/bge-large-en-v1.5,1024,30,20,0.7653819444444444,0.8374152777777777,0.8453736111111111,0.8657847222222221,2
BAAI/bge-large-en-v1.5,1024,30,21,0.7874958333333333,0.8530055555555556,0.8506388888888888,0.8675305555555556,1
BAAI/bge-large-en-v1.5,1024,30,22,0.7604902777777778,0.8194902777777777,0.8099597222222222,0.8678541666666666,5
BAAI/bge-large-en-v1.5,1024,30,23,0.7535791666666667,0.8030708333333334,0.8085347222222221,0.8424930555555556,10
BAAI/bge-large-en-v1.5,1024,30,24,0.7664194444444444,0.8277416666666666,0.8292027777777778,0.8602111111111111,2
BAAI/bge-large-en-v1.5,1024,30,25,0.7597722222222223,0.8311722222222222,0.803088888888889,0.8677027777777778,1
BAAI/bge-large-en-v1.5,1024,30,26,0.735361111111111,0.8157944444444445,0.8154999999999999,0.8565499999999999,1
BAAI/bge-large-en-v1.5,1024,30,27,0.7733555555555556,0.8074472222222223,0.8175555555555556,0.8513722222222223,2
BAAI/bge-large-en-v1.5,1024,30,28,0.7751458333333332,0.8337430555555555,0.8385652777777779,0.8590847222222222,30
BAAI/bge-large-en-v1.5,1024,30,29,0.7706444444444444,0.8174222222222223,0.81385,0.8455111111111111,3
BAAI/bge-large-en-v1.5,1024,30,30,0.7705861111111112,0.830911111111111,0.8238555555555556,0.8578722222222223,3
BAAI/bge-large-en-v1.5,1024,30,31,0.775701388888889,0.8143902777777778,0.7790902777777778,0.8412458333333335,5
BAAI/bge-large-en-v1.5,1024,30,32,0.792225,0.8415013888888889,0.8338986111111112,0.8615513888888887,30
BAAI/bge-large-en-v1.5,1024,30,33,0.7557111111111111,0.7919499999999999,0.8188249999999999,0.8570972222222223,1
BAAI/bge-large-en-v1.5,1024,30,34,0.7621680555555554,0.8339041666666667,0.8380458333333333,0.8441541666666668,3
BAAI/bge-large-en-v1.5,1024,30,35,0.7726208333333333,0.845301388888889,0.8425486111111112,0.8717819444444446,2
BAAI/bge-large-en-v1.5,1024,30,36,0.7814847222222222,0.8356541666666667,0.8320180555555556,0.8591625,2
BAAI/bge-large-en-v1.5,1024,30,37,0.7721083333333334,0.8207083333333334,0.7998805555555556,0.8552027777777778,1
BAAI/bge-large-en-v1.5,1024,30,38,0.7382319444444445,0.7905402777777778,0.7842652777777777,0.8370430555555557,10
BAAI/bge-large-en-v1.5,1024,30,39,0.7971986111111111,0.8388513888888889,0.8531902777777779,0.876840277777778,20
BAAI/bge-large-en-v1.5,1024,30,40,0.7726347222222222,0.8175680555555556,0.8547513888888889,0.8642097222222221,20
BAAI/bge-large-en-v1.5,1024,30,41,0.7675875,0.8234402777777778,0.8195902777777778,0.8630375,1
BAAI/bge-large-en-v1.5,1024,30,42,0.7661791666666667,0.8113930555555555,0.8124930555555555,0.8588430555555556,20
BAAI/bge-large-en-v1.5,1024,30,43,0.7662680555555555,0.8096125000000001,0.8254958333333333,0.8373652777777777,30
BAAI/bge-large-en-v1.5,1024,30,44,0.7850874999999999,0.8299763888888888,0.8593125,0.8912458333333333,5
BAAI/bge-large-en-v1.5,1024,30,45,0.770025,0.8270305555555555,0.8027416666666667,0.8658472222222222,5
BAAI/bge-large-en-v1.5,1024,30,46,0.7685777777777778,0.8333527777777778,0.7973361111111111,0.8562638888888889,30
BAAI/bge-large-en-v1.5,1024,30,47,0.7732138888888889,0.8530333333333333,0.8338527777777778,0.8563805555555556,1
BAAI/bge-large-en-v1.5,1024,30,48,0.7597291666666667,0.8074541666666668,0.7945263888888888,0.8483569444444444,1
BAAI/bge-large-en-v1.5,1024,30,49,0.7222458333333333,0.8043180555555556,0.792873611111111,0.8125680555555557,3
BAAI/bge-large-en-v1.5,1024,30,50,0.7506791666666666,0.8077680555555555,0.7831597222222222,0.8625569444444444,2
BAAI/bge-large-en-v1.5,1024,30,51,0.7689611111111112,0.7890222222222223,0.8155222222222221,0.8576777777777777,1
BAAI/bge-large-en-v1.5,1024,30,52,0.7557972222222221,0.8058805555555555,0.7968277777777778,0.8409916666666667,10
BAAI/bge-large-en-v1.5,1024,30,53,0.7656833333333333,0.8367944444444444,0.8261138888888889,0.8518222222222223,30
BAAI/bge-large-en-v1.5,1024,30,54,0.760476388888889,0.8291402777777778,0.8161458333333335,0.8433069444444444,1
BAAI/bge-large-en-v1.5,1024,30,55,0.7688444444444444,0.8414861111111112,0.8078333333333334,0.8674249999999999,3
BAAI/bge-large-en-v1.5,1024,30,56,0.764875,0.8323638888888889,0.8250277777777777,0.8636666666666666,1
BAAI/bge-large-en-v1.5,1024,30,57,0.7527999999999999,0.8313083333333332,0.8477361111111112,0.857063888888889,30
BAAI/bge-large-en-v1.5,1024,30,58,0.7543819444444445,0.8220430555555556,0.8184819444444444,0.8497402777777777,30
BAAI/bge-large-en-v1.5,1024,30,59,0.7622694444444444,0.8303111111111111,0.8253805555555556,0.8741694444444446,1
BAAI/bge-large-en-v1.5,1024,30,60,0.7466319444444445,0.7933819444444445,0.7976875,0.8436097222222222,30
BAAI/bge-large-en-v1.5,1024,30,61,0.7484277777777777,0.8437819444444445,0.8330652777777778,0.8582597222222221,2
BAAI/bge-large-en-v1.5,1024,30,62,0.7741611111111111,0.8156194444444445,0.816588888888889,0.8719277777777777,30
BAAI/bge-large-en-v1.5,1024,30,63,0.7677166666666667,0.8253999999999999,0.7985361111111111,0.8578555555555555,10
BAAI/bge-large-en-v1.5,1024,30,64,0.7743916666666667,0.8241083333333333,0.8231750000000001,0.8643555555555557,30
BAAI/bge-large-en-v1.5,1024,30,65,0.7629069444444445,0.8327013888888889,0.8183597222222223,0.8426874999999999,2
BAAI/bge-large-en-v1.5,1024,30,66,0.7583680555555556,0.8377402777777778,0.8446513888888889,0.8614930555555556,10
BAAI/bge-large-en-v1.5,1024,30,67,0.7572416666666667,0.8300222222222222,0.8164388888888888,0.8589583333333333,3
BAAI/bge-large-en-v1.5,1024,30,68,0.7672027777777779,0.828711111111111,0.8223,0.8564416666666667,1
BAAI/bge-large-en-v1.5,1024,30,69,0.7732708333333332,0.8458402777777778,0.8469291666666667,0.8671125,30
BAAI/bge-large-en-v1.5,1024,30,70,0.7777472222222221,0.8375222222222223,0.8234805555555555,0.8611722222222221,3
BAAI/bge-large-en-v1.5,1024,30,71,0.7607847222222222,0.8347486111111111,0.8583208333333333,0.8531652777777778,5
BAAI/bge-large-en-v1.5,1024,30,72,0.7607722222222222,0.8122416666666668,0.8264416666666667,0.8512583333333332,2
BAAI/bge-large-en-v1.5,1024,30,73,0.7602333333333332,0.8218833333333333,0.8164527777777779,0.8567166666666667,2
BAAI/bge-large-en-v1.5,1024,30,74,0.7768361111111111,0.8499722222222222,0.849161111111111,0.8697361111111109,5
BAAI/bge-large-en-v1.5,1024,30,75,0.7668402777777776,0.8278041666666668,0.8234625,0.8624152777777778,30
BAAI/bge-large-en-v1.5,1024,30,76,0.7371249999999999,0.8279027777777779,0.8260777777777777,0.8570472222222222,2
BAAI/bge-large-en-v1.5,1024,30,77,0.7690305555555556,0.8382277777777778,0.8207000000000001,0.8746916666666666,30
BAAI/bge-large-en-v1.5,1024,30,78,0.7822916666666667,0.8401861111111111,0.8376250000000001,0.8571805555555555,20
BAAI/bge-large-en-v1.5,1024,30,79,0.7905666666666666,0.828175,0.8184111111111112,0.8461583333333332,10
BAAI/bge-large-en-v1.5,1024,30,80,0.7483000000000001,0.8045666666666665,0.7976388888888888,0.8311111111111111,10
BAAI/bge-large-en-v1.5,1024,30,81,0.7555180555555556,0.8170652777777778,0.7991291666666666,0.8518763888888887,5
BAAI/bge-large-en-v1.5,1024,30,82,0.7767930555555557,0.8109625,0.8230763888888889,0.8616291666666667,3
BAAI/bge-large-en-v1.5,1024,30,83,0.7644,0.8158722222222223,0.8332833333333334,0.8578888888888889,20
BAAI/bge-large-en-v1.5,1024,30,84,0.7822861111111111,0.8295805555555555,0.8568527777777778,0.862561111111111,5
BAAI/bge-large-en-v1.5,1024,30,85,0.7592222222222222,0.8227916666666667,0.837975,0.8765805555555555,5
BAAI/bge-large-en-v1.5,1024,30,86,0.7631388888888889,0.836913888888889,0.852536111111111,0.883286111111111,30
BAAI/bge-large-en-v1.5,1024,30,87,0.7601597222222223,0.8106555555555555,0.802775,0.8594333333333334,20
BAAI/bge-large-en-v1.5,1024,30,88,0.7861569444444444,0.8516430555555555,0.8612041666666667,0.8651569444444445,2
BAAI/bge-large-en-v1.5,1024,30,89,0.7620722222222223,0.8534472222222222,0.8332638888888889,0.8680138888888889,3
BAAI/bge-large-en-v1.5,1024,30,90,0.755151388888889,0.8060041666666666,0.8119652777777778,0.8477680555555556,5
BAAI/bge-large-en-v1.5,1024,30,91,0.758648611111111,0.8264486111111111,0.8478458333333333,0.8680708333333333,3
BAAI/bge-large-en-v1.5,1024,30,92,0.8086972222222222,0.8278972222222222,0.8365749999999998,0.8624555555555555,10
BAAI/bge-large-en-v1.5,1024,30,93,0.7693902777777777,0.8492458333333334,0.8486125,0.8670625000000001,30
BAAI/bge-large-en-v1.5,1024,30,94,0.7847375,0.824051388888889,0.8255680555555556,0.8562236111111111,2
BAAI/bge-large-en-v1.5,1024,30,95,0.7809277777777778,0.8543555555555555,0.8548166666666666,0.8764472222222223,2
BAAI/bge-large-en-v1.5,1024,30,96,0.7808055555555555,0.831713888888889,0.8117333333333333,0.8709805555555555,5
BAAI/bge-large-en-v1.5,1024,30,97,0.7495513888888888,0.8167569444444444,0.8331069444444444,0.8549236111111113,2
BAAI/bge-large-en-v1.5,1024,30,98,0.7713027777777778,0.8413638888888889,0.8431,0.8688916666666667,30
BAAI/bge-large-en-v1.5,1024,30,99,0.7436166666666667,0.8518166666666666,0.8100499999999999,0.8659333333333332,1
BAAI/bge-large-en-v1.5,1024,50,0,0.7652375,0.8277263888888888,0.8292458333333331,0.8773291666666667,40
BAAI/bge-large-en-v1.5,1024,50,1,0.7765083333333334,0.8273805555555556,0.8524444444444444,0.8632722222222223,2
BAAI/bge-large-en-v1.5,1024,50,2,0.7588166666666666,0.8403472222222222,0.8501944444444445,0.8650666666666667,2
BAAI/bge-large-en-v1.5,1024,50,3,0.7748319444444445,0.8208791666666667,0.8299597222222221,0.8648347222222221,40
BAAI/bge-large-en-v1.5,1024,50,4,0.7663444444444445,0.8064694444444445,0.8187111111111112,0.8681777777777778,3
BAAI/bge-large-en-v1.5,1024,50,5,0.7818722222222222,0.8464500000000001,0.8512444444444442,0.8751249999999999,2
BAAI/bge-large-en-v1.5,1024,50,6,0.7609208333333333,0.8131708333333334,0.8102736111111111,0.8483624999999999,30
BAAI/bge-large-en-v1.5,1024,50,7,0.7712236111111112,0.8145597222222223,0.8223375,0.8693458333333334,40
BAAI/bge-large-en-v1.5,1024,50,8,0.7823819444444445,0.8182430555555555,0.8163597222222222,0.857001388888889,40
BAAI/bge-large-en-v1.5,1024,50,9,0.7735291666666667,0.8268569444444444,0.8103430555555555,0.8632486111111111,40
BAAI/bge-large-en-v1.5,1024,50,10,0.7699666666666667,0.8065055555555556,0.8242472222222222,0.8786277777777779,40
BAAI/bge-large-en-v1.5,1024,50,11,0.7649861111111111,0.8200027777777777,0.8240416666666668,0.8750388888888888,5
BAAI/bge-large-en-v1.5,1024,50,12,0.7686611111111111,0.8104083333333333,0.8245583333333333,0.8577111111111112,1
BAAI/bge-large-en-v1.5,1024,50,13,0.7479319444444444,0.8248347222222222,0.8336347222222222,0.8691319444444444,5
BAAI/bge-large-en-v1.5,1024,50,14,0.7674152777777777,0.8335138888888889,0.8517555555555556,0.871625,40
BAAI/bge-large-en-v1.5,1024,50,15,0.7485527777777778,0.8144833333333333,0.8354333333333334,0.8641444444444446,5
BAAI/bge-large-en-v1.5,1024,50,16,0.7777625,0.837673611111111,0.8347680555555557,0.8782458333333334,3
BAAI/bge-large-en-v1.5,1024,50,17,0.7301333333333333,0.8081416666666666,0.8103277777777778,0.8550111111111112,2
BAAI/bge-large-en-v1.5,1024,50,18,0.7789444444444446,0.8359444444444446,0.8365861111111113,0.8664694444444445,30
BAAI/bge-large-en-v1.5,1024,50,19,0.7547222222222223,0.8137694444444444,0.8099694444444444,0.8698388888888889,3
BAAI/bge-large-en-v1.5,1024,50,20,0.7675319444444444,0.8414347222222223,0.8465791666666667,0.8819430555555555,20
BAAI/bge-large-en-v1.5,1024,50,21,0.7811,0.8389722222222222,0.8433527777777777,0.8684138888888888,3
BAAI/bge-large-en-v1.5,1024,50,22,0.7623986111111112,0.8228708333333334,0.8322624999999999,0.8712125,1
BAAI/bge-large-en-v1.5,1024,50,23,0.7554263888888888,0.8074819444444444,0.8072375,0.8450013888888889,2
BAAI/bge-large-en-v1.5,1024,50,24,0.7701388888888889,0.8350222222222223,0.8507666666666666,0.8687694444444445,30
BAAI/bge-large-en-v1.5,1024,50,25,0.7592388888888889,0.8038555555555555,0.8183361111111112,0.8776944444444443,2
BAAI/bge-large-en-v1.5,1024,50,26,0.7500694444444445,0.8063805555555555,0.8040611111111111,0.8721666666666668,5
BAAI/bge-large-en-v1.5,1024,50,27,0.7823555555555555,0.8085861111111111,0.8032750000000001,0.8636861111111112,2
BAAI/bge-large-en-v1.5,1024,50,28,0.7720347222222221,0.8319430555555557,0.836526388888889,0.8656319444444444,2
BAAI/bge-large-en-v1.5,1024,50,29,0.7752166666666667,0.8293472222222222,0.810625,0.8510277777777777,40
BAAI/bge-large-en-v1.5,1024,50,30,0.7690472222222222,0.8318194444444446,0.8206277777777777,0.8618666666666667,3
BAAI/bge-large-en-v1.5,1024,50,31,0.7717847222222223,0.8036625,0.8030597222222222,0.8538069444444446,10
BAAI/bge-large-en-v1.5,1024,50,32,0.7875819444444445,0.8250625,0.8219347222222223,0.8641930555555555,10
BAAI/bge-large-en-v1.5,1024,50,33,0.7698777777777777,0.8179027777777779,0.8107027777777778,0.8622861111111111,30
BAAI/bge-large-en-v1.5,1024,50,34,0.7530097222222222,0.8235347222222222,0.829873611111111,0.8532069444444444,5
BAAI/bge-large-en-v1.5,1024,50,35,0.7669819444444443,0.8197847222222223,0.8374819444444443,0.8703708333333333,3
BAAI/bge-large-en-v1.5,1024,50,36,0.7866402777777777,0.8224041666666666,0.8339069444444446,0.8640263888888889,40
BAAI/bge-large-en-v1.5,1024,50,37,0.7736722222222222,0.827088888888889,0.8140805555555555,0.87085,1
BAAI/bge-large-en-v1.5,1024,50,38,0.7431069444444445,0.7763402777777779,0.7863486111111111,0.8456902777777778,10
BAAI/bge-large-en-v1.5,1024,50,39,0.7926041666666668,0.8335236111111112,0.8555402777777776,0.8785763888888889,40
BAAI/bge-large-en-v1.5,1024,50,40,0.7751361111111111,0.8319069444444445,0.8470236111111111,0.8725708333333333,5
BAAI/bge-large-en-v1.5,1024,50,41,0.7652402777777778,0.8004708333333332,0.8101791666666667,0.8612402777777777,1
BAAI/bge-large-en-v1.5,1024,50,42,0.7747180555555556,0.8284513888888889,0.8328180555555555,0.8705680555555556,40
BAAI/bge-large-en-v1.5,1024,50,43,0.7695708333333334,0.8228263888888889,0.8234819444444444,0.8558069444444445,20
BAAI/bge-large-en-v1.5,1024,50,44,0.7780833333333332,0.8193374999999999,0.8499930555555555,0.8865041666666666,40
BAAI/bge-large-en-v1.5,1024,50,45,0.7714861111111111,0.835725,0.8069972222222223,0.8679944444444445,5
BAAI/bge-large-en-v1.5,1024,50,46,0.7729472222222222,0.8405388888888888,0.8211694444444444,0.8652416666666666,40
BAAI/bge-large-en-v1.5,1024,50,47,0.7833361111111111,0.8472625,0.829013888888889,0.868025,3
BAAI/bge-large-en-v1.5,1024,50,48,0.7552958333333335,0.8160902777777778,0.8242930555555554,0.8671069444444444,40
BAAI/bge-large-en-v1.5,1024,50,49,0.7424902777777778,0.8290624999999999,0.8243736111111111,0.8565819444444445,2
BAAI/bge-large-en-v1.5,1024,50,50,0.7500597222222223,0.8094375,0.8127236111111111,0.8647819444444445,10
BAAI/bge-large-en-v1.5,1024,50,51,0.7690888888888888,0.8046638888888888,0.8382194444444444,0.8736,5
BAAI/bge-large-en-v1.5,1024,50,52,0.7631638888888889,0.8140083333333333,0.8067361111111111,0.8666388888888888,5
BAAI/bge-large-en-v1.5,1024,50,53,0.7671791666666666,0.833,0.8217722222222221,0.8626527777777777,40
BAAI/bge-large-en-v1.5,1024,50,54,0.7603347222222223,0.8302208333333334,0.8208180555555554,0.8566819444444445,40
BAAI/bge-large-en-v1.5,1024,50,55,0.7738944444444444,0.8080166666666666,0.7943638888888889,0.8686527777777777,40
BAAI/bge-large-en-v1.5,1024,50,56,0.7664694444444445,0.8379333333333334,0.8426833333333332,0.8662999999999998,40
BAAI/bge-large-en-v1.5,1024,50,57,0.759886111111111,0.838586111111111,0.8316277777777779,0.8694972222222223,40
BAAI/bge-large-en-v1.5,1024,50,58,0.7601930555555556,0.8162819444444445,0.8265791666666666,0.8582763888888888,30
BAAI/bge-large-en-v1.5,1024,50,59,0.7629138888888889,0.8151583333333334,0.8410666666666666,0.8790416666666666,20
BAAI/bge-large-en-v1.5,1024,50,60,0.7557124999999999,0.8133097222222222,0.8344375,0.8652013888888889,40
BAAI/bge-large-en-v1.5,1024,50,61,0.7532625000000001,0.8251486111111112,0.8251347222222222,0.8531791666666666,5
BAAI/bge-large-en-v1.5,1024,50,62,0.775,0.8141305555555556,0.8139972222222221,0.87885,30
BAAI/bge-large-en-v1.5,1024,50,63,0.7600444444444445,0.8058805555555557,0.8049944444444445,0.8481611111111113,5
BAAI/bge-large-en-v1.5,1024,50,64,0.7711916666666667,0.818361111111111,0.8109027777777779,0.8689361111111112,5
BAAI/bge-large-en-v1.5,1024,50,65,0.7626763888888889,0.8241430555555556,0.8313680555555556,0.8573958333333334,40
BAAI/bge-large-en-v1.5,1024,50,66,0.762548611111111,0.8319875,0.8423125,0.8685125,40
BAAI/bge-large-en-v1.5,1024,50,67,0.7711249999999998,0.8216361111111111,0.8420138888888888,0.8746027777777778,3
BAAI/bge-large-en-v1.5,1024,50,68,0.7696194444444444,0.8233833333333334,0.8297722222222221,0.8627333333333334,40
BAAI/bge-large-en-v1.5,1024,50,69,0.7834958333333335,0.8440541666666667,0.8410680555555555,0.8694763888888889,40
BAAI/bge-large-en-v1.5,1024,50,70,0.7747,0.8325111111111111,0.8365833333333335,0.8707972222222222,5
BAAI/bge-large-en-v1.5,1024,50,71,0.755073611111111,0.8294847222222222,0.8389208333333333,0.8496208333333333,40
BAAI/bge-large-en-v1.5,1024,50,72,0.7572527777777778,0.8262694444444445,0.8319555555555556,0.8577694444444444,40
BAAI/bge-large-en-v1.5,1024,50,73,0.7605527777777777,0.8114722222222222,0.8236305555555555,0.86565,30
BAAI/bge-large-en-v1.5,1024,50,74,0.7766861111111111,0.8368749999999998,0.8393972222222222,0.8832527777777777,5
BAAI/bge-large-en-v1.5,1024,50,75,0.7689125,0.8258597222222221,0.8247208333333333,0.8702625,30
BAAI/bge-large-en-v1.5,1024,50,76,0.7607194444444444,0.8365083333333333,0.8517777777777779,0.8788638888888889,20
BAAI/bge-large-en-v1.5,1024,50,77,0.7671305555555555,0.8351638888888888,0.8308500000000001,0.8759805555555555,40
BAAI/bge-large-en-v1.5,1024,50,78,0.7735416666666667,0.8287027777777778,0.8315388888888888,0.8584805555555556,40
BAAI/bge-large-en-v1.5,1024,50,79,0.7897527777777779,0.8226388888888889,0.8304416666666666,0.857688888888889,20
BAAI/bge-large-en-v1.5,1024,50,80,0.7589236111111111,0.8031194444444445,0.8237027777777778,0.8502444444444444,1
BAAI/bge-large-en-v1.5,1024,50,81,0.7621013888888889,0.8172347222222223,0.8196736111111113,0.8617569444444444,10
BAAI/bge-large-en-v1.5,1024,50,82,0.7717013888888888,0.8233069444444444,0.8260180555555555,0.8625347222222223,3
BAAI/bge-large-en-v1.5,1024,50,83,0.7669722222222223,0.8079999999999999,0.8265027777777777,0.873675,10
BAAI/bge-large-en-v1.5,1024,50,84,0.7630611111111111,0.8156194444444445,0.831736111111111,0.8659249999999998,10
BAAI/bge-large-en-v1.5,1024,50,85,0.7584472222222223,0.8090333333333334,0.8248222222222221,0.875875,20
BAAI/bge-large-en-v1.5,1024,50,86,0.7648944444444443,0.8359861111111111,0.8373444444444444,0.8853722222222222,40
BAAI/bge-large-en-v1.5,1024,50,87,0.7646694444444444,0.8327555555555555,0.8156916666666667,0.8668972222222222,40
BAAI/bge-large-en-v1.5,1024,50,88,0.7881291666666668,0.8477486111111112,0.8549513888888889,0.8633652777777778,2
BAAI/bge-large-en-v1.5,1024,50,89,0.7815916666666667,0.8437138888888891,0.8321916666666667,0.8819444444444444,5
BAAI/bge-large-en-v1.5,1024,50,90,0.7578041666666667,0.8090569444444444,0.8025791666666667,0.8609097222222223,3
BAAI/bge-large-en-v1.5,1024,50,91,0.7553180555555555,0.8252763888888889,0.8346374999999999,0.8851819444444444,5
BAAI/bge-large-en-v1.5,1024,50,92,0.8042416666666666,0.8234055555555555,0.8406972222222222,0.8664611111111111,40
BAAI/bge-large-en-v1.5,1024,50,93,0.7750180555555557,0.8528569444444444,0.8648180555555557,0.8812625,20
BAAI/bge-large-en-v1.5,1024,50,94,0.7687319444444445,0.8272875000000001,0.8435041666666667,0.8663069444444444,2
BAAI/bge-large-en-v1.5,1024,50,95,0.7721319444444444,0.8450833333333333,0.851025,0.8782027777777778,2
BAAI/bge-large-en-v1.5,1024,50,96,0.7848555555555555,0.8388416666666667,0.8368972222222222,0.8775888888888889,5
BAAI/bge-large-en-v1.5,1024,50,97,0.7606347222222223,0.8254791666666668,0.8461736111111112,0.8625708333333333,40
BAAI/bge-large-en-v1.5,1024,50,98,0.7750458333333334,0.839175,0.8472944444444446,0.872886111111111,40
BAAI/bge-large-en-v1.5,1024,50,99,0.7608861111111112,0.8320166666666666,0.8090555555555555,0.8757861111111112,30
BAAI/bge-large-en-v1.5,1024,75,0,0.7628208333333333,0.8311319444444445,0.8331680555555556,0.8789597222222222,30
BAAI/bge-large-en-v1.5,1024,75,1,0.7774805555555555,0.8391138888888889,0.8541138888888888,0.8765972222222222,40
BAAI/bge-large-en-v1.5,1024,75,2,0.7554027777777779,0.8285527777777779,0.8462083333333335,0.8649722222222221,10
BAAI/bge-large-en-v1.5,1024,75,3,0.7700097222222222,0.8165152777777779,0.8320680555555555,0.8664847222222223,10
BAAI/bge-large-en-v1.5,1024,75,4,0.7634027777777778,0.8127083333333334,0.8360222222222222,0.8688222222222222,40
BAAI/bge-large-en-v1.5,1024,75,5,0.777986111111111,0.8356555555555556,0.8500444444444444,0.8801916666666667,2
BAAI/bge-large-en-v1.5,1024,75,6,0.7689791666666667,0.8130208333333333,0.8215930555555556,0.8580708333333333,40
BAAI/bge-large-en-v1.5,1024,75,7,0.7650013888888889,0.8209430555555555,0.8140569444444444,0.8676069444444444,40
BAAI/bge-large-en-v1.5,1024,75,8,0.7825958333333335,0.8326125000000001,0.8238986111111111,0.8700652777777778,40
BAAI/bge-large-en-v1.5,1024,75,9,0.7676486111111112,0.8235958333333333,0.8178763888888889,0.866726388888889,40
BAAI/bge-large-en-v1.5,1024,75,10,0.7723847222222222,0.8101138888888888,0.8415555555555556,0.8816444444444446,40
BAAI/bge-large-en-v1.5,1024,75,11,0.7645138888888889,0.820413888888889,0.8383055555555556,0.8821111111111111,40
BAAI/bge-large-en-v1.5,1024,75,12,0.7710444444444444,0.8336277777777779,0.8413611111111111,0.8657944444444444,40
BAAI/bge-large-en-v1.5,1024,75,13,0.7520513888888888,0.8299152777777778,0.8440569444444443,0.8728375000000002,40
BAAI/bge-large-en-v1.5,1024,75,14,0.7671833333333333,0.8355111111111111,0.8428138888888889,0.8727916666666666,40
BAAI/bge-large-en-v1.5,1024,75,15,0.7494527777777777,0.8021611111111112,0.8392833333333334,0.8677638888888889,5
BAAI/bge-large-en-v1.5,1024,75,16,0.7832402777777778,0.8362875000000001,0.8255458333333333,0.8823402777777778,10
BAAI/bge-large-en-v1.5,1024,75,17,0.7473222222222222,0.8255388888888889,0.831938888888889,0.8668555555555555,40
BAAI/bge-large-en-v1.5,1024,75,18,0.7750972222222222,0.8357888888888889,0.8459277777777777,0.8727444444444445,30
BAAI/bge-large-en-v1.5,1024,75,19,0.7561027777777778,0.8164388888888889,0.817525,0.8742111111111112,2
BAAI/bge-large-en-v1.5,1024,75,20,0.7702569444444444,0.8294236111111111,0.8373013888888888,0.8788319444444446,40
BAAI/bge-large-en-v1.5,1024,75,21,0.775511111111111,0.8265055555555555,0.8228638888888888,0.8713388888888889,5
BAAI/bge-large-en-v1.5,1024,75,22,0.7604124999999999,0.8224319444444445,0.8480041666666667,0.8705013888888888,3
BAAI/bge-large-en-v1.5,1024,75,23,0.7520097222222223,0.8002263888888889,0.8067875,0.8451569444444443,30
BAAI/bge-large-en-v1.5,1024,75,24,0.7679861111111111,0.8392194444444445,0.8594694444444444,0.8683,20
BAAI/bge-large-en-v1.5,1024,75,25,0.7654472222222222,0.7898638888888889,0.8314194444444445,0.8771833333333333,2
BAAI/bge-large-en-v1.5,1024,75,26,0.7553166666666666,0.8204388888888889,0.8138638888888889,0.8798305555555556,2
BAAI/bge-large-en-v1.5,1024,75,27,0.7812861111111111,0.8009444444444445,0.8199,0.8642777777777778,5
BAAI/bge-large-en-v1.5,1024,75,28,0.7720125000000001,0.8375347222222222,0.8492263888888889,0.8671208333333335,40
BAAI/bge-large-en-v1.5,1024,75,29,0.7779111111111111,0.8356583333333334,0.8330111111111111,0.8656833333333334,30
BAAI/bge-large-en-v1.5,1024,75,30,0.7708111111111111,0.8173611111111112,0.825925,0.8672194444444444,2
BAAI/bge-large-en-v1.5,1024,75,31,0.7696652777777778,0.8048597222222222,0.8280791666666667,0.8623902777777777,10
BAAI/bge-large-en-v1.5,1024,75,32,0.7883347222222222,0.8353180555555556,0.8416652777777778,0.8714236111111111,10
BAAI/bge-large-en-v1.5,1024,75,33,0.764475,0.8288305555555556,0.8429083333333334,0.8746833333333333,30
BAAI/bge-large-en-v1.5,1024,75,34,0.7636708333333334,0.8163152777777778,0.8363125,0.8624875,40
BAAI/bge-large-en-v1.5,1024,75,35,0.7641819444444444,0.807001388888889,0.8347374999999999,0.8727291666666666,40
BAAI/bge-large-en-v1.5,1024,75,36,0.7851652777777778,0.8314319444444445,0.8494041666666667,0.8713263888888889,40
BAAI/bge-large-en-v1.5,1024,75,37,0.77885,0.8297027777777779,0.8226361111111111,0.8731722222222222,40
BAAI/bge-large-en-v1.5,1024,75,38,0.7529097222222222,0.8056791666666666,0.8174486111111112,0.8733597222222221,10
BAAI/bge-large-en-v1.5,1024,75,39,0.7910097222222222,0.8305069444444445,0.846726388888889,0.8771847222222222,40
BAAI/bge-large-en-v1.5,1024,75,40,0.7737180555555556,0.8342708333333334,0.8516208333333335,0.8711874999999999,30
BAAI/bge-large-en-v1.5,1024,75,41,0.7625708333333333,0.8003430555555554,0.8097930555555557,0.8688041666666667,5
BAAI/bge-large-en-v1.5,1024,75,42,0.7823291666666667,0.8338791666666666,0.8496597222222222,0.8780736111111112,40
BAAI/bge-large-en-v1.5,1024,75,43,0.7695513888888889,0.8173458333333332,0.8334402777777777,0.8675041666666667,30
BAAI/bge-large-en-v1.5,1024,75,44,0.7735958333333333,0.8275263888888889,0.8526902777777777,0.8890513888888889,40
BAAI/bge-large-en-v1.5,1024,75,45,0.768811111111111,0.8400555555555556,0.8220527777777777,0.8707333333333334,40
BAAI/bge-large-en-v1.5,1024,75,46,0.7782194444444445,0.8353277777777777,0.8117722222222222,0.8719583333333334,40
BAAI/bge-large-en-v1.5,1024,75,47,0.7843777777777778,0.8487138888888889,0.8087083333333334,0.8782194444444444,30
BAAI/bge-large-en-v1.5,1024,75,48,0.758798611111111,0.8095625000000001,0.8382708333333333,0.8707597222222222,2
BAAI/bge-large-en-v1.5,1024,75,49,0.7504347222222223,0.8177652777777777,0.8417319444444444,0.8736402777777776,2
BAAI/bge-large-en-v1.5,1024,75,50,0.7500152777777778,0.8107291666666666,0.8120069444444444,0.8657541666666666,40
BAAI/bge-large-en-v1.5,1024,75,51,0.7719083333333334,0.8325305555555556,0.8270722222222221,0.8781416666666668,10
BAAI/bge-large-en-v1.5,1024,75,52,0.7646972222222224,0.8217583333333335,0.8204138888888889,0.8715027777777777,40
BAAI/bge-large-en-v1.5,1024,75,53,0.7707527777777778,0.8349555555555556,0.8303194444444445,0.8671666666666666,20
BAAI/bge-large-en-v1.5,1024,75,54,0.7551513888888888,0.8196597222222222,0.8230652777777776,0.8630347222222222,40
BAAI/bge-large-en-v1.5,1024,75,55,0.7747555555555556,0.8150305555555555,0.8188361111111111,0.8707138888888889,30
BAAI/bge-large-en-v1.5,1024,75,56,0.7629583333333334,0.83015,0.8366166666666667,0.8679250000000001,20
BAAI/bge-large-en-v1.5,1024,75,57,0.7641055555555555,0.8316472222222222,0.8422999999999999,0.8783583333333334,40
BAAI/bge-large-en-v1.5,1024,75,58,0.7612069444444445,0.8329902777777778,0.8401680555555556,0.8704541666666668,40
BAAI/bge-large-en-v1.5,1024,75,59,0.7643083333333334,0.8093361111111111,0.8394416666666666,0.8778083333333332,20
BAAI/bge-large-en-v1.5,1024,75,60,0.7596625,0.8133263888888889,0.836526388888889,0.8730569444444445,40
BAAI/bge-large-en-v1.5,1024,75,61,0.7593680555555555,0.8308208333333333,0.8391069444444444,0.8611319444444444,40
BAAI/bge-large-en-v1.5,1024,75,62,0.7790527777777778,0.8266972222222222,0.828338888888889,0.8853694444444444,40
BAAI/bge-large-en-v1.5,1024,75,63,0.7675750000000001,0.8067972222222222,0.812675,0.8642472222222223,40
BAAI/bge-large-en-v1.5,1024,75,64,0.7713,0.8216,0.8228361111111112,0.8772277777777778,40
BAAI/bge-large-en-v1.5,1024,75,65,0.7622041666666666,0.8240291666666667,0.8374874999999999,0.8665347222222222,40
BAAI/bge-large-en-v1.5,1024,75,66,0.7632847222222221,0.8420763888888888,0.8523152777777778,0.8739930555555555,40
BAAI/bge-large-en-v1.5,1024,75,67,0.7763416666666667,0.8357194444444445,0.8424333333333334,0.8791722222222222,40
BAAI/bge-large-en-v1.5,1024,75,68,0.7619152777777778,0.8259083333333332,0.8289583333333332,0.865275,40
BAAI/bge-large-en-v1.5,1024,75,69,0.7896263888888888,0.8435569444444445,0.8466541666666667,0.8712374999999999,40
BAAI/bge-large-en-v1.5,1024,75,70,0.7729166666666667,0.8310972222222223,0.8282944444444444,0.8722861111111111,5
BAAI/bge-large-en-v1.5,1024,75,71,0.7580402777777777,0.8132097222222223,0.8211791666666666,0.8572597222222222,40
BAAI/bge-large-en-v1.5,1024,75,72,0.7552194444444444,0.8315083333333333,0.8360888888888889,0.8688305555555556,40
BAAI/bge-large-en-v1.5,1024,75,73,0.7631694444444445,0.820225,0.8419666666666668,0.8708888888888889,30
BAAI/bge-large-en-v1.5,1024,75,74,0.7737166666666667,0.843288888888889,0.8285777777777779,0.8812611111111112,40
BAAI/bge-large-en-v1.5,1024,75,75,0.7648652777777778,0.8269569444444445,0.8266291666666667,0.8694680555555556,40
BAAI/bge-large-en-v1.5,1024,75,76,0.7667722222222222,0.8466083333333333,0.8690805555555555,0.8808500000000001,30
BAAI/bge-large-en-v1.5,1024,75,77,0.7667138888888889,0.8365708333333332,0.8377027777777777,0.8790666666666667,30
BAAI/bge-large-en-v1.5,1024,75,78,0.7751444444444444,0.8421750000000001,0.840438888888889,0.8691,40
BAAI/bge-large-en-v1.5,1024,75,79,0.7848916666666668,0.8242944444444444,0.8368305555555555,0.8635166666666666,20
BAAI/bge-large-en-v1.5,1024,75,80,0.750263888888889,0.8114666666666668,0.8137055555555557,0.8592444444444445,40
BAAI/bge-large-en-v1.5,1024,75,81,0.7621736111111111,0.8145069444444445,0.8104680555555555,0.8622458333333334,40
BAAI/bge-large-en-v1.5,1024,75,82,0.7647458333333332,0.8199541666666667,0.8424597222222223,0.8721625,5
BAAI/bge-large-en-v1.5,1024,75,83,0.761311111111111,0.8191416666666667,0.833661111111111,0.8763027777777779,20
BAAI/bge-large-en-v1.5,1024,75,84,0.7629055555555555,0.8152166666666667,0.8237749999999999,0.8677388888888887,40
BAAI/bge-large-en-v1.5,1024,75,85,0.763225,0.7992944444444444,0.8440916666666667,0.8861416666666666,5
BAAI/bge-large-en-v1.5,1024,75,86,0.7629833333333333,0.8236833333333333,0.8579555555555556,0.8928,40
BAAI/bge-large-en-v1.5,1024,75,87,0.7644583333333334,0.8307583333333334,0.8297249999999999,0.8720777777777777,40
BAAI/bge-large-en-v1.5,1024,75,88,0.7901625000000001,0.8365291666666667,0.8420208333333333,0.8708986111111112,2
BAAI/bge-large-en-v1.5,1024,75,89,0.7771138888888889,0.8399222222222222,0.8225222222222222,0.8831111111111112,5
BAAI/bge-large-en-v1.5,1024,75,90,0.7585680555555556,0.8197847222222223,0.8158736111111111,0.8611319444444444,40
BAAI/bge-large-en-v1.5,1024,75,91,0.7564625,0.8033347222222222,0.8096597222222223,0.8812041666666666,3
BAAI/bge-large-en-v1.5,1024,75,92,0.8034666666666668,0.8256611111111112,0.8390055555555556,0.8726333333333333,40
BAAI/bge-large-en-v1.5,1024,75,93,0.7695680555555555,0.8345347222222221,0.8454125000000001,0.8768458333333333,40
BAAI/bge-large-en-v1.5,1024,75,94,0.7644041666666667,0.8298152777777777,0.8439069444444444,0.8673986111111112,20
BAAI/bge-large-en-v1.5,1024,75,95,0.7638722222222223,0.8447138888888889,0.8436305555555557,0.8810055555555555,2
BAAI/bge-large-en-v1.5,1024,75,96,0.7818361111111112,0.8146277777777777,0.8408527777777778,0.8794138888888888,5
BAAI/bge-large-en-v1.5,1024,75,97,0.7656000000000001,0.8293930555555555,0.8379152777777779,0.8647069444444444,40
BAAI/bge-large-en-v1.5,1024,75,98,0.7726555555555555,0.8406555555555555,0.8527472222222221,0.8711527777777779,40
BAAI/bge-large-en-v1.5,1024,75,99,0.7601249999999999,0.8251777777777778,0.8087444444444445,0.8826722222222222,20
BAAI/bge-large-en-v1.5,1024,100,0,0.7654319444444444,0.8390819444444444,0.8406430555555555,0.8808152777777778,40
BAAI/bge-large-en-v1.5,1024,100,1,0.7776861111111111,0.8369805555555556,0.8596611111111111,0.8704805555555556,40
BAAI/bge-large-en-v1.5,1024,100,2,0.7580833333333334,0.8366222222222222,0.8470805555555556,0.868163888888889,40
BAAI/bge-large-en-v1.5,1024,100,3,0.7684111111111112,0.8172069444444445,0.8457069444444445,0.8685819444444445,10
BAAI/bge-large-en-v1.5,1024,100,4,0.7658055555555556,0.8075527777777778,0.8459444444444445,0.8719000000000001,20
BAAI/bge-large-en-v1.5,1024,100,5,0.7747666666666667,0.8444166666666667,0.8582666666666667,0.8849333333333335,40
BAAI/bge-large-en-v1.5,1024,100,6,0.7718,0.8199430555555556,0.8330069444444443,0.865173611111111,40
BAAI/bge-large-en-v1.5,1024,100,7,0.7637625000000001,0.8134013888888889,0.8412458333333335,0.8708152777777778,30
BAAI/bge-large-en-v1.5,1024,100,8,0.77715,0.8185125,0.8466013888888888,0.8740708333333334,40
BAAI/bge-large-en-v1.5,1024,100,9,0.7606569444444444,0.8257319444444444,0.8318791666666666,0.870123611111111,40
BAAI/bge-large-en-v1.5,1024,100,10,0.7768055555555555,0.8176222222222223,0.8401666666666667,0.8818888888888889,40
BAAI/bge-large-en-v1.5,1024,100,11,0.7651791666666666,0.8272111111111111,0.8455666666666667,0.8869722222222223,20
BAAI/bge-large-en-v1.5,1024,100,12,0.7710916666666667,0.8254861111111109,0.8356916666666667,0.8674611111111112,3
BAAI/bge-large-en-v1.5,1024,100,13,0.7625402777777778,0.8385875,0.8465763888888889,0.8764625,40
BAAI/bge-large-en-v1.5,1024,100,14,0.76445,0.8342694444444445,0.8553972222222223,0.8723611111111111,40
BAAI/bge-large-en-v1.5,1024,100,15,0.7505055555555554,0.8072333333333332,0.8429388888888888,0.8722416666666666,5
BAAI/bge-large-en-v1.5,1024,100,16,0.7821375,0.8341986111111112,0.8322125,0.8845236111111111,40
BAAI/bge-large-en-v1.5,1024,100,17,0.7429611111111112,0.8234916666666667,0.8359527777777779,0.8702666666666667,30
BAAI/bge-large-en-v1.5,1024,100,18,0.7780333333333334,0.8343027777777778,0.8444944444444444,0.8743944444444444,40
BAAI/bge-large-en-v1.5,1024,100,19,0.7580305555555555,0.8330111111111111,0.8419916666666667,0.8763805555555556,40
BAAI/bge-large-en-v1.5,1024,100,20,0.7710374999999999,0.8297097222222223,0.8454041666666666,0.8803180555555555,40
BAAI/bge-large-en-v1.5,1024,100,21,0.7776208333333334,0.8257694444444444,0.8433527777777776,0.8691861111111111,20
BAAI/bge-large-en-v1.5,1024,100,22,0.7629930555555556,0.8247652777777776,0.8554236111111111,0.8721597222222222,5
BAAI/bge-large-en-v1.5,1024,100,23,0.7540680555555556,0.7954458333333333,0.8043152777777778,0.8489902777777778,5
BAAI/bge-large-en-v1.5,1024,100,24,0.7667388888888889,0.8349666666666666,0.8494638888888889,0.8683722222222221,30
BAAI/bge-large-en-v1.5,1024,100,25,0.7678055555555555,0.7921194444444444,0.8402055555555556,0.8802444444444445,2
BAAI/bge-large-en-v1.5,1024,100,26,0.7601111111111112,0.8107027777777777,0.8332666666666666,0.8796555555555555,5
BAAI/bge-large-en-v1.5,1024,100,27,0.7830111111111111,0.8104888888888889,0.8245944444444444,0.8716194444444445,10
BAAI/bge-large-en-v1.5,1024,100,28,0.7686236111111111,0.8373902777777777,0.8459097222222222,0.8705847222222223,40
BAAI/bge-large-en-v1.5,1024,100,29,0.7757805555555556,0.8425027777777778,0.8366972222222222,0.8662916666666667,40
BAAI/bge-large-en-v1.5,1024,100,30,0.7707472222222223,0.8095027777777778,0.838325,0.8706694444444444,2
BAAI/bge-large-en-v1.5,1024,100,31,0.7721013888888888,0.8068125,0.8228347222222222,0.8689402777777776,10
BAAI/bge-large-en-v1.5,1024,100,32,0.7842041666666666,0.8350486111111111,0.8468347222222222,0.8780541666666666,10
BAAI/bge-large-en-v1.5,1024,100,33,0.7605194444444444,0.8262138888888888,0.8436805555555555,0.8798611111111111,40
BAAI/bge-large-en-v1.5,1024,100,34,0.7647013888888889,0.8207486111111112,0.8401180555555556,0.8642736111111111,40
BAAI/bge-large-en-v1.5,1024,100,35,0.7656263888888888,0.7989569444444444,0.8331069444444443,0.8724791666666666,40
BAAI/bge-large-en-v1.5,1024,100,36,0.7820458333333333,0.8359625000000002,0.8549958333333333,0.8733958333333333,40
BAAI/bge-large-en-v1.5,1024,100,37,0.7755333333333333,0.8303333333333333,0.8360777777777778,0.8776638888888889,40
BAAI/bge-large-en-v1.5,1024,100,38,0.7540569444444445,0.8163819444444445,0.8337986111111111,0.8697708333333333,10
BAAI/bge-large-en-v1.5,1024,100,39,0.7893069444444444,0.8210819444444445,0.8452375,0.8793875000000001,40
BAAI/bge-large-en-v1.5,1024,100,40,0.7716652777777777,0.8267763888888888,0.8454847222222224,0.8793291666666667,20
BAAI/bge-large-en-v1.5,1024,100,41,0.7710527777777777,0.8135430555555555,0.8434902777777777,0.8774208333333333,5
BAAI/bge-large-en-v1.5,1024,100,42,0.7743402777777779,0.8241597222222223,0.8471652777777777,0.8752375000000001,40
BAAI/bge-large-en-v1.5,1024,100,43,0.7747597222222222,0.8268791666666666,0.8426597222222221,0.8722875,30
BAAI/bge-large-en-v1.5,1024,100,44,0.7695819444444445,0.8173291666666667,0.8428625000000001,0.8915708333333334,20
BAAI/bge-large-en-v1.5,1024,100,45,0.7660111111111111,0.8292416666666667,0.8227833333333334,0.8679833333333333,40
BAAI/bge-large-en-v1.5,1024,100,46,0.7800416666666665,0.8381638888888888,0.8354166666666667,0.8763805555555556,40
BAAI/bge-large-en-v1.5,1024,100,47,0.7825305555555556,0.839375,0.8498555555555555,0.8796833333333334,40
BAAI/bge-large-en-v1.5,1024,100,48,0.7618013888888888,0.8033069444444444,0.8362125,0.8696680555555556,2
BAAI/bge-large-en-v1.5,1024,100,49,0.7572791666666667,0.8212958333333333,0.8390375,0.8783624999999999,40
BAAI/bge-large-en-v1.5,1024,100,50,0.7487125,0.8150541666666666,0.8238513888888889,0.8711152777777778,30
BAAI/bge-large-en-v1.5,1024,100,51,0.7751805555555557,0.8324416666666667,0.8372638888888889,0.8852944444444444,30
BAAI/bge-large-en-v1.5,1024,100,52,0.7662166666666667,0.8060833333333334,0.8284111111111112,0.8745166666666668,5
BAAI/bge-large-en-v1.5,1024,100,53,0.7716611111111111,0.8341,0.8407555555555555,0.874275,20
BAAI/bge-large-en-v1.5,1024,100,54,0.7589194444444444,0.8090208333333334,0.8236041666666667,0.8687152777777777,40
BAAI/bge-large-en-v1.5,1024,100,55,0.7731111111111111,0.7968333333333333,0.8139527777777779,0.8667972222222222,40
BAAI/bge-large-en-v1.5,1024,100,56,0.7623333333333333,0.8362694444444444,0.8379722222222222,0.8679916666666667,20
BAAI/bge-large-en-v1.5,1024,100,57,0.7708472222222222,0.8296722222222221,0.852075,0.8863722222222223,40
BAAI/bge-large-en-v1.5,1024,100,58,0.7600847222222222,0.8254486111111111,0.8517513888888889,0.8725791666666667,10
BAAI/bge-large-en-v1.5,1024,100,59,0.7597444444444443,0.8228194444444445,0.8407944444444444,0.8787333333333334,40
BAAI/bge-large-en-v1.5,1024,100,60,0.7622708333333333,0.817001388888889,0.8384875,0.8800791666666666,30
BAAI/bge-large-en-v1.5,1024,100,61,0.7597416666666666,0.8202625000000001,0.8309625,0.8654958333333334,40
BAAI/bge-large-en-v1.5,1024,100,62,0.7783972222222222,0.8294972222222222,0.843952777777778,0.8860722222222223,40
BAAI/bge-large-en-v1.5,1024,100,63,0.7630638888888888,0.8128861111111111,0.8342972222222222,0.8698416666666665,40
BAAI/bge-large-en-v1.5,1024,100,64,0.7702916666666666,0.8195472222222222,0.8295027777777778,0.8771722222222221,40
BAAI/bge-large-en-v1.5,1024,100,65,0.7597402777777778,0.8150736111111111,0.8383319444444444,0.8712319444444445,30
BAAI/bge-large-en-v1.5,1024,100,66,0.7590458333333334,0.8333513888888888,0.8488375,0.8746763888888889,20
BAAI/bge-large-en-v1.5,1024,100,67,0.7761166666666668,0.8344972222222222,0.8440555555555556,0.8810972222222222,40
BAAI/bge-large-en-v1.5,1024,100,68,0.7725361111111111,0.8246694444444445,0.836525,0.8750694444444446,30
BAAI/bge-large-en-v1.5,1024,100,69,0.7953097222222223,0.8443208333333332,0.8505791666666667,0.8771069444444444,40
BAAI/bge-large-en-v1.5,1024,100,70,0.766401388888889,0.8309388888888889,0.8156388888888888,0.8734222222222223,5
BAAI/bge-large-en-v1.5,1024,100,71,0.7540930555555556,0.8136791666666666,0.8209875,0.8612902777777778,40
BAAI/bge-large-en-v1.5,1024,100,72,0.7582638888888888,0.8131083333333333,0.8379888888888889,0.8725361111111112,5
BAAI/bge-large-en-v1.5,1024,100,73,0.7664555555555557,0.8216805555555555,0.8471805555555556,0.8717250000000001,10
BAAI/bge-large-en-v1.5,1024,100,74,0.7721333333333333,0.8504361111111112,0.8476250000000001,0.8864611111111111,40
BAAI/bge-large-en-v1.5,1024,100,75,0.7682680555555556,0.8334069444444445,0.8368041666666667,0.8749736111111112,40
BAAI/bge-large-en-v1.5,1024,100,76,0.769898611111111,0.8462222222222222,0.8708888888888888,0.8825277777777778,40
BAAI/bge-large-en-v1.5,1024,100,77,0.7666055555555555,0.8306944444444445,0.844063888888889,0.884361111111111,40
BAAI/bge-large-en-v1.5,1024,100,78,0.7736972222222223,0.8454972222222221,0.8586055555555554,0.8701583333333334,40
BAAI/bge-large-en-v1.5,1024,100,79,0.7803027777777778,0.8200194444444445,0.8377944444444445,0.8666972222222222,20
BAAI/bge-large-en-v1.5,1024,100,80,0.7546083333333332,0.8182527777777777,0.8373833333333335,0.8678416666666667,40
BAAI/bge-large-en-v1.5,1024,100,81,0.7679180555555556,0.8220958333333334,0.8274291666666667,0.8705152777777778,40
BAAI/bge-large-en-v1.5,1024,100,82,0.7671569444444445,0.8247763888888888,0.8511680555555555,0.8765958333333334,5
BAAI/bge-large-en-v1.5,1024,100,83,0.7569722222222222,0.8078027777777779,0.8461305555555556,0.8755833333333334,20
BAAI/bge-large-en-v1.5,1024,100,84,0.7631805555555555,0.8236055555555556,0.8321166666666666,0.8699749999999999,30
BAAI/bge-large-en-v1.5,1024,100,85,0.760861111111111,0.8119972222222223,0.8326527777777777,0.8878027777777776,5
BAAI/bge-large-en-v1.5,1024,100,86,0.7680055555555556,0.8329638888888888,0.861475,0.8902972222222222,40
BAAI/bge-large-en-v1.5,1024,100,87,0.7648166666666667,0.8255916666666667,0.8284277777777778,0.87395,40
BAAI/bge-large-en-v1.5,1024,100,88,0.7861041666666667,0.8377319444444444,0.8455263888888889,0.8758236111111112,2
BAAI/bge-large-en-v1.5,1024,100,89,0.7807805555555555,0.8416194444444445,0.8437527777777778,0.8849861111111111,5
BAAI/bge-large-en-v1.5,1024,100,90,0.7601902777777778,0.8204041666666667,0.8116041666666667,0.8643069444444444,30
BAAI/bge-large-en-v1.5,1024,100,91,0.7561236111111111,0.8110680555555555,0.8513347222222222,0.8815208333333333,5
BAAI/bge-large-en-v1.5,1024,100,92,0.8026249999999999,0.8246,0.8531666666666665,0.8768805555555556,40
BAAI/bge-large-en-v1.5,1024,100,93,0.7693875,0.8393402777777779,0.8597819444444446,0.8833041666666666,30
BAAI/bge-large-en-v1.5,1024,100,94,0.7661680555555557,0.8190458333333334,0.8404874999999999,0.8739347222222222,5
BAAI/bge-large-en-v1.5,1024,100,95,0.7602805555555555,0.834125,0.8443916666666667,0.8754666666666667,2
BAAI/bge-large-en-v1.5,1024,100,96,0.7831861111111111,0.8202944444444444,0.8478694444444445,0.8833666666666666,5
BAAI/bge-large-en-v1.5,1024,100,97,0.7622375000000001,0.8214041666666666,0.8434347222222222,0.8647097222222223,30
BAAI/bge-large-en-v1.5,1024,100,98,0.7756916666666667,0.8383972222222222,0.857675,0.8814555555555554,20
BAAI/bge-large-en-v1.5,1024,100,99,0.7591041666666667,0.8218611111111112,0.8183611111111111,0.8868750000000001,20
BAAI/bge-large-en-v1.5,1024,150,0,0.7584930555555556,0.8298819444444444,0.8462041666666666,0.8817013888888889,40
BAAI/bge-large-en-v1.5,1024,150,1,0.7798499999999999,0.8360944444444445,0.8649972222222222,0.8743750000000001,40
BAAI/bge-large-en-v1.5,1024,150,2,0.7626319444444445,0.8307694444444444,0.8476083333333333,0.8668999999999999,40
BAAI/bge-large-en-v1.5,1024,150,3,0.7680430555555555,0.8191569444444445,0.8527541666666666,0.8703458333333334,40
BAAI/bge-large-en-v1.5,1024,150,4,0.7651722222222224,0.78155,0.8420305555555555,0.8721444444444444,5
BAAI/bge-large-en-v1.5,1024,150,5,0.7749111111111111,0.8410750000000001,0.8610083333333333,0.8872083333333334,40
BAAI/bge-large-en-v1.5,1024,150,6,0.7766180555555555,0.8216930555555555,0.8455819444444446,0.8662319444444444,40
BAAI/bge-large-en-v1.5,1024,150,7,0.7701208333333334,0.8329569444444445,0.8604541666666666,0.882251388888889,40
BAAI/bge-large-en-v1.5,1024,150,8,0.7728902777777777,0.8191180555555556,0.8223041666666668,0.8758930555555555,40
BAAI/bge-large-en-v1.5,1024,150,9,0.7619819444444444,0.8280041666666667,0.8422375000000001,0.8810902777777778,40
BAAI/bge-large-en-v1.5,1024,150,10,0.7771611111111112,0.8286111111111112,0.8577916666666666,0.8864666666666667,40
BAAI/bge-large-en-v1.5,1024,150,11,0.7679861111111111,0.828925,0.8457166666666667,0.8881833333333332,20
BAAI/bge-large-en-v1.5,1024,150,12,0.7676944444444446,0.82825,0.8464222222222222,0.8736722222222223,30
BAAI/bge-large-en-v1.5,1024,150,13,0.7623541666666667,0.8356013888888889,0.8581347222222221,0.8816513888888889,40
BAAI/bge-large-en-v1.5,1024,150,14,0.7653541666666668,0.8366888888888889,0.8629027777777778,0.8740055555555555,40
BAAI/bge-large-en-v1.5,1024,150,15,0.748325,0.82035,0.8494444444444443,0.8742055555555555,40
BAAI/bge-large-en-v1.5,1024,150,16,0.7819763888888889,0.8336513888888889,0.8443569444444445,0.8883902777777778,40
BAAI/bge-large-en-v1.5,1024,150,17,0.749513888888889,0.8238083333333334,0.850188888888889,0.8710083333333334,40
BAAI/bge-large-en-v1.5,1024,150,18,0.7745916666666667,0.8345083333333333,0.8595472222222222,0.8813444444444445,30
BAAI/bge-large-en-v1.5,1024,150,19,0.7588333333333332,0.8424916666666666,0.8593250000000001,0.8837305555555556,30
BAAI/bge-large-en-v1.5,1024,150,20,0.7739319444444444,0.827748611111111,0.8486819444444446,0.8827986111111112,40
BAAI/bge-large-en-v1.5,1024,150,21,0.7728277777777779,0.8229777777777778,0.8645166666666666,0.8724694444444444,20
BAAI/bge-large-en-v1.5,1024,150,22,0.7646916666666667,0.8240430555555556,0.8601569444444443,0.8770958333333333,5
BAAI/bge-large-en-v1.5,1024,150,23,0.7526430555555554,0.8037736111111112,0.8210625000000001,0.8574763888888889,10
BAAI/bge-large-en-v1.5,1024,150,24,0.7651416666666667,0.834875,0.8562055555555556,0.8688888888888889,20
BAAI/bge-large-en-v1.5,1024,150,25,0.7727222222222222,0.8058138888888889,0.8549,0.8837388888888889,2
BAAI/bge-large-en-v1.5,1024,150,26,0.762375,0.8124416666666667,0.8371222222222222,0.8788833333333333,10
BAAI/bge-large-en-v1.5,1024,150,27,0.7814305555555556,0.8226944444444445,0.8622305555555556,0.8731222222222221,10
BAAI/bge-large-en-v1.5,1024,150,28,0.7741541666666667,0.8375458333333333,0.8607986111111111,0.8731791666666667,40
BAAI/bge-large-en-v1.5,1024,150,29,0.7756944444444445,0.8308222222222224,0.8445361111111112,0.8663416666666666,30
BAAI/bge-large-en-v1.5,1024,150,30,0.7695416666666667,0.7987527777777778,0.8496666666666666,0.8748555555555555,2
BAAI/bge-large-en-v1.5,1024,150,31,0.7722847222222222,0.8147041666666668,0.8432875,0.8726236111111112,30
BAAI/bge-large-en-v1.5,1024,150,32,0.780748611111111,0.8336791666666667,0.858323611111111,0.885548611111111,40
BAAI/bge-large-en-v1.5,1024,150,33,0.760375,0.8245694444444445,0.852238888888889,0.8826222222222222,40
BAAI/bge-large-en-v1.5,1024,150,34,0.7654930555555557,0.8204791666666665,0.8550847222222222,0.8669791666666667,30
BAAI/bge-large-en-v1.5,1024,150,35,0.7696541666666666,0.8209180555555556,0.8438652777777779,0.8795513888888888,40
BAAI/bge-large-en-v1.5,1024,150,36,0.779848611111111,0.8327763888888888,0.8528486111111112,0.8780097222222222,40
BAAI/bge-large-en-v1.5,1024,150,37,0.7791194444444444,0.8313277777777778,0.8511611111111111,0.8838722222222223,40
BAAI/bge-large-en-v1.5,1024,150,38,0.7600958333333334,0.8299208333333333,0.8495708333333334,0.8834597222222222,40
BAAI/bge-large-en-v1.5,1024,150,39,0.7890152777777777,0.8180874999999999,0.8599875000000001,0.8811402777777778,40
BAAI/bge-large-en-v1.5,1024,150,40,0.7692875,0.8295291666666667,0.8624930555555557,0.8804652777777777,40
BAAI/bge-large-en-v1.5,1024,150,41,0.7710513888888889,0.8219958333333335,0.8582513888888889,0.8833902777777777,10
BAAI/bge-large-en-v1.5,1024,150,42,0.7781402777777778,0.8399180555555555,0.8645013888888889,0.8780930555555557,40
BAAI/bge-large-en-v1.5,1024,150,43,0.7758097222222222,0.8354374999999998,0.8584736111111111,0.8780097222222223,40
BAAI/bge-large-en-v1.5,1024,150,44,0.7692736111111111,0.8240347222222223,0.8537958333333333,0.8987652777777778,30
BAAI/bge-large-en-v1.5,1024,150,45,0.7620333333333333,0.8243944444444444,0.849836111111111,0.8708194444444444,40
BAAI/bge-large-en-v1.5,1024,150,46,0.7801861111111111,0.8362527777777777,0.8430388888888889,0.8722194444444444,40
BAAI/bge-large-en-v1.5,1024,150,47,0.7764944444444445,0.8349916666666666,0.8542916666666667,0.8855194444444445,20
BAAI/bge-large-en-v1.5,1024,150,48,0.7635875,0.8339041666666667,0.8549597222222222,0.8711708333333332,30
BAAI/bge-large-en-v1.5,1024,150,49,0.7626597222222222,0.8298152777777779,0.8646125,0.8828208333333334,40
BAAI/bge-large-en-v1.5,1024,150,50,0.7451847222222223,0.8219708333333333,0.8480930555555555,0.8757597222222221,40
BAAI/bge-large-en-v1.5,1024,150,51,0.7743888888888889,0.8415694444444444,0.8542805555555556,0.8887611111111111,20
BAAI/bge-large-en-v1.5,1024,150,52,0.7787361111111111,0.8091138888888889,0.8374444444444444,0.8810305555555555,5
BAAI/bge-large-en-v1.5,1024,150,53,0.7720638888888889,0.8492222222222221,0.8626138888888889,0.8828305555555556,40
BAAI/bge-large-en-v1.5,1024,150,54,0.7566430555555556,0.8206152777777778,0.8417875,0.8739263888888891,40
BAAI/bge-large-en-v1.5,1024,150,55,0.769938888888889,0.8048583333333333,0.8237666666666668,0.8735611111111111,40
BAAI/bge-large-en-v1.5,1024,150,56,0.7598236111111111,0.8358888888888889,0.8582361111111112,0.8712055555555556,40
BAAI/bge-large-en-v1.5,1024,150,57,0.7657333333333334,0.8323416666666668,0.8638555555555555,0.8877694444444446,40
BAAI/bge-large-en-v1.5,1024,150,58,0.7608986111111111,0.8275208333333333,0.8540708333333334,0.8752847222222223,30
BAAI/bge-large-en-v1.5,1024,150,59,0.7560166666666667,0.8256666666666667,0.8532361111111111,0.8782416666666667,40
BAAI/bge-large-en-v1.5,1024,150,60,0.7625930555555555,0.822348611111111,0.8486652777777779,0.8839291666666668,40
BAAI/bge-large-en-v1.5,1024,150,61,0.7626847222222223,0.8333763888888889,0.8492986111111112,0.8734319444444445,40
BAAI/bge-large-en-v1.5,1024,150,62,0.7759194444444445,0.8319055555555556,0.8574583333333334,0.8914472222222223,40
BAAI/bge-large-en-v1.5,1024,150,63,0.7631388888888888,0.820775,0.8552777777777777,0.8738527777777778,30
BAAI/bge-large-en-v1.5,1024,150,64,0.7695055555555557,0.8331944444444445,0.8522583333333332,0.8775194444444445,40
BAAI/bge-large-en-v1.5,1024,150,65,0.7649625,0.8257430555555556,0.8651875,0.8783097222222223,30
BAAI/bge-large-en-v1.5,1024,150,66,0.7592486111111112,0.8382402777777778,0.8559291666666667,0.8814902777777778,40
BAAI/bge-large-en-v1.5,1024,150,67,0.7715138888888889,0.826286111111111,0.8575527777777778,0.888311111111111,30
BAAI/bge-large-en-v1.5,1024,150,68,0.7684347222222222,0.838925,0.854686111111111,0.8813777777777777,40
BAAI/bge-large-en-v1.5,1024,150,69,0.7957458333333333,0.8467597222222221,0.872123611111111,0.8824958333333333,40
BAAI/bge-large-en-v1.5,1024,150,70,0.770413888888889,0.8330305555555555,0.8485138888888889,0.8820555555555554,40
BAAI/bge-large-en-v1.5,1024,150,71,0.7549541666666667,0.8112152777777778,0.8393458333333333,0.8639680555555554,40
BAAI/bge-large-en-v1.5,1024,150,72,0.7558666666666667,0.8383749999999999,0.8613500000000001,0.8734222222222223,40
BAAI/bge-large-en-v1.5,1024,150,73,0.7683361111111111,0.8212361111111111,0.8541138888888888,0.8716805555555555,40
BAAI/bge-large-en-v1.5,1024,150,74,0.7713777777777777,0.8514416666666667,0.8642222222222221,0.8912888888888888,40
BAAI/bge-large-en-v1.5,1024,150,75,0.7659125,0.8333680555555554,0.8485375,0.8825041666666666,40
BAAI/bge-large-en-v1.5,1024,150,76,0.7686583333333333,0.8531944444444444,0.8854555555555556,0.8876583333333333,40
BAAI/bge-large-en-v1.5,1024,150,77,0.7679222222222223,0.8314388888888888,0.8636972222222221,0.8850555555555555,40
BAAI/bge-large-en-v1.5,1024,150,78,0.7689708333333333,0.837975,0.8538833333333333,0.871163888888889,40
BAAI/bge-large-en-v1.5,1024,150,79,0.7812027777777779,0.8159333333333333,0.8545194444444446,0.8711361111111112,20
BAAI/bge-large-en-v1.5,1024,150,80,0.7549222222222223,0.8174861111111111,0.8562055555555556,0.8694972222222221,40
BAAI/bge-large-en-v1.5,1024,150,81,0.7687902777777778,0.8259569444444446,0.8327986111111112,0.8744819444444445,40
BAAI/bge-large-en-v1.5,1024,150,82,0.7628111111111111,0.8358319444444444,0.8633430555555555,0.8750486111111111,40
BAAI/bge-large-en-v1.5,1024,150,83,0.7553472222222223,0.8144444444444444,0.8645138888888889,0.8775111111111111,20
BAAI/bge-large-en-v1.5,1024,150,84,0.7649027777777778,0.8310083333333333,0.8482416666666667,0.8722472222222223,40
BAAI/bge-large-en-v1.5,1024,150,85,0.7617472222222222,0.8387083333333334,0.8621166666666666,0.8864416666666667,40
BAAI/bge-large-en-v1.5,1024,150,86,0.7696805555555556,0.8320138888888888,0.8743888888888889,0.89445,40
BAAI/bge-large-en-v1.5,1024,150,87,0.7669833333333332,0.822988888888889,0.8536972222222222,0.8744361111111112,20
BAAI/bge-large-en-v1.5,1024,150,88,0.7819847222222224,0.8141097222222222,0.8561347222222223,0.8819486111111111,2
BAAI/bge-large-en-v1.5,1024,150,89,0.7817944444444445,0.8357888888888888,0.8554305555555555,0.8908805555555555,40
BAAI/bge-large-en-v1.5,1024,150,90,0.7589097222222223,0.8105236111111112,0.8309986111111111,0.8661430555555555,30
BAAI/bge-large-en-v1.5,1024,150,91,0.7621875,0.8183236111111112,0.8615902777777776,0.8834486111111112,5
BAAI/bge-large-en-v1.5,1024,150,92,0.7996361111111112,0.8237611111111112,0.8611388888888889,0.8832083333333332,40
BAAI/bge-large-en-v1.5,1024,150,93,0.7696819444444444,0.8314124999999999,0.8505069444444444,0.8800374999999999,40
BAAI/bge-large-en-v1.5,1024,150,94,0.7668763888888888,0.8190430555555556,0.8490958333333333,0.8782319444444445,20
BAAI/bge-large-en-v1.5,1024,150,95,0.7665972222222222,0.8338027777777778,0.8548722222222223,0.8866416666666668,2
BAAI/bge-large-en-v1.5,1024,150,96,0.7835194444444444,0.815025,0.8481833333333333,0.8861472222222222,5
BAAI/bge-large-en-v1.5,1024,150,97,0.7616875000000001,0.825151388888889,0.8414708333333334,0.8687152777777778,40
BAAI/bge-large-en-v1.5,1024,150,98,0.7740555555555555,0.8405361111111109,0.8647027777777777,0.8815583333333333,40
BAAI/bge-large-en-v1.5,1024,150,99,0.7633944444444444,0.8326666666666668,0.8465583333333333,0.8948777777777779,20
BAAI/bge-large-en-v1.5,1024,200,0,0.7581347222222221,0.8287375,0.8531541666666667,0.8881791666666666,40
BAAI/bge-large-en-v1.5,1024,200,1,0.7792361111111111,0.8406777777777777,0.8748277777777778,0.8764055555555554,40
BAAI/bge-large-en-v1.5,1024,200,2,0.7632166666666667,0.8297305555555556,0.8637805555555556,0.8746083333333333,40
BAAI/bge-large-en-v1.5,1024,200,3,0.7679291666666666,0.8269902777777778,0.8645652777777779,0.8773486111111111,40
BAAI/bge-large-en-v1.5,1024,200,4,0.7646472222222223,0.8134444444444445,0.8614166666666666,0.8760611111111112,40
BAAI/bge-large-en-v1.5,1024,200,5,0.769825,0.8392972222222221,0.8574027777777777,0.8881444444444444,40
BAAI/bge-large-en-v1.5,1024,200,6,0.7771625,0.8243347222222223,0.8524569444444445,0.8657680555555555,40
BAAI/bge-large-en-v1.5,1024,200,7,0.7687875000000001,0.8308430555555556,0.8631819444444444,0.8829958333333332,40
BAAI/bge-large-en-v1.5,1024,200,8,0.7768986111111111,0.8272041666666667,0.8625236111111111,0.8789819444444444,40
BAAI/bge-large-en-v1.5,1024,200,9,0.7581986111111112,0.8319930555555556,0.8473402777777778,0.8842847222222223,40
BAAI/bge-large-en-v1.5,1024,200,10,0.7730777777777778,0.8301611111111111,0.8638555555555555,0.8858583333333334,40
BAAI/bge-large-en-v1.5,1024,200,11,0.7674749999999999,0.8271638888888889,0.8550111111111109,0.8886333333333334,40
BAAI/bge-large-en-v1.5,1024,200,12,0.7708166666666667,0.8297527777777778,0.8566361111111112,0.8780444444444444,40
BAAI/bge-large-en-v1.5,1024,200,13,0.7574208333333333,0.8336736111111112,0.8637958333333333,0.8846263888888889,40
BAAI/bge-large-en-v1.5,1024,200,14,0.7658222222222223,0.8438166666666667,0.8740694444444445,0.8768638888888889,40
BAAI/bge-large-en-v1.5,1024,200,15,0.7470527777777777,0.8245611111111111,0.8608527777777777,0.8745777777777779,40
BAAI/bge-large-en-v1.5,1024,200,16,0.7801013888888889,0.8343791666666668,0.8522791666666667,0.8863763888888888,40
BAAI/bge-large-en-v1.5,1024,200,17,0.7552916666666667,0.8259805555555555,0.8596111111111111,0.874825,40
BAAI/bge-large-en-v1.5,1024,200,18,0.774263888888889,0.8329833333333334,0.8541333333333334,0.8826138888888888,40
BAAI/bge-large-en-v1.5,1024,200,19,0.7559555555555555,0.8369027777777778,0.8669222222222221,0.8834611111111113,30
BAAI/bge-large-en-v1.5,1024,200,20,0.7741847222222222,0.8330930555555555,0.8652486111111111,0.890523611111111,40
BAAI/bge-large-en-v1.5,1024,200,21,0.7710416666666666,0.8407944444444444,0.86865,0.8769194444444446,40
BAAI/bge-large-en-v1.5,1024,200,22,0.7657430555555556,0.8378819444444445,0.8731791666666665,0.8842319444444445,40
BAAI/bge-large-en-v1.5,1024,200,23,0.7543374999999999,0.8029125,0.8469458333333333,0.8644013888888888,10
BAAI/bge-large-en-v1.5,1024,200,24,0.7633583333333334,0.8373555555555554,0.8599777777777777,0.8664055555555555,40
BAAI/bge-large-en-v1.5,1024,200,25,0.775988888888889,0.8085944444444444,0.8708361111111111,0.8864749999999999,2
BAAI/bge-large-en-v1.5,1024,200,26,0.7639666666666667,0.8139194444444444,0.8650138888888889,0.8837277777777778,5
BAAI/bge-large-en-v1.5,1024,200,27,0.778125,0.8252083333333333,0.8528888888888889,0.8729944444444444,20
BAAI/bge-large-en-v1.5,1024,200,28,0.7738347222222223,0.8353375,0.8682097222222221,0.8758652777777776,40
BAAI/bge-large-en-v1.5,1024,200,29,0.7749402777777777,0.8328305555555554,0.8535805555555556,0.8687444444444444,40
BAAI/bge-large-en-v1.5,1024,200,30,0.7665111111111111,0.7995749999999999,0.8639555555555556,0.8803361111111111,2
BAAI/bge-large-en-v1.5,1024,200,31,0.7759819444444445,0.8228013888888889,0.8563125,0.8780458333333334,40
BAAI/bge-large-en-v1.5,1024,200,32,0.7804069444444444,0.8362375000000001,0.8745680555555556,0.8876319444444445,40
BAAI/bge-large-en-v1.5,1024,200,33,0.7618916666666669,0.8269166666666666,0.8580305555555555,0.8873861111111111,40
BAAI/bge-large-en-v1.5,1024,200,34,0.7648152777777779,0.8296041666666667,0.8623652777777777,0.8688152777777777,40
BAAI/bge-large-en-v1.5,1024,200,35,0.7695763888888889,0.8248986111111112,0.8585180555555556,0.8799458333333332,40
BAAI/bge-large-en-v1.5,1024,200,36,0.7781347222222221,0.8463680555555555,0.8559875000000001,0.8785680555555555,20
BAAI/bge-large-en-v1.5,1024,200,37,0.7793833333333332,0.8310250000000001,0.8626611111111111,0.8841166666666667,40
BAAI/bge-large-en-v1.5,1024,200,38,0.7579958333333332,0.8344597222222223,0.8569125,0.8834347222222221,40
BAAI/bge-large-en-v1.5,1024,200,39,0.7875930555555555,0.8263069444444443,0.8691374999999999,0.886051388888889,40
BAAI/bge-large-en-v1.5,1024,200,40,0.7707402777777778,0.8358819444444444,0.8708236111111112,0.8833875,40
BAAI/bge-large-en-v1.5,1024,200,41,0.7699402777777777,0.8160652777777777,0.8569291666666667,0.8858513888888889,10
BAAI/bge-large-en-v1.5,1024,200,42,0.7766430555555557,0.8353541666666667,0.8711402777777777,0.8819180555555555,40
BAAI/bge-large-en-v1.5,1024,200,43,0.7764319444444444,0.8372041666666666,0.8653319444444444,0.8829152777777779,30
BAAI/bge-large-en-v1.5,1024,200,44,0.7639125,0.8167791666666667,0.8548652777777778,0.9006819444444445,40
BAAI/bge-large-en-v1.5,1024,200,45,0.7641055555555556,0.8249916666666666,0.8581583333333332,0.8798361111111112,40
BAAI/bge-large-en-v1.5,1024,200,46,0.7802833333333333,0.841338888888889,0.8548222222222222,0.874438888888889,30
BAAI/bge-large-en-v1.5,1024,200,47,0.7783555555555555,0.8381416666666667,0.8686138888888889,0.8850611111111111,30
BAAI/bge-large-en-v1.5,1024,200,48,0.7667569444444444,0.8289097222222223,0.851576388888889,0.8685847222222222,40
BAAI/bge-large-en-v1.5,1024,200,49,0.7688513888888889,0.8377152777777778,0.871523611111111,0.8860930555555555,40
BAAI/bge-large-en-v1.5,1024,200,50,0.7474347222222222,0.8293263888888889,0.8571041666666668,0.8767319444444445,40
BAAI/bge-large-en-v1.5,1024,200,51,0.7732583333333334,0.8438750000000002,0.8685222222222222,0.8874805555555556,20
BAAI/bge-large-en-v1.5,1024,200,52,0.7783972222222223,0.8069805555555557,0.8530888888888888,0.8847111111111112,5
BAAI/bge-large-en-v1.5,1024,200,53,0.7749916666666667,0.8447333333333333,0.8600388888888888,0.8859722222222223,40
BAAI/bge-large-en-v1.5,1024,200,54,0.7573430555555556,0.8231402777777779,0.8521402777777779,0.8772791666666666,40
BAAI/bge-large-en-v1.5,1024,200,55,0.7759916666666666,0.8110888888888889,0.8381250000000001,0.8772555555555557,40
BAAI/bge-large-en-v1.5,1024,200,56,0.7634166666666666,0.8478222222222223,0.8721444444444446,0.8758527777777777,40
BAAI/bge-large-en-v1.5,1024,200,57,0.7676333333333333,0.8206638888888889,0.8742777777777778,0.8923000000000001,5
BAAI/bge-large-en-v1.5,1024,200,58,0.7596680555555555,0.8190180555555556,0.8582763888888889,0.8765847222222224,30
BAAI/bge-large-en-v1.5,1024,200,59,0.754836111111111,0.8324916666666666,0.8615194444444444,0.880511111111111,40
BAAI/bge-large-en-v1.5,1024,200,60,0.7639597222222222,0.8233902777777777,0.8565069444444444,0.8847041666666666,40
BAAI/bge-large-en-v1.5,1024,200,61,0.7655013888888889,0.8370958333333333,0.8633736111111111,0.8781958333333334,40
BAAI/bge-large-en-v1.5,1024,200,62,0.7755277777777778,0.8282888888888889,0.8640777777777777,0.8931888888888889,40
BAAI/bge-large-en-v1.5,1024,200,63,0.7632999999999999,0.8296361111111111,0.8659833333333333,0.8792111111111112,40
BAAI/bge-large-en-v1.5,1024,200,64,0.7685416666666667,0.8285250000000001,0.8611805555555554,0.8813833333333332,40
BAAI/bge-large-en-v1.5,1024,200,65,0.7633152777777777,0.8227152777777778,0.8655125,0.8777902777777778,30
BAAI/bge-large-en-v1.5,1024,200,66,0.7626708333333334,0.8339125,0.8636652777777778,0.8832541666666667,40
BAAI/bge-large-en-v1.5,1024,200,67,0.7704388888888889,0.8213861111111112,0.8766694444444445,0.8933583333333333,30
BAAI/bge-large-en-v1.5,1024,200,68,0.7697305555555556,0.8405722222222222,0.8684222222222222,0.8832444444444445,40
BAAI/bge-large-en-v1.5,1024,200,69,0.7949791666666666,0.8411819444444443,0.8705513888888888,0.8868652777777777,40
BAAI/bge-large-en-v1.5,1024,200,70,0.7695555555555555,0.8394305555555555,0.8590861111111111,0.885775,40
BAAI/bge-large-en-v1.5,1024,200,71,0.7553263888888889,0.8075708333333333,0.8450624999999999,0.8668541666666666,40
BAAI/bge-large-en-v1.5,1024,200,72,0.7539138888888888,0.8125416666666667,0.8615138888888888,0.8726666666666667,5
BAAI/bge-large-en-v1.5,1024,200,73,0.7695527777777778,0.8287805555555555,0.8607194444444444,0.8706361111111112,40
BAAI/bge-large-en-v1.5,1024,200,74,0.7690472222222223,0.8513222222222223,0.8757083333333333,0.8965166666666666,40
BAAI/bge-large-en-v1.5,1024,200,75,0.7665486111111112,0.8364819444444445,0.8616041666666667,0.8814958333333334,40
BAAI/bge-large-en-v1.5,1024,200,76,0.7677305555555556,0.8519805555555556,0.884263888888889,0.8907138888888888,40
BAAI/bge-large-en-v1.5,1024,200,77,0.7657750000000001,0.8359611111111112,0.8711555555555555,0.8897555555555554,30
BAAI/bge-large-en-v1.5,1024,200,78,0.7709166666666667,0.8405666666666667,0.8645388888888889,0.8764972222222223,40
BAAI/bge-large-en-v1.5,1024,200,79,0.7818944444444443,0.8222888888888888,0.8622527777777778,0.8776055555555555,20
BAAI/bge-large-en-v1.5,1024,200,80,0.7537777777777779,0.8211527777777778,0.8654111111111111,0.8726222222222223,40
BAAI/bge-large-en-v1.5,1024,200,81,0.7668375,0.8332347222222223,0.8569124999999999,0.8797819444444445,40
BAAI/bge-large-en-v1.5,1024,200,82,0.7617222222222222,0.8446930555555555,0.8695597222222222,0.877998611111111,40
BAAI/bge-large-en-v1.5,1024,200,83,0.7498833333333333,0.7979861111111112,0.8705749999999999,0.8816666666666667,10
BAAI/bge-large-en-v1.5,1024,200,84,0.7634555555555556,0.8320361111111112,0.8509083333333332,0.8780277777777777,30
BAAI/bge-large-en-v1.5,1024,200,85,0.7622138888888889,0.8352833333333333,0.8666111111111112,0.8856972222222221,40
BAAI/bge-large-en-v1.5,1024,200,86,0.7665388888888889,0.8267,0.8798666666666668,0.8949277777777778,20
BAAI/bge-large-en-v1.5,1024,200,87,0.7668444444444444,0.8306972222222222,0.8573805555555556,0.8749027777777778,20
BAAI/bge-large-en-v1.5,1024,200,88,0.7781930555555556,0.8459763888888888,0.8745125000000001,0.8882652777777778,40
BAAI/bge-large-en-v1.5,1024,200,89,0.777425,0.8336305555555557,0.8613555555555555,0.8921305555555555,40
BAAI/bge-large-en-v1.5,1024,200,90,0.7602847222222222,0.8174069444444445,0.8429597222222222,0.8703513888888889,20
BAAI/bge-large-en-v1.5,1024,200,91,0.7663625,0.8210486111111112,0.8733124999999997,0.8832513888888888,5
BAAI/bge-large-en-v1.5,1024,200,92,0.7991472222222222,0.8268138888888888,0.8720583333333335,0.8908555555555555,40
BAAI/bge-large-en-v1.5,1024,200,93,0.7692041666666667,0.8341375,0.8630541666666667,0.8818041666666666,40
BAAI/bge-large-en-v1.5,1024,200,94,0.7694319444444444,0.8253652777777778,0.8660819444444443,0.8819597222222222,20
BAAI/bge-large-en-v1.5,1024,200,95,0.7656694444444444,0.8329944444444445,0.8690277777777777,0.8893,40
BAAI/bge-large-en-v1.5,1024,200,96,0.7855194444444445,0.8143500000000001,0.8610416666666666,0.8892083333333334,5
BAAI/bge-large-en-v1.5,1024,200,97,0.7636402777777778,0.8277069444444445,0.8613069444444446,0.8691597222222222,40
BAAI/bge-large-en-v1.5,1024,200,98,0.7707750000000001,0.823725,0.8652111111111113,0.8819916666666667,5
BAAI/bge-large-en-v1.5,1024,200,99,0.7686944444444443,0.8367694444444445,0.864875,0.897788888888889,20
Qwen/Qwen3-Embedding-8B,4096,2,0,0.8136819444444445,0.8126458333333333,,0.7598625,2
Qwen/Qwen3-Embedding-8B,4096,2,1,0.8161013888888888,0.8376875,,0.7794291666666666,2
Qwen/Qwen3-Embedding-8B,4096,2,2,0.7924819444444444,0.8040875,,0.797176388888889,1
Qwen/Qwen3-Embedding-8B,4096,2,3,0.8020194444444444,0.8135583333333333,,0.8269166666666666,1
Qwen/Qwen3-Embedding-8B,4096,2,4,0.8336388888888888,0.8445722222222222,,0.7848138888888888,1
Qwen/Qwen3-Embedding-8B,4096,2,5,0.7977486111111111,0.8148041666666667,,0.6149986111111111,1
Qwen/Qwen3-Embedding-8B,4096,2,6,0.7721583333333333,0.8037861111111111,,0.7898833333333333,1
Qwen/Qwen3-Embedding-8B,4096,2,7,0.8139555555555555,0.8280305555555555,,0.7971111111111112,2
Qwen/Qwen3-Embedding-8B,4096,2,8,0.798613888888889,0.8274055555555556,,0.804338888888889,1
Qwen/Qwen3-Embedding-8B,4096,2,9,0.7787375,0.7899458333333333,,0.7998791666666667,1
Qwen/Qwen3-Embedding-8B,4096,2,10,0.79965,0.8046694444444444,,0.7665000000000001,2
Qwen/Qwen3-Embedding-8B,4096,2,11,0.7937083333333332,0.8076277777777777,,0.8275194444444445,2
Qwen/Qwen3-Embedding-8B,4096,2,12,0.7788625000000001,0.8011486111111111,,0.8172208333333334,1
Qwen/Qwen3-Embedding-8B,4096,2,13,0.7956125,0.8130208333333333,,0.5662486111111111,1
Qwen/Qwen3-Embedding-8B,4096,2,14,0.7855277777777778,0.8339722222222222,,0.720875,2
Qwen/Qwen3-Embedding-8B,4096,2,15,0.8101625000000001,0.8401486111111112,,0.8071180555555556,2
Qwen/Qwen3-Embedding-8B,4096,2,16,0.8165833333333332,0.8194972222222221,,0.7566722222222223,1
Qwen/Qwen3-Embedding-8B,4096,2,17,0.7618180555555556,0.7718319444444445,,0.7297597222222222,2
Qwen/Qwen3-Embedding-8B,4096,2,18,0.8324527777777778,0.83845,,0.8203638888888889,1
Qwen/Qwen3-Embedding-8B,4096,2,19,0.7591694444444445,0.753688888888889,,0.6093333333333333,1
Qwen/Qwen3-Embedding-8B,4096,2,20,0.7556291666666667,0.7941736111111111,,0.8044319444444444,2
Qwen/Qwen3-Embedding-8B,4096,2,21,0.72915,0.7223972222222222,,0.6287277777777778,2
Qwen/Qwen3-Embedding-8B,4096,2,22,0.7877125,0.8172125,,0.4480680555555556,2
Qwen/Qwen3-Embedding-8B,4096,2,23,0.7927611111111111,0.8141222222222223,,0.7365472222222222,1
Qwen/Qwen3-Embedding-8B,4096,2,24,0.7860222222222222,0.8156555555555556,,0.7631166666666666,1
Qwen/Qwen3-Embedding-8B,4096,2,25,0.6971027777777778,0.7223333333333333,,0.6170777777777778,2
Qwen/Qwen3-Embedding-8B,4096,2,26,0.6949111111111111,0.7108055555555557,,0.6735500000000001,2
Qwen/Qwen3-Embedding-8B,4096,2,27,0.7345402777777779,0.7509013888888888,,0.7712708333333333,1
Qwen/Qwen3-Embedding-8B,4096,2,28,0.7975013888888889,0.8217097222222222,,0.7648652777777778,2
Qwen/Qwen3-Embedding-8B,4096,2,29,0.7412944444444445,0.7396111111111111,,0.7267138888888889,1
Qwen/Qwen3-Embedding-8B,4096,2,30,0.8021333333333334,0.8285625000000001,,0.8320263888888889,2
Qwen/Qwen3-Embedding-8B,4096,2,31,0.7693833333333333,0.7910472222222222,,0.8067083333333332,2
Qwen/Qwen3-Embedding-8B,4096,2,32,0.8452722222222222,0.8534916666666666,,0.808286111111111,2
Qwen/Qwen3-Embedding-8B,4096,2,33,0.7633041666666667,0.7770638888888888,,0.7910277777777778,1
Qwen/Qwen3-Embedding-8B,4096,2,34,0.7846527777777779,0.8258472222222222,,0.8479111111111111,2
Qwen/Qwen3-Embedding-8B,4096,2,35,0.816111111111111,0.8451638888888889,,0.8274833333333332,2
Qwen/Qwen3-Embedding-8B,4096,2,36,0.7814375,0.7870736111111112,,0.7751652777777778,1
Qwen/Qwen3-Embedding-8B,4096,2,37,0.8077180555555556,0.823248611111111,,0.8006013888888888,1
Qwen/Qwen3-Embedding-8B,4096,2,38,0.7637333333333333,0.7987083333333334,,0.794888888888889,2
Qwen/Qwen3-Embedding-8B,4096,2,39,0.8229027777777779,0.8266833333333333,,0.5691972222222222,1
Qwen/Qwen3-Embedding-8B,4096,2,40,0.7751124999999999,0.7992263888888889,,0.8230125,2
Qwen/Qwen3-Embedding-8B,4096,2,41,0.7799666666666667,0.7930222222222223,,0.8099944444444445,1
Qwen/Qwen3-Embedding-8B,4096,2,42,0.7963597222222223,0.8251069444444444,,0.7756625000000001,2
Qwen/Qwen3-Embedding-8B,4096,2,43,0.7766625,0.7699458333333333,,0.6232986111111112,1
Qwen/Qwen3-Embedding-8B,4096,2,44,0.8263833333333335,0.8438944444444444,,0.8197194444444444,1
Qwen/Qwen3-Embedding-8B,4096,2,45,0.7953069444444444,0.8150013888888888,,0.7424319444444445,1
Qwen/Qwen3-Embedding-8B,4096,2,46,0.7820430555555555,0.7954402777777778,,0.6584736111111111,2
Qwen/Qwen3-Embedding-8B,4096,2,47,0.7826708333333334,0.7958319444444445,,0.7696208333333333,1
Qwen/Qwen3-Embedding-8B,4096,2,48,0.770775,0.7484277777777778,,0.46150277777777776,2
Qwen/Qwen3-Embedding-8B,4096,2,49,0.7686625000000001,0.787176388888889,,0.43517361111111114,2
Qwen/Qwen3-Embedding-8B,4096,2,50,0.815938888888889,0.8300055555555556,,0.8299194444444444,1
Qwen/Qwen3-Embedding-8B,4096,2,51,0.8322694444444445,0.8423138888888889,,0.8290333333333332,1
Qwen/Qwen3-Embedding-8B,4096,2,52,0.8256083333333334,0.8543694444444444,,0.7752138888888889,2
Qwen/Qwen3-Embedding-8B,4096,2,53,0.8414458333333332,0.8506111111111111,,0.845863888888889,1
Qwen/Qwen3-Embedding-8B,4096,2,54,0.7922666666666667,0.8176861111111111,,0.7807916666666668,2
Qwen/Qwen3-Embedding-8B,4096,2,55,0.7551305555555556,0.7670305555555555,,0.7600583333333333,1
Qwen/Qwen3-Embedding-8B,4096,2,56,0.7991874999999999,0.7983125,,0.7465236111111112,1
Qwen/Qwen3-Embedding-8B,4096,2,57,0.7708541666666666,0.7908208333333333,,0.6698291666666667,1
Qwen/Qwen3-Embedding-8B,4096,2,58,0.7625111111111111,0.7841555555555556,,0.7737277777777778,1
Qwen/Qwen3-Embedding-8B,4096,2,59,0.7823152777777779,0.7880902777777776,,0.7988486111111112,2
Qwen/Qwen3-Embedding-8B,4096,2,60,0.7715902777777778,0.8119347222222222,,0.6866902777777778,1
Qwen/Qwen3-Embedding-8B,4096,2,61,0.7890305555555555,0.79585,,0.7859694444444445,1
Qwen/Qwen3-Embedding-8B,4096,2,62,0.7969291666666667,0.8144847222222223,,0.7432486111111112,1
Qwen/Qwen3-Embedding-8B,4096,2,63,0.7995583333333335,0.8012111111111111,,0.6740500000000001,2
Qwen/Qwen3-Embedding-8B,4096,2,64,0.8210388888888889,0.8356888888888889,,0.8349444444444444,2
Qwen/Qwen3-Embedding-8B,4096,2,65,0.7701722222222221,0.7887444444444445,,0.8096555555555555,1
Qwen/Qwen3-Embedding-8B,4096,2,66,0.7751527777777778,0.7633861111111111,,0.5963861111111111,2
Qwen/Qwen3-Embedding-8B,4096,2,67,0.7921958333333334,0.8074875,,0.8262958333333335,2
Qwen/Qwen3-Embedding-8B,4096,2,68,0.7811166666666667,0.8193777777777778,,0.7949611111111111,2
Qwen/Qwen3-Embedding-8B,4096,2,69,0.8415361111111112,0.8615999999999999,,0.8608166666666666,2
Qwen/Qwen3-Embedding-8B,4096,2,70,0.8263541666666666,0.8410069444444445,,0.8366069444444444,1
Qwen/Qwen3-Embedding-8B,4096,2,71,0.7776819444444443,0.8229097222222221,,0.7306875,2
Qwen/Qwen3-Embedding-8B,4096,2,72,0.8104222222222222,0.8353250000000001,,0.7810888888888889,1
Qwen/Qwen3-Embedding-8B,4096,2,73,0.7756277777777777,0.7989666666666666,,0.7357166666666667,1
Qwen/Qwen3-Embedding-8B,4096,2,74,0.7332777777777778,0.7402833333333334,,0.6825583333333334,2
Qwen/Qwen3-Embedding-8B,4096,2,75,0.797326388888889,0.7981597222222223,,0.7717180555555556,1
Qwen/Qwen3-Embedding-8B,4096,2,76,0.7591388888888889,0.7614500000000001,,0.7203222222222222,2
Qwen/Qwen3-Embedding-8B,4096,2,77,0.8003750000000001,0.8307833333333333,,0.8477444444444444,2
Qwen/Qwen3-Embedding-8B,4096,2,78,0.8339055555555556,0.8439777777777778,,0.8076277777777778,2
Qwen/Qwen3-Embedding-8B,4096,2,79,0.7993944444444445,0.8180000000000001,,0.8424305555555556,2
Qwen/Qwen3-Embedding-8B,4096,2,80,0.7774305555555555,0.8050624999999999,,0.8002736111111112,1
Qwen/Qwen3-Embedding-8B,4096,2,81,0.7838847222222223,0.7986847222222223,,0.5420458333333333,2
Qwen/Qwen3-Embedding-8B,4096,2,82,0.8212305555555555,0.8326611111111112,,0.8101611111111111,2
Qwen/Qwen3-Embedding-8B,4096,2,83,0.7966180555555555,0.8081541666666666,,0.8143291666666667,1
Qwen/Qwen3-Embedding-8B,4096,2,84,0.8029152777777778,0.819276388888889,,0.8203291666666667,1
Qwen/Qwen3-Embedding-8B,4096,2,85,0.8045319444444444,0.8212277777777779,,0.7498499999999999,1
Qwen/Qwen3-Embedding-8B,4096,2,86,0.7964291666666666,0.8268763888888888,,0.8399958333333334,1
Qwen/Qwen3-Embedding-8B,4096,2,87,0.6939305555555556,0.7001194444444445,,0.7061666666666666,1
Qwen/Qwen3-Embedding-8B,4096,2,88,0.7774305555555556,0.7759055555555556,,0.7496722222222222,1
Qwen/Qwen3-Embedding-8B,4096,2,89,0.7803847222222223,0.7897819444444444,,0.7053625,2
Qwen/Qwen3-Embedding-8B,4096,2,90,0.8231972222222222,0.8354152777777778,,0.7735902777777778,1
Qwen/Qwen3-Embedding-8B,4096,2,91,0.7391083333333335,0.6421749999999999,,0.2939611111111111,2
Qwen/Qwen3-Embedding-8B,4096,2,92,0.8267166666666668,0.8331194444444445,,0.8521472222222222,2
Qwen/Qwen3-Embedding-8B,4096,2,93,0.7609041666666667,0.7852541666666667,,0.7824041666666667,1
Qwen/Qwen3-Embedding-8B,4096,2,94,0.7753958333333333,0.7880375,,0.7279152777777778,1
Qwen/Qwen3-Embedding-8B,4096,2,95,0.7417555555555556,0.7533694444444445,,0.7363583333333332,1
Qwen/Qwen3-Embedding-8B,4096,2,96,0.7383416666666667,0.704425,,0.45589999999999997,1
Qwen/Qwen3-Embedding-8B,4096,2,97,0.7668569444444444,0.8221041666666665,,0.8091291666666667,1
Qwen/Qwen3-Embedding-8B,4096,2,98,0.8366069444444444,0.8646902777777777,,0.8463652777777777,2
Qwen/Qwen3-Embedding-8B,4096,2,99,0.8185277777777777,0.8143750000000001,,0.7622583333333333,1
Qwen/Qwen3-Embedding-8B,4096,3,0,0.8001041666666666,0.7957736111111111,,0.7674986111111111,1
Qwen/Qwen3-Embedding-8B,4096,3,1,0.8238041666666667,0.8593958333333332,,0.8349569444444446,3
Qwen/Qwen3-Embedding-8B,4096,3,2,0.7917791666666666,0.8220236111111111,,0.8282263888888888,1
Qwen/Qwen3-Embedding-8B,4096,3,3,0.8081166666666667,0.82865,,0.8425305555555556,2
Qwen/Qwen3-Embedding-8B,4096,3,4,0.8374611111111111,0.8537638888888889,,0.8023277777777778,1
Qwen/Qwen3-Embedding-8B,4096,3,5,0.8206652777777779,0.8546236111111111,,0.7673680555555555,1
Qwen/Qwen3-Embedding-8B,4096,3,6,0.7938111111111111,0.8228472222222223,,0.8129444444444444,1
Qwen/Qwen3-Embedding-8B,4096,3,7,0.8199972222222223,0.8458972222222222,,0.8581694444444443,3
Qwen/Qwen3-Embedding-8B,4096,3,8,0.7834611111111112,0.8039833333333334,,0.7936194444444444,1
Qwen/Qwen3-Embedding-8B,4096,3,9,0.7553875,0.7813847222222221,,0.7939597222222222,1
Qwen/Qwen3-Embedding-8B,4096,3,10,0.8041388888888888,0.7987777777777778,,0.7436611111111111,1
Qwen/Qwen3-Embedding-8B,4096,3,11,0.7717305555555555,0.8038361111111112,,0.8261944444444445,1
Qwen/Qwen3-Embedding-8B,4096,3,12,0.7687458333333334,0.791373611111111,,0.8058625,1
Qwen/Qwen3-Embedding-8B,4096,3,13,0.8028069444444443,0.822973611111111,,0.6486125,1
Qwen/Qwen3-Embedding-8B,4096,3,14,0.7682249999999999,0.8272416666666665,,0.7465555555555554,3
Qwen/Qwen3-Embedding-8B,4096,3,15,0.7980208333333334,0.8299125,,0.7543875,3
Qwen/Qwen3-Embedding-8B,4096,3,16,0.8378055555555557,0.8465055555555556,,0.7565333333333335,1
Qwen/Qwen3-Embedding-8B,4096,3,17,0.7508374999999999,0.7836597222222221,,0.7486124999999999,2
Qwen/Qwen3-Embedding-8B,4096,3,18,0.8170777777777778,0.828125,,0.8230388888888889,1
Qwen/Qwen3-Embedding-8B,4096,3,19,0.802061111111111,0.8196861111111111,,0.7144750000000001,1
Qwen/Qwen3-Embedding-8B,4096,3,20,0.7642041666666666,0.7983430555555555,,0.8133513888888888,1
Qwen/Qwen3-Embedding-8B,4096,3,21,0.777538888888889,0.8130222222222223,,0.8071833333333333,2
Qwen/Qwen3-Embedding-8B,4096,3,22,0.7860194444444444,0.8248291666666666,,0.7155347222222221,2
Qwen/Qwen3-Embedding-8B,4096,3,23,0.7735694444444445,0.8107027777777778,,0.7942361111111111,1
Qwen/Qwen3-Embedding-8B,4096,3,24,0.7786236111111112,0.8137999999999999,,0.8061999999999999,1
Qwen/Qwen3-Embedding-8B,4096,3,25,0.7507222222222223,0.824425,,0.7768694444444444,3
Qwen/Qwen3-Embedding-8B,4096,3,26,0.7015694444444445,0.7098333333333333,,0.6879527777777777,1
Qwen/Qwen3-Embedding-8B,4096,3,27,0.7910819444444444,0.8204291666666668,,0.705601388888889,1
Qwen/Qwen3-Embedding-8B,4096,3,28,0.7976652777777778,0.8098263888888889,,0.7467208333333333,3
Qwen/Qwen3-Embedding-8B,4096,3,29,0.7632222222222221,0.7927083333333333,,0.7544500000000001,1
Qwen/Qwen3-Embedding-8B,4096,3,30,0.8023486111111111,0.8193180555555555,,0.8314125,2
Qwen/Qwen3-Embedding-8B,4096,3,31,0.790613888888889,0.8218333333333333,,0.8191333333333333,1
Qwen/Qwen3-Embedding-8B,4096,3,32,0.8497027777777778,0.8551583333333332,,0.790011111111111,2
Qwen/Qwen3-Embedding-8B,4096,3,33,0.7680111111111112,0.788261111111111,,0.8035055555555556,3
Qwen/Qwen3-Embedding-8B,4096,3,34,0.7853305555555555,0.8266444444444444,,0.8443555555555556,3
Qwen/Qwen3-Embedding-8B,4096,3,35,0.7924249999999999,0.8371055555555557,,0.8423055555555556,1
Qwen/Qwen3-Embedding-8B,4096,3,36,0.7582208333333333,0.7837097222222222,,0.7909180555555554,1
Qwen/Qwen3-Embedding-8B,4096,3,37,0.8215486111111111,0.8328875000000001,,0.7583708333333334,2
Qwen/Qwen3-Embedding-8B,4096,3,38,0.7853666666666668,0.8097027777777777,,0.8166166666666668,3
Qwen/Qwen3-Embedding-8B,4096,3,39,0.8326861111111112,0.8422944444444445,,0.7423222222222221,1
Qwen/Qwen3-Embedding-8B,4096,3,40,0.761623611111111,0.7736652777777778,,0.7853152777777779,2
Qwen/Qwen3-Embedding-8B,4096,3,41,0.8048555555555555,0.83685,,0.8398333333333333,2
Qwen/Qwen3-Embedding-8B,4096,3,42,0.7817458333333334,0.8287430555555556,,0.7887763888888889,3
Qwen/Qwen3-Embedding-8B,4096,3,43,0.7615736111111111,0.7631263888888888,,0.6663041666666667,1
Qwen/Qwen3-Embedding-8B,4096,3,44,0.819288888888889,0.839461111111111,,0.8247972222222222,1
Qwen/Qwen3-Embedding-8B,4096,3,45,0.7960625000000001,0.8280124999999999,,0.8018875000000001,1
Qwen/Qwen3-Embedding-8B,4096,3,46,0.7671541666666667,0.7633291666666667,,0.5461430555555555,3
Qwen/Qwen3-Embedding-8B,4096,3,47,0.8071069444444445,0.8364180555555556,,0.8230097222222222,1
Qwen/Qwen3-Embedding-8B,4096,3,48,0.7661555555555555,0.7741111111111111,,0.6524,3
Qwen/Qwen3-Embedding-8B,4096,3,49,0.7322875000000001,0.7327541666666665,,0.3883986111111111,1
Qwen/Qwen3-Embedding-8B,4096,3,50,0.8161805555555557,0.8418750000000002,,0.8368694444444443,2
Qwen/Qwen3-Embedding-8B,4096,3,51,0.8136527777777778,0.8388111111111111,,0.8373277777777777,1
Qwen/Qwen3-Embedding-8B,4096,3,52,0.8198222222222222,0.8515194444444445,,0.8390277777777778,3
Qwen/Qwen3-Embedding-8B,4096,3,53,0.8460944444444445,0.8583805555555555,,0.8584416666666665,1
Qwen/Qwen3-Embedding-8B,4096,3,54,0.8005444444444444,0.8263722222222223,,0.7497138888888889,2
Qwen/Qwen3-Embedding-8B,4096,3,55,0.7891527777777778,0.829775,,0.7464527777777779,1
Qwen/Qwen3-Embedding-8B,4096,3,56,0.8164402777777777,0.8241736111111112,,0.7886208333333333,1
Qwen/Qwen3-Embedding-8B,4096,3,57,0.7564430555555555,0.7920402777777779,,0.7522541666666667,1
Qwen/Qwen3-Embedding-8B,4096,3,58,0.7881555555555556,0.8197055555555557,,0.7669444444444445,2
Qwen/Qwen3-Embedding-8B,4096,3,59,0.7862486111111111,0.7967319444444444,,0.7936013888888889,1
Qwen/Qwen3-Embedding-8B,4096,3,60,0.7668930555555555,0.8214180555555555,,0.4270819444444445,2
Qwen/Qwen3-Embedding-8B,4096,3,61,0.8111111111111111,0.826486111111111,,0.8287944444444446,2
Qwen/Qwen3-Embedding-8B,4096,3,62,0.7868875,0.8132458333333333,,0.7687097222222222,2
Qwen/Qwen3-Embedding-8B,4096,3,63,0.8150694444444445,0.8248888888888889,,0.6713916666666667,2
Qwen/Qwen3-Embedding-8B,4096,3,64,0.8134777777777777,0.8370527777777779,,0.847361111111111,2
Qwen/Qwen3-Embedding-8B,4096,3,65,0.7733055555555555,0.7997277777777778,,0.8180777777777778,1
Qwen/Qwen3-Embedding-8B,4096,3,66,0.7666194444444444,0.7697833333333333,,0.6815694444444443,3
Qwen/Qwen3-Embedding-8B,4096,3,67,0.8062791666666667,0.8132347222222222,,0.7117736111111113,3
Qwen/Qwen3-Embedding-8B,4096,3,68,0.7863083333333333,0.8311694444444444,,0.8430138888888887,2
Qwen/Qwen3-Embedding-8B,4096,3,69,0.8395388888888888,0.8555194444444445,,0.7271777777777778,3
Qwen/Qwen3-Embedding-8B,4096,3,70,0.8204041666666668,0.8433791666666668,,0.8445486111111111,2
Qwen/Qwen3-Embedding-8B,4096,3,71,0.7506180555555556,0.7908263888888889,,0.7859569444444443,2
Qwen/Qwen3-Embedding-8B,4096,3,72,0.830775,0.8512527777777779,,0.7858194444444444,1
Qwen/Qwen3-Embedding-8B,4096,3,73,0.7727805555555555,0.8037416666666667,,0.7996694444444444,1
Qwen/Qwen3-Embedding-8B,4096,3,74,0.7609361111111111,0.7293805555555555,,0.60255,3
Qwen/Qwen3-Embedding-8B,4096,3,75,0.7961569444444445,0.8049208333333333,,0.8019625,2
Qwen/Qwen3-Embedding-8B,4096,3,76,0.7796638888888889,0.7944027777777778,,0.8003805555555557,2
Qwen/Qwen3-Embedding-8B,4096,3,77,0.8053138888888889,0.8397083333333333,,0.8609111111111111,1
Qwen/Qwen3-Embedding-8B,4096,3,78,0.8220527777777777,0.8395805555555557,,0.8330083333333332,1
Qwen/Qwen3-Embedding-8B,4096,3,79,0.8064305555555555,0.8281305555555555,,0.7914111111111111,3
Qwen/Qwen3-Embedding-8B,4096,3,80,0.7837458333333334,0.8050875,,0.7681069444444444,2
Qwen/Qwen3-Embedding-8B,4096,3,81,0.8014541666666667,0.8304958333333333,,0.5649875,2
Qwen/Qwen3-Embedding-8B,4096,3,82,0.8273944444444445,0.8416055555555556,,0.8209777777777777,2
Qwen/Qwen3-Embedding-8B,4096,3,83,0.7897708333333333,0.8100819444444446,,0.8203958333333333,3
Qwen/Qwen3-Embedding-8B,4096,3,84,0.7953736111111112,0.8244847222222222,,0.8389902777777778,1
Qwen/Qwen3-Embedding-8B,4096,3,85,0.7838666666666666,0.8159750000000001,,0.758675,1
Qwen/Qwen3-Embedding-8B,4096,3,86,0.8059263888888889,0.8400541666666668,,0.8530819444444445,1
Qwen/Qwen3-Embedding-8B,4096,3,87,0.7526750000000001,0.7935444444444444,,0.787375,3
Qwen/Qwen3-Embedding-8B,4096,3,88,0.7964611111111111,0.8183694444444445,,0.8096305555555555,3
Qwen/Qwen3-Embedding-8B,4096,3,89,0.7736902777777779,0.8000875,,0.5466930555555555,3
Qwen/Qwen3-Embedding-8B,4096,3,90,0.8226041666666667,0.8432458333333333,,0.8361319444444444,3
Qwen/Qwen3-Embedding-8B,4096,3,91,0.7501555555555555,0.6868222222222222,,0.49860277777777773,3
Qwen/Qwen3-Embedding-8B,4096,3,92,0.8350916666666667,0.8610777777777778,,0.8723833333333333,2
Qwen/Qwen3-Embedding-8B,4096,3,93,0.7406680555555556,0.7691430555555556,,0.7788097222222223,1
Qwen/Qwen3-Embedding-8B,4096,3,94,0.7849819444444445,0.8193597222222223,,0.8293097222222221,1
Qwen/Qwen3-Embedding-8B,4096,3,95,0.7618805555555556,0.7757138888888889,,0.7505388888888889,1
Qwen/Qwen3-Embedding-8B,4096,3,96,0.7676166666666666,0.7882888888888889,,0.6689055555555556,1
Qwen/Qwen3-Embedding-8B,4096,3,97,0.789176388888889,0.8357430555555554,,0.8143402777777777,1
Qwen/Qwen3-Embedding-8B,4096,3,98,0.837151388888889,0.8711736111111112,,0.8598902777777778,3
Qwen/Qwen3-Embedding-8B,4096,3,99,0.7965444444444445,0.8154527777777778,,0.7947638888888889,2
Qwen/Qwen3-Embedding-8B,4096,4,0,0.8050958333333333,0.8038375,,0.7774180555555557,1
Qwen/Qwen3-Embedding-8B,4096,4,1,0.8173680555555556,0.8578708333333334,,0.8373319444444445,1
Qwen/Qwen3-Embedding-8B,4096,4,2,0.8048097222222222,0.8370958333333334,,0.8454069444444444,3
Qwen/Qwen3-Embedding-8B,4096,4,3,0.8104861111111111,0.8343277777777778,,0.8415388888888888,3
Qwen/Qwen3-Embedding-8B,4096,4,4,0.8293222222222223,0.852425,,0.8071833333333334,1
Qwen/Qwen3-Embedding-8B,4096,4,5,0.8274694444444445,0.8592680555555555,,0.7193180555555555,2
Qwen/Qwen3-Embedding-8B,4096,4,6,0.78445,0.8285527777777776,,0.82785,1
Qwen/Qwen3-Embedding-8B,4096,4,7,0.8136972222222223,0.8380305555555555,,0.8508111111111112,3
Qwen/Qwen3-Embedding-8B,4096,4,8,0.7841000000000001,0.8249444444444445,,0.8251083333333332,1
Qwen/Qwen3-Embedding-8B,4096,4,9,0.7470069444444445,0.7898597222222222,,0.7949652777777778,1
Qwen/Qwen3-Embedding-8B,4096,4,10,0.8099638888888889,0.8184361111111111,,0.7911777777777778,2
Qwen/Qwen3-Embedding-8B,4096,4,11,0.7620694444444444,0.796225,,0.8115722222222223,1
Qwen/Qwen3-Embedding-8B,4096,4,12,0.7782208333333333,0.7994513888888889,,0.8157013888888889,1
Qwen/Qwen3-Embedding-8B,4096,4,13,0.8076847222222221,0.8339708333333333,,0.8138013888888889,1
Qwen/Qwen3-Embedding-8B,4096,4,14,0.7775027777777779,0.8196527777777777,,0.7951472222222222,2
Qwen/Qwen3-Embedding-8B,4096,4,15,0.7859958333333334,0.8227930555555556,,0.7400680555555555,2
Qwen/Qwen3-Embedding-8B,4096,4,16,0.8310000000000001,0.8490666666666666,,0.7496305555555555,1
Qwen/Qwen3-Embedding-8B,4096,4,17,0.7376041666666666,0.7884652777777779,,0.7808541666666666,2
Qwen/Qwen3-Embedding-8B,4096,4,18,0.8139666666666667,0.8400416666666667,,0.8467722222222223,1
Qwen/Qwen3-Embedding-8B,4096,4,19,0.7954055555555555,0.8212138888888889,,0.7752388888888888,1
Qwen/Qwen3-Embedding-8B,4096,4,20,0.7546763888888889,0.8029652777777778,,0.8150958333333334,2
Qwen/Qwen3-Embedding-8B,4096,4,21,0.8085333333333334,0.835663888888889,,0.8343305555555556,1
Qwen/Qwen3-Embedding-8B,4096,4,22,0.7826763888888889,0.8258541666666667,,0.8055486111111111,2
Qwen/Qwen3-Embedding-8B,4096,4,23,0.7747722222222222,0.8167305555555556,,0.8132833333333334,1
Qwen/Qwen3-Embedding-8B,4096,4,24,0.7821361111111113,0.8162666666666667,,0.8335055555555555,3
Qwen/Qwen3-Embedding-8B,4096,4,25,0.7850874999999999,0.8416722222222223,,0.769086111111111,1
Qwen/Qwen3-Embedding-8B,4096,4,26,0.74895,0.7872361111111111,,0.7721583333333334,3
Qwen/Qwen3-Embedding-8B,4096,4,27,0.7885236111111111,0.8260291666666666,,0.8052569444444444,1
Qwen/Qwen3-Embedding-8B,4096,4,28,0.8021458333333333,0.8333263888888889,,0.8180402777777779,3
Qwen/Qwen3-Embedding-8B,4096,4,29,0.7461305555555555,0.7407055555555555,,0.6967416666666666,1
Qwen/Qwen3-Embedding-8B,4096,4,30,0.7897208333333334,0.8166152777777778,,0.8209875,2
Qwen/Qwen3-Embedding-8B,4096,4,31,0.7855277777777778,0.8191250000000001,,0.8116166666666667,1
Qwen/Qwen3-Embedding-8B,4096,4,32,0.83945,0.8569944444444446,,0.8375416666666666,2
Qwen/Qwen3-Embedding-8B,4096,4,33,0.7812027777777777,0.8016555555555556,,0.771886111111111,1
Qwen/Qwen3-Embedding-8B,4096,4,34,0.7859611111111111,0.826188888888889,,0.8462416666666667,3
Qwen/Qwen3-Embedding-8B,4096,4,35,0.7840472222222222,0.8455416666666667,,0.8585916666666665,1
Qwen/Qwen3-Embedding-8B,4096,4,36,0.7787652777777778,0.8121513888888888,,0.8118402777777779,1
Qwen/Qwen3-Embedding-8B,4096,4,37,0.8271652777777778,0.8490263888888888,,0.8304625,2
Qwen/Qwen3-Embedding-8B,4096,4,38,0.7827472222222223,0.7980944444444444,,0.8105805555555555,1
Qwen/Qwen3-Embedding-8B,4096,4,39,0.8227888888888889,0.8446444444444443,,0.785163888888889,1
Qwen/Qwen3-Embedding-8B,4096,4,40,0.7462458333333333,0.7535375,,0.7276347222222221,3
Qwen/Qwen3-Embedding-8B,4096,4,41,0.8016722222222221,0.8349361111111112,,0.8374222222222223,2
Qwen/Qwen3-Embedding-8B,4096,4,42,0.7965375,0.8402569444444444,,0.7947319444444445,3
Qwen/Qwen3-Embedding-8B,4096,4,43,0.7435847222222222,0.7777680555555556,,0.7256319444444446,2
Qwen/Qwen3-Embedding-8B,4096,4,44,0.8034555555555556,0.8179444444444444,,0.7896805555555556,1
Qwen/Qwen3-Embedding-8B,4096,4,45,0.8059902777777779,0.8464847222222222,,0.7742375,1
Qwen/Qwen3-Embedding-8B,4096,4,46,0.7872069444444445,0.788873611111111,,0.6042458333333334,2
Qwen/Qwen3-Embedding-8B,4096,4,47,0.8099569444444445,0.834426388888889,,0.8300902777777778,3
Qwen/Qwen3-Embedding-8B,4096,4,48,0.7486472222222222,0.7453861111111111,,0.6242888888888889,3
Qwen/Qwen3-Embedding-8B,4096,4,49,0.7964652777777778,0.7781069444444444,,0.6551152777777778,2
Qwen/Qwen3-Embedding-8B,4096,4,50,0.8220055555555554,0.8526777777777776,,0.7726111111111111,3
Qwen/Qwen3-Embedding-8B,4096,4,51,0.8009833333333334,0.8193138888888889,,0.8125361111111111,1
Qwen/Qwen3-Embedding-8B,4096,4,52,0.803061111111111,0.8351222222222223,,0.8339194444444444,3
Qwen/Qwen3-Embedding-8B,4096,4,53,0.8327166666666667,0.843375,,0.8025083333333333,1
Qwen/Qwen3-Embedding-8B,4096,4,54,0.8096111111111112,0.8397666666666668,,0.7950638888888889,1
Qwen/Qwen3-Embedding-8B,4096,4,55,0.8018638888888887,0.8389222222222222,,0.8067527777777778,1
Qwen/Qwen3-Embedding-8B,4096,4,56,0.8145847222222222,0.8266402777777778,,0.8143347222222223,1
Qwen/Qwen3-Embedding-8B,4096,4,57,0.7676736111111111,0.8247402777777777,,0.8281069444444444,1
Qwen/Qwen3-Embedding-8B,4096,4,58,0.8056888888888888,0.8507694444444444,,0.8419694444444444,3
Qwen/Qwen3-Embedding-8B,4096,4,59,0.777848611111111,0.7866652777777778,,0.7791819444444444,1
Qwen/Qwen3-Embedding-8B,4096,4,60,0.7749027777777778,0.7926819444444444,,0.47856527777777774,3
Qwen/Qwen3-Embedding-8B,4096,4,61,0.8187194444444443,0.8348888888888889,,0.8455416666666666,2
Qwen/Qwen3-Embedding-8B,4096,4,62,0.7880652777777778,0.8091652777777778,,0.7858902777777778,2
Qwen/Qwen3-Embedding-8B,4096,4,63,0.8142611111111111,0.8317111111111111,,0.8004111111111111,2
Qwen/Qwen3-Embedding-8B,4096,4,64,0.7960083333333332,0.8270416666666666,,0.841363888888889,1
Qwen/Qwen3-Embedding-8B,4096,4,65,0.7645333333333333,0.7964555555555556,,0.8226694444444445,1
Qwen/Qwen3-Embedding-8B,4096,4,66,0.782675,0.7965527777777778,,0.7567250000000001,2
Qwen/Qwen3-Embedding-8B,4096,4,67,0.8092180555555556,0.8262847222222223,,0.8053791666666666,1
Qwen/Qwen3-Embedding-8B,4096,4,68,0.7906333333333333,0.8356222222222223,,0.8492138888888888,3
Qwen/Qwen3-Embedding-8B,4096,4,69,0.8387722222222223,0.8563833333333333,,0.7608166666666667,3
Qwen/Qwen3-Embedding-8B,4096,4,70,0.8193652777777778,0.8479125000000001,,0.8564513888888889,3
Qwen/Qwen3-Embedding-8B,4096,4,71,0.7521986111111112,0.8018375,,0.7986458333333333,3
Qwen/Qwen3-Embedding-8B,4096,4,72,0.8268500000000001,0.8564277777777778,,0.8281083333333333,1
Qwen/Qwen3-Embedding-8B,4096,4,73,0.778963888888889,0.809736111111111,,0.8172583333333333,1
Qwen/Qwen3-Embedding-8B,4096,4,74,0.7548583333333333,0.7336694444444445,,0.6474444444444444,2
Qwen/Qwen3-Embedding-8B,4096,4,75,0.7928652777777778,0.817076388888889,,0.8244597222222222,1
Qwen/Qwen3-Embedding-8B,4096,4,76,0.7736194444444444,0.7869305555555556,,0.7852499999999999,1
Qwen/Qwen3-Embedding-8B,4096,4,77,0.803775,0.8444805555555557,,0.8727027777777778,3
Qwen/Qwen3-Embedding-8B,4096,4,78,0.8166194444444443,0.8321083333333333,,0.8395111111111111,1
Qwen/Qwen3-Embedding-8B,4096,4,79,0.781172222222222,0.812713888888889,,0.7842250000000001,3
Qwen/Qwen3-Embedding-8B,4096,4,80,0.785898611111111,0.8016125000000001,,0.7918902777777779,2
Qwen/Qwen3-Embedding-8B,4096,4,81,0.7917430555555556,0.8220902777777778,,0.5026875,3
Qwen/Qwen3-Embedding-8B,4096,4,82,0.8236055555555555,0.8424694444444444,,0.8389833333333334,3
Qwen/Qwen3-Embedding-8B,4096,4,83,0.7982152777777778,0.8334763888888889,,0.8521152777777778,1
Qwen/Qwen3-Embedding-8B,4096,4,84,0.7838041666666666,0.8183041666666667,,0.8349374999999999,1
Qwen/Qwen3-Embedding-8B,4096,4,85,0.7830277777777778,0.8126083333333334,,0.7910222222222222,1
Qwen/Qwen3-Embedding-8B,4096,4,86,0.7792847222222222,0.8206819444444444,,0.8247875,2
Qwen/Qwen3-Embedding-8B,4096,4,87,0.7695444444444445,0.8030750000000001,,0.8177805555555556,3
Qwen/Qwen3-Embedding-8B,4096,4,88,0.8031944444444443,0.8246888888888889,,0.8154111111111111,2
Qwen/Qwen3-Embedding-8B,4096,4,89,0.7661541666666666,0.7990569444444443,,0.6598763888888889,3
Qwen/Qwen3-Embedding-8B,4096,4,90,0.8137958333333333,0.8419263888888888,,0.8471291666666667,1
Qwen/Qwen3-Embedding-8B,4096,4,91,0.7657555555555556,0.7599388888888889,,0.4069055555555555,1
Qwen/Qwen3-Embedding-8B,4096,4,92,0.8176194444444445,0.8580777777777776,,0.8586583333333333,2
Qwen/Qwen3-Embedding-8B,4096,4,93,0.7498125,0.7894930555555555,,0.7856652777777778,1
Qwen/Qwen3-Embedding-8B,4096,4,94,0.8008625,0.8362375,,0.8126319444444445,1
Qwen/Qwen3-Embedding-8B,4096,4,95,0.7838513888888888,0.7899611111111111,,0.7640944444444444,2
Qwen/Qwen3-Embedding-8B,4096,4,96,0.7889027777777777,0.7997805555555555,,0.7967694444444444,1
Qwen/Qwen3-Embedding-8B,4096,4,97,0.7891652777777777,0.8299986111111112,,0.8194847222222222,1
Qwen/Qwen3-Embedding-8B,4096,4,98,0.8315597222222223,0.8720680555555556,,0.8730763888888888,3
Qwen/Qwen3-Embedding-8B,4096,4,99,0.8009722222222222,0.8394361111111109,,0.8495972222222223,3
Qwen/Qwen3-Embedding-8B,4096,5,0,0.7885597222222221,0.7879402777777778,,0.7551263888888888,5
Qwen/Qwen3-Embedding-8B,4096,5,1,0.8033013888888889,0.8538097222222222,,0.8577819444444444,1
Qwen/Qwen3-Embedding-8B,4096,5,2,0.7989819444444445,0.8409347222222223,,0.8431513888888889,3
Qwen/Qwen3-Embedding-8B,4096,5,3,0.8120694444444445,0.8366416666666666,,0.8447694444444445,2
Qwen/Qwen3-Embedding-8B,4096,5,4,0.8358361111111111,0.8588138888888888,,0.7787305555555555,1
Qwen/Qwen3-Embedding-8B,4096,5,5,0.8128069444444445,0.850548611111111,,0.6914430555555555,1
Qwen/Qwen3-Embedding-8B,4096,5,6,0.7731166666666667,0.822786111111111,,0.8222722222222222,1
Qwen/Qwen3-Embedding-8B,4096,5,7,0.7973583333333334,0.8235222222222222,,0.8293194444444445,1
Qwen/Qwen3-Embedding-8B,4096,5,8,0.8010111111111111,0.8392583333333333,,0.8274138888888889,2
Qwen/Qwen3-Embedding-8B,4096,5,9,0.7575180555555554,0.7924180555555556,,0.7822097222222223,1
Qwen/Qwen3-Embedding-8B,4096,5,10,0.7996027777777777,0.8199138888888888,,0.7920083333333334,3
Qwen/Qwen3-Embedding-8B,4096,5,11,0.7706500000000001,0.807075,,0.8250083333333333,5
Qwen/Qwen3-Embedding-8B,4096,5,12,0.7810041666666666,0.814948611111111,,0.8391930555555556,1
Qwen/Qwen3-Embedding-8B,4096,5,13,0.8092430555555556,0.8401236111111111,,0.8386652777777778,5
Qwen/Qwen3-Embedding-8B,4096,5,14,0.7644611111111111,0.8235666666666667,,0.8096000000000001,5
Qwen/Qwen3-Embedding-8B,4096,5,15,0.7869000000000002,0.8346208333333333,,0.7674291666666666,5
Qwen/Qwen3-Embedding-8B,4096,5,16,0.8130388888888889,0.8416638888888889,,0.7737472222222221,1
Qwen/Qwen3-Embedding-8B,4096,5,17,0.7163430555555554,0.7883736111111113,,0.7546625,2
Qwen/Qwen3-Embedding-8B,4096,5,18,0.8052499999999999,0.8354083333333333,,0.8477222222222222,1
Qwen/Qwen3-Embedding-8B,4096,5,19,0.7820027777777777,0.8256361111111111,,0.786175,1
Qwen/Qwen3-Embedding-8B,4096,5,20,0.7565180555555555,0.8092569444444445,,0.829951388888889,5
Qwen/Qwen3-Embedding-8B,4096,5,21,0.7986361111111111,0.8277500000000001,,0.8253638888888889,1
Qwen/Qwen3-Embedding-8B,4096,5,22,0.7742125,0.8246680555555556,,0.7989125,2
Qwen/Qwen3-Embedding-8B,4096,5,23,0.7587236111111111,0.7983527777777779,,0.7931166666666666,1
Qwen/Qwen3-Embedding-8B,4096,5,24,0.7786416666666667,0.8297222222222224,,0.8455666666666667,1
Qwen/Qwen3-Embedding-8B,4096,5,25,0.7695777777777777,0.8398083333333332,,0.7931305555555556,1
Qwen/Qwen3-Embedding-8B,4096,5,26,0.7675444444444445,0.8088083333333334,,0.7763,1
Qwen/Qwen3-Embedding-8B,4096,5,27,0.7865375000000001,0.8290791666666668,,0.838540277777778,1
Qwen/Qwen3-Embedding-8B,4096,5,28,0.8176486111111112,0.852598611111111,,0.8494097222222223,1
Qwen/Qwen3-Embedding-8B,4096,5,29,0.7445805555555556,0.7464472222222223,,0.7251111111111112,1
Qwen/Qwen3-Embedding-8B,4096,5,30,0.7913263888888888,0.8138402777777778,,0.7787458333333334,2
Qwen/Qwen3-Embedding-8B,4096,5,31,0.7872416666666666,0.822313888888889,,0.8338444444444445,2
Qwen/Qwen3-Embedding-8B,4096,5,32,0.8281694444444445,0.8488611111111111,,0.8283833333333334,2
Qwen/Qwen3-Embedding-8B,4096,5,33,0.769036111111111,0.8057888888888889,,0.7993611111111111,1
Qwen/Qwen3-Embedding-8B,4096,5,34,0.7805638888888888,0.8211138888888889,,0.8395583333333333,5
Qwen/Qwen3-Embedding-8B,4096,5,35,0.7980777777777777,0.8601305555555556,,0.8726638888888888,2
Qwen/Qwen3-Embedding-8B,4096,5,36,0.7767930555555556,0.8243874999999999,,0.8161930555555555,2
Qwen/Qwen3-Embedding-8B,4096,5,37,0.8128319444444445,0.8527791666666666,,0.8549319444444444,2
Qwen/Qwen3-Embedding-8B,4096,5,38,0.7862861111111111,0.8052,,0.8120444444444445,1
Qwen/Qwen3-Embedding-8B,4096,5,39,0.8087,0.8041416666666666,,0.7212833333333334,1
Qwen/Qwen3-Embedding-8B,4096,5,40,0.7440180555555556,0.7610819444444444,,0.7628291666666667,3
Qwen/Qwen3-Embedding-8B,4096,5,41,0.793638888888889,0.8379861111111111,,0.822825,2
Qwen/Qwen3-Embedding-8B,4096,5,42,0.8020319444444444,0.8487625,,0.837273611111111,5
Qwen/Qwen3-Embedding-8B,4096,5,43,0.7358124999999999,0.7783097222222222,,0.7501597222222222,2
Qwen/Qwen3-Embedding-8B,4096,5,44,0.8145888888888889,0.8412611111111109,,0.808911111111111,1
Qwen/Qwen3-Embedding-8B,4096,5,45,0.7969736111111112,0.8288125000000001,,0.7933930555555556,1
Qwen/Qwen3-Embedding-8B,4096,5,46,0.7998513888888887,0.8399486111111112,,0.7481041666666666,1
Qwen/Qwen3-Embedding-8B,4096,5,47,0.7984708333333332,0.8257097222222222,,0.8309236111111112,1
Qwen/Qwen3-Embedding-8B,4096,5,48,0.7716388888888889,0.7908555555555556,,0.7271972222222223,1
Qwen/Qwen3-Embedding-8B,4096,5,49,0.7927569444444444,0.8239375,,0.6814625,5
Qwen/Qwen3-Embedding-8B,4096,5,50,0.7997777777777778,0.8456694444444446,,0.8172027777777777,2
Qwen/Qwen3-Embedding-8B,4096,5,51,0.7891027777777778,0.8052888888888889,,0.8079916666666664,1
Qwen/Qwen3-Embedding-8B,4096,5,52,0.8073111111111111,0.8456,,0.8394916666666667,3
Qwen/Qwen3-Embedding-8B,4096,5,53,0.8214527777777777,0.8526111111111112,,0.8303888888888888,1
Qwen/Qwen3-Embedding-8B,4096,5,54,0.809475,0.8420750000000001,,0.8100444444444445,1
Qwen/Qwen3-Embedding-8B,4096,5,55,0.8087527777777779,0.8458583333333334,,0.8452722222222222,3
Qwen/Qwen3-Embedding-8B,4096,5,56,0.8060236111111112,0.8283708333333334,,0.8186958333333333,1
Qwen/Qwen3-Embedding-8B,4096,5,57,0.7754958333333333,0.8251513888888888,,0.8289375000000001,3
Qwen/Qwen3-Embedding-8B,4096,5,58,0.8141722222222223,0.8541333333333334,,0.8564138888888888,3
Qwen/Qwen3-Embedding-8B,4096,5,59,0.7657680555555555,0.7897875000000001,,0.7949597222222222,1
Qwen/Qwen3-Embedding-8B,4096,5,60,0.7948097222222221,0.8281625000000001,,0.6596208333333333,3
Qwen/Qwen3-Embedding-8B,4096,5,61,0.8117944444444445,0.8264027777777778,,0.8370222222222222,2
Qwen/Qwen3-Embedding-8B,4096,5,62,0.8003097222222222,0.8333708333333333,,0.8377125000000001,1
Qwen/Qwen3-Embedding-8B,4096,5,63,0.7989694444444444,0.8143861111111111,,0.7959138888888888,2
Qwen/Qwen3-Embedding-8B,4096,5,64,0.7830166666666667,0.805575,,0.8220611111111111,1
Qwen/Qwen3-Embedding-8B,4096,5,65,0.7758222222222223,0.8268916666666666,,0.8457888888888889,3
Qwen/Qwen3-Embedding-8B,4096,5,66,0.8007361111111111,0.8390444444444444,,0.8130666666666666,3
Qwen/Qwen3-Embedding-8B,4096,5,67,0.7985430555555556,0.8255791666666668,,0.8155791666666666,1
Qwen/Qwen3-Embedding-8B,4096,5,68,0.7863666666666665,0.8290777777777777,,0.8446527777777778,1
Qwen/Qwen3-Embedding-8B,4096,5,69,0.8402694444444444,0.8582000000000001,,0.7839388888888889,3
Qwen/Qwen3-Embedding-8B,4096,5,70,0.8293236111111112,0.8580319444444444,,0.8562291666666666,3
Qwen/Qwen3-Embedding-8B,4096,5,71,0.7628208333333333,0.8168069444444446,,0.8189541666666666,2
Qwen/Qwen3-Embedding-8B,4096,5,72,0.8205861111111111,0.8537555555555557,,0.7990999999999999,1
Qwen/Qwen3-Embedding-8B,4096,5,73,0.7876444444444444,0.8121194444444446,,0.8131361111111111,1
Qwen/Qwen3-Embedding-8B,4096,5,74,0.7489250000000001,0.7348805555555555,,0.6383833333333333,5
Qwen/Qwen3-Embedding-8B,4096,5,75,0.7821458333333333,0.8242291666666666,,0.8371097222222221,1
Qwen/Qwen3-Embedding-8B,4096,5,76,0.7735944444444445,0.7990638888888888,,0.8097555555555556,1
Qwen/Qwen3-Embedding-8B,4096,5,77,0.8099888888888889,0.851563888888889,,0.874411111111111,3
Qwen/Qwen3-Embedding-8B,4096,5,78,0.822786111111111,0.837563888888889,,0.8460083333333333,1
Qwen/Qwen3-Embedding-8B,4096,5,79,0.7991861111111112,0.8231250000000001,,0.8254083333333333,1
Qwen/Qwen3-Embedding-8B,4096,5,80,0.7976513888888888,0.8175708333333334,,0.8175819444444445,2
Qwen/Qwen3-Embedding-8B,4096,5,81,0.7831708333333334,0.8291291666666667,,0.6493097222222222,3
Qwen/Qwen3-Embedding-8B,4096,5,82,0.8122083333333334,0.8431222222222223,,0.8454472222222222,3
Qwen/Qwen3-Embedding-8B,4096,5,83,0.807276388888889,0.8399513888888888,,0.8523180555555556,1
Qwen/Qwen3-Embedding-8B,4096,5,84,0.7805847222222222,0.8123069444444444,,0.828576388888889,1
Qwen/Qwen3-Embedding-8B,4096,5,85,0.7891777777777778,0.8292999999999998,,0.8277555555555556,1
Qwen/Qwen3-Embedding-8B,4096,5,86,0.7928986111111112,0.8400291666666666,,0.8575569444444444,3
Qwen/Qwen3-Embedding-8B,4096,5,87,0.7706027777777777,0.8023305555555555,,0.817375,5
Qwen/Qwen3-Embedding-8B,4096,5,88,0.8064555555555556,0.8330194444444445,,0.8389250000000001,2
Qwen/Qwen3-Embedding-8B,4096,5,89,0.7705708333333333,0.8089291666666666,,0.7352597222222222,5
Qwen/Qwen3-Embedding-8B,4096,5,90,0.8122319444444444,0.8479347222222222,,0.8493347222222222,1
Qwen/Qwen3-Embedding-8B,4096,5,91,0.7634861111111111,0.741136111111111,,0.48172777777777775,1
Qwen/Qwen3-Embedding-8B,4096,5,92,0.819725,0.8600416666666667,,0.8687777777777778,2
Qwen/Qwen3-Embedding-8B,4096,5,93,0.7546124999999999,0.7925902777777778,,0.7822402777777777,1
Qwen/Qwen3-Embedding-8B,4096,5,94,0.8148486111111112,0.847348611111111,,0.789623611111111,1
Qwen/Qwen3-Embedding-8B,4096,5,95,0.7767083333333333,0.7827111111111111,,0.7751611111111111,2
Qwen/Qwen3-Embedding-8B,4096,5,96,0.8070055555555555,0.8389166666666668,,0.8355305555555556,2
Qwen/Qwen3-Embedding-8B,4096,5,97,0.7887902777777778,0.8374513888888888,,0.8410541666666665,1
Qwen/Qwen3-Embedding-8B,4096,5,98,0.8293569444444445,0.8739986111111111,,0.8617736111111111,5
Qwen/Qwen3-Embedding-8B,4096,5,99,0.7962722222222223,0.8351916666666668,,0.7968472222222222,2
Qwen/Qwen3-Embedding-8B,4096,7,0,0.8004458333333334,0.8270180555555555,,0.8336458333333333,1
Qwen/Qwen3-Embedding-8B,4096,7,1,0.8109625,0.8528347222222221,,0.8601180555555555,5
Qwen/Qwen3-Embedding-8B,4096,7,2,0.7959958333333333,0.8355152777777777,,0.8406069444444445,2
Qwen/Qwen3-Embedding-8B,4096,7,3,0.801061111111111,0.8367333333333334,,0.8456611111111111,2
Qwen/Qwen3-Embedding-8B,4096,7,4,0.8371250000000001,0.8657666666666668,,0.8316777777777778,1
Qwen/Qwen3-Embedding-8B,4096,7,5,0.8127458333333333,0.8631874999999999,,0.8333208333333333,1
Qwen/Qwen3-Embedding-8B,4096,7,6,0.7799833333333335,0.8258749999999999,,0.8312499999999999,1
Qwen/Qwen3-Embedding-8B,4096,7,7,0.7970027777777778,0.8380805555555555,,0.850338888888889,2
Qwen/Qwen3-Embedding-8B,4096,7,8,0.8116930555555555,0.8502333333333334,,0.8435388888888888,2
Qwen/Qwen3-Embedding-8B,4096,7,9,0.7742180555555556,0.8171819444444444,,0.7964152777777778,1
Qwen/Qwen3-Embedding-8B,4096,7,10,0.7920166666666667,0.8091444444444444,,0.7960888888888888,3
Qwen/Qwen3-Embedding-8B,4096,7,11,0.7794222222222222,0.8287333333333334,,0.8444805555555556,2
Qwen/Qwen3-Embedding-8B,4096,7,12,0.7861847222222224,0.8337152777777778,,0.850909722222222,2
Qwen/Qwen3-Embedding-8B,4096,7,13,0.8076680555555555,0.8360513888888889,,0.8413124999999999,5
Qwen/Qwen3-Embedding-8B,4096,7,14,0.7713944444444444,0.8273416666666666,,0.8343694444444445,5
Qwen/Qwen3-Embedding-8B,4096,7,15,0.7806569444444444,0.8415930555555555,,0.8350347222222222,5
Qwen/Qwen3-Embedding-8B,4096,7,16,0.8327166666666668,0.8603833333333334,,0.8383083333333334,1
Qwen/Qwen3-Embedding-8B,4096,7,17,0.7432361111111112,0.8027680555555555,,0.6891847222222222,2
Qwen/Qwen3-Embedding-8B,4096,7,18,0.8017138888888888,0.839211111111111,,0.84775,2
Qwen/Qwen3-Embedding-8B,4096,7,19,0.7880361111111112,0.8355527777777778,,0.7868166666666666,1
Qwen/Qwen3-Embedding-8B,4096,7,20,0.7694624999999999,0.8252902777777779,,0.8483180555555555,5
Qwen/Qwen3-Embedding-8B,4096,7,21,0.8114305555555555,0.8501611111111111,,0.8559166666666667,1
Qwen/Qwen3-Embedding-8B,4096,7,22,0.8024513888888888,0.8591125,,0.780226388888889,2
Qwen/Qwen3-Embedding-8B,4096,7,23,0.7667277777777778,0.8062333333333334,,0.7944666666666667,2
Qwen/Qwen3-Embedding-8B,4096,7,24,0.7753486111111112,0.8289972222222223,,0.8449666666666668,1
Qwen/Qwen3-Embedding-8B,4096,7,25,0.7755916666666667,0.8480972222222223,,0.6624055555555555,1
Qwen/Qwen3-Embedding-8B,4096,7,26,0.7908472222222223,0.8362194444444444,,0.8184333333333333,1
Qwen/Qwen3-Embedding-8B,4096,7,27,0.7935708333333333,0.8440347222222222,,0.8543791666666666,1
Qwen/Qwen3-Embedding-8B,4096,7,28,0.8137708333333334,0.8547902777777778,,0.8682763888888889,2
Qwen/Qwen3-Embedding-8B,4096,7,29,0.7627305555555555,0.8063,,0.8021055555555554,1
Qwen/Qwen3-Embedding-8B,4096,7,30,0.7886097222222224,0.8157319444444444,,0.7966680555555556,2
Qwen/Qwen3-Embedding-8B,4096,7,31,0.7959111111111111,0.8336833333333332,,0.8416083333333334,2
Qwen/Qwen3-Embedding-8B,4096,7,32,0.8240513888888888,0.8581305555555556,,0.8542972222222222,3
Qwen/Qwen3-Embedding-8B,4096,7,33,0.7674805555555555,0.7926111111111112,,0.76695,1
Qwen/Qwen3-Embedding-8B,4096,7,34,0.8008694444444445,0.8430222222222223,,0.8564416666666668,1
Qwen/Qwen3-Embedding-8B,4096,7,35,0.8037611111111111,0.8589055555555556,,0.8697750000000001,3
Qwen/Qwen3-Embedding-8B,4096,7,36,0.7884180555555556,0.8358958333333334,,0.8413319444444444,2
Qwen/Qwen3-Embedding-8B,4096,7,37,0.7897819444444445,0.8246152777777777,,0.8024097222222222,1
Qwen/Qwen3-Embedding-8B,4096,7,38,0.7790944444444443,0.8134388888888888,,0.8265527777777777,1
Qwen/Qwen3-Embedding-8B,4096,7,39,0.8105652777777778,0.8328888888888888,,0.7983138888888888,2
Qwen/Qwen3-Embedding-8B,4096,7,40,0.7674291666666666,0.8051208333333333,,0.8233374999999999,5
Qwen/Qwen3-Embedding-8B,4096,7,41,0.7894361111111111,0.84165,,0.8388583333333333,2
Qwen/Qwen3-Embedding-8B,4096,7,42,0.8110708333333334,0.8508625,,0.8623430555555556,3
Qwen/Qwen3-Embedding-8B,4096,7,43,0.7579291666666665,0.8201402777777779,,0.8264875,2
Qwen/Qwen3-Embedding-8B,4096,7,44,0.8192416666666668,0.8461111111111111,,0.8368916666666667,1
Qwen/Qwen3-Embedding-8B,4096,7,45,0.7982180555555557,0.8490902777777778,,0.8376486111111112,1
Qwen/Qwen3-Embedding-8B,4096,7,46,0.8091486111111111,0.847173611111111,,0.7494319444444444,2
Qwen/Qwen3-Embedding-8B,4096,7,47,0.7892458333333333,0.8280625,,0.841251388888889,1
Qwen/Qwen3-Embedding-8B,4096,7,48,0.7575638888888889,0.7819805555555556,,0.7284694444444444,1
Qwen/Qwen3-Embedding-8B,4096,7,49,0.8014041666666667,0.845901388888889,,0.8261291666666667,5
Qwen/Qwen3-Embedding-8B,4096,7,50,0.7987166666666666,0.8442888888888889,,0.8396499999999999,2
Qwen/Qwen3-Embedding-8B,4096,7,51,0.8015777777777778,0.8250055555555555,,0.8234027777777777,1
Qwen/Qwen3-Embedding-8B,4096,7,52,0.8023111111111111,0.8493444444444446,,0.829775,5
Qwen/Qwen3-Embedding-8B,4096,7,53,0.823938888888889,0.8593166666666667,,0.8337861111111112,1
Qwen/Qwen3-Embedding-8B,4096,7,54,0.8083111111111111,0.8462972222222223,,0.8163916666666668,2
Qwen/Qwen3-Embedding-8B,4096,7,55,0.8091402777777779,0.844486111111111,,0.8383944444444444,2
Qwen/Qwen3-Embedding-8B,4096,7,56,0.8008236111111111,0.8400791666666667,,0.8417847222222222,1
Qwen/Qwen3-Embedding-8B,4096,7,57,0.7644847222222223,0.8324736111111111,,0.8317097222222222,3
Qwen/Qwen3-Embedding-8B,4096,7,58,0.8161152777777778,0.8558944444444444,,0.8476722222222223,3
Qwen/Qwen3-Embedding-8B,4096,7,59,0.7688958333333333,0.7974736111111111,,0.8096152777777778,1
Qwen/Qwen3-Embedding-8B,4096,7,60,0.7952513888888888,0.8543486111111112,,0.7943236111111112,2
Qwen/Qwen3-Embedding-8B,4096,7,61,0.8021027777777778,0.822125,,0.8306833333333333,3
Qwen/Qwen3-Embedding-8B,4096,7,62,0.8023486111111112,0.8472180555555555,,0.8540874999999999,5
Qwen/Qwen3-Embedding-8B,4096,7,63,0.7972583333333334,0.8162305555555556,,0.8117472222222222,3
Qwen/Qwen3-Embedding-8B,4096,7,64,0.7815027777777779,0.8274583333333333,,0.833438888888889,2
Qwen/Qwen3-Embedding-8B,4096,7,65,0.7944666666666667,0.8368111111111112,,0.8567055555555555,5
Qwen/Qwen3-Embedding-8B,4096,7,66,0.7966472222222221,0.8426944444444444,,0.8291416666666668,2
Qwen/Qwen3-Embedding-8B,4096,7,67,0.7948402777777777,0.8331125,,0.8235986111111111,5
Qwen/Qwen3-Embedding-8B,4096,7,68,0.7861305555555557,0.8307972222222222,,0.8494444444444444,2
Qwen/Qwen3-Embedding-8B,4096,7,69,0.8344111111111112,0.8597972222222222,,0.7692222222222223,5
Qwen/Qwen3-Embedding-8B,4096,7,70,0.8242541666666666,0.8609680555555556,,0.8634402777777777,1
Qwen/Qwen3-Embedding-8B,4096,7,71,0.7768625,0.8311902777777778,,0.8368680555555557,5
Qwen/Qwen3-Embedding-8B,4096,7,72,0.8161972222222222,0.8550638888888888,,0.8494777777777778,1
Qwen/Qwen3-Embedding-8B,4096,7,73,0.7988638888888888,0.8215694444444446,,0.8063833333333333,2
Qwen/Qwen3-Embedding-8B,4096,7,74,0.7688055555555556,0.8043555555555557,,0.8002777777777779,5
Qwen/Qwen3-Embedding-8B,4096,7,75,0.7982013888888889,0.8367375,,0.8450486111111111,1
Qwen/Qwen3-Embedding-8B,4096,7,76,0.7900861111111112,0.8260833333333334,,0.8251972222222222,1
Qwen/Qwen3-Embedding-8B,4096,7,77,0.804961111111111,0.8512694444444444,,0.8665277777777778,2
Qwen/Qwen3-Embedding-8B,4096,7,78,0.8209444444444445,0.84085,,0.8392416666666669,1
Qwen/Qwen3-Embedding-8B,4096,7,79,0.8014555555555555,0.8306194444444445,,0.8389944444444444,1
Qwen/Qwen3-Embedding-8B,4096,7,80,0.7858763888888889,0.7967680555555556,,0.7694402777777777,1
Qwen/Qwen3-Embedding-8B,4096,7,81,0.7847680555555555,0.8260291666666665,,0.7453652777777778,5
Qwen/Qwen3-Embedding-8B,4096,7,82,0.8225805555555554,0.8377388888888889,,0.8463555555555556,5
Qwen/Qwen3-Embedding-8B,4096,7,83,0.8132541666666666,0.8452402777777779,,0.8330958333333334,2
Qwen/Qwen3-Embedding-8B,4096,7,84,0.7972291666666667,0.8378347222222222,,0.8549013888888889,1
Qwen/Qwen3-Embedding-8B,4096,7,85,0.7841,0.8142833333333334,,0.819761111111111,5
Qwen/Qwen3-Embedding-8B,4096,7,86,0.791323611111111,0.8425430555555555,,0.8643041666666667,3
Qwen/Qwen3-Embedding-8B,4096,7,87,0.7739444444444444,0.8099194444444444,,0.8213694444444444,3
Qwen/Qwen3-Embedding-8B,4096,7,88,0.8023333333333333,0.8419666666666665,,0.8653722222222222,2
Qwen/Qwen3-Embedding-8B,4096,7,89,0.7761597222222222,0.8424819444444445,,0.8414763888888889,2
Qwen/Qwen3-Embedding-8B,4096,7,90,0.8224930555555556,0.8550541666666667,,0.8451958333333334,3
Qwen/Qwen3-Embedding-8B,4096,7,91,0.7759055555555556,0.8012333333333334,,0.7951277777777778,5
Qwen/Qwen3-Embedding-8B,4096,7,92,0.8077166666666665,0.8563166666666667,,0.8701833333333331,1
Qwen/Qwen3-Embedding-8B,4096,7,93,0.7729680555555556,0.8261458333333334,,0.7975986111111111,1
Qwen/Qwen3-Embedding-8B,4096,7,94,0.8314569444444444,0.8615124999999999,,0.7994902777777778,1
Qwen/Qwen3-Embedding-8B,4096,7,95,0.7922888888888888,0.8122222222222222,,0.8034472222222222,1
Qwen/Qwen3-Embedding-8B,4096,7,96,0.8128166666666667,0.8545944444444444,,0.8621777777777778,2
Qwen/Qwen3-Embedding-8B,4096,7,97,0.7909763888888888,0.8386652777777777,,0.8524402777777778,1
Qwen/Qwen3-Embedding-8B,4096,7,98,0.8195819444444444,0.8742819444444445,,0.870798611111111,5
Qwen/Qwen3-Embedding-8B,4096,7,99,0.8049638888888889,0.8469888888888889,,0.7933166666666667,2
Qwen/Qwen3-Embedding-8B,4096,10,0,0.787798611111111,0.8338097222222223,0.8596930555555555,0.8483847222222222,1
Qwen/Qwen3-Embedding-8B,4096,10,1,0.8032819444444443,0.8509958333333333,0.849176388888889,0.8583791666666667,2
Qwen/Qwen3-Embedding-8B,4096,10,2,0.7898763888888889,0.8269291666666667,0.8381124999999999,0.8364347222222221,3
Qwen/Qwen3-Embedding-8B,4096,10,3,0.7903083333333334,0.8319027777777778,0.8365611111111111,0.8434305555555556,1
Qwen/Qwen3-Embedding-8B,4096,10,4,0.8225194444444444,0.8638472222222222,0.861836111111111,0.8630944444444444,1
Qwen/Qwen3-Embedding-8B,4096,10,5,0.8177069444444445,0.8635541666666666,0.8669097222222222,0.8489597222222222,1
Qwen/Qwen3-Embedding-8B,4096,10,6,0.7878305555555556,0.8340194444444444,0.8406916666666667,0.8390611111111111,2
Qwen/Qwen3-Embedding-8B,4096,10,7,0.7990916666666666,0.8521555555555556,0.854161111111111,0.8714777777777777,2
Qwen/Qwen3-Embedding-8B,4096,10,8,0.8161194444444445,0.8586444444444443,0.8624916666666667,0.8606583333333333,2
Qwen/Qwen3-Embedding-8B,4096,10,9,0.7751763888888888,0.8233736111111111,0.8365986111111112,0.8307652777777779,1
Qwen/Qwen3-Embedding-8B,4096,10,10,0.7983388888888889,0.8220444444444444,0.7986944444444444,0.8311027777777777,5
Qwen/Qwen3-Embedding-8B,4096,10,11,0.7858250000000001,0.8463222222222222,0.862511111111111,0.8588972222222222,2
Qwen/Qwen3-Embedding-8B,4096,10,12,0.794998611111111,0.8402124999999999,0.8452958333333334,0.8401486111111112,2
Qwen/Qwen3-Embedding-8B,4096,10,13,0.7997069444444445,0.8421125,0.8404680555555557,0.8510847222222222,10
Qwen/Qwen3-Embedding-8B,4096,10,14,0.7920083333333333,0.8518111111111112,0.867125,0.8620166666666668,1
Qwen/Qwen3-Embedding-8B,4096,10,15,0.7860986111111111,0.847926388888889,0.8521958333333334,0.8434541666666666,5
Qwen/Qwen3-Embedding-8B,4096,10,16,0.8180888888888889,0.8643333333333333,0.8611138888888888,0.8437583333333334,1
Qwen/Qwen3-Embedding-8B,4096,10,17,0.7722041666666666,0.8382625,0.8523375000000001,0.7611569444444446,1
Qwen/Qwen3-Embedding-8B,4096,10,18,0.8039166666666667,0.8465333333333332,0.8474611111111112,0.8627972222222221,2
Qwen/Qwen3-Embedding-8B,4096,10,19,0.7954916666666666,0.8500555555555556,0.8563166666666666,0.8364249999999999,1
Qwen/Qwen3-Embedding-8B,4096,10,20,0.7727263888888889,0.8408208333333334,0.8292208333333333,0.8565652777777778,1
Qwen/Qwen3-Embedding-8B,4096,10,21,0.7958805555555557,0.845288888888889,0.8528222222222221,0.8464944444444444,1
Qwen/Qwen3-Embedding-8B,4096,10,22,0.7993736111111112,0.8489930555555556,0.7972291666666667,0.7520097222222222,5
Qwen/Qwen3-Embedding-8B,4096,10,23,0.7738361111111111,0.827825,0.8302694444444445,0.828913888888889,1
Qwen/Qwen3-Embedding-8B,4096,10,24,0.7880138888888889,0.8521416666666666,0.8517777777777777,0.8669166666666667,1
Qwen/Qwen3-Embedding-8B,4096,10,25,0.7791472222222222,0.8524694444444444,0.8179833333333333,0.8490972222222223,1
Qwen/Qwen3-Embedding-8B,4096,10,26,0.7865833333333333,0.8402666666666667,0.8391888888888889,0.8369361111111111,2
Qwen/Qwen3-Embedding-8B,4096,10,27,0.7840680555555556,0.8427847222222222,0.8001736111111112,0.847248611111111,1
Qwen/Qwen3-Embedding-8B,4096,10,28,0.8150375000000001,0.8549069444444445,0.8474152777777778,0.8655569444444445,1
Qwen/Qwen3-Embedding-8B,4096,10,29,0.764425,0.8144833333333334,0.8111055555555555,0.8285333333333333,1
Qwen/Qwen3-Embedding-8B,4096,10,30,0.7979402777777778,0.8368347222222221,0.8067763888888888,0.8376902777777778,1
Qwen/Qwen3-Embedding-8B,4096,10,31,0.7878749999999999,0.8294083333333333,0.8169722222222222,0.8344861111111112,3
Qwen/Qwen3-Embedding-8B,4096,10,32,0.8194944444444445,0.863375,0.8601722222222221,0.8677083333333333,1
Qwen/Qwen3-Embedding-8B,4096,10,33,0.7663027777777778,0.7944305555555555,0.7783944444444444,0.7989916666666667,10
Qwen/Qwen3-Embedding-8B,4096,10,34,0.7990166666666667,0.8410416666666667,0.8465972222222222,0.8531,1
Qwen/Qwen3-Embedding-8B,4096,10,35,0.801751388888889,0.8584861111111112,0.8634638888888889,0.8720888888888889,1
Qwen/Qwen3-Embedding-8B,4096,10,36,0.7934541666666667,0.8487319444444443,0.8533874999999999,0.8607625,2
Qwen/Qwen3-Embedding-8B,4096,10,37,0.8004041666666667,0.8462763888888889,0.8011569444444445,0.8438930555555555,1
Qwen/Qwen3-Embedding-8B,4096,10,38,0.7786027777777778,0.8216805555555555,0.8320638888888889,0.8378444444444444,3
Qwen/Qwen3-Embedding-8B,4096,10,39,0.8090722222222222,0.8557444444444444,0.8544416666666668,0.8540055555555555,2
Qwen/Qwen3-Embedding-8B,4096,10,40,0.7758236111111111,0.8098930555555556,0.8267180555555556,0.8218180555555555,1
Qwen/Qwen3-Embedding-8B,4096,10,41,0.7945666666666666,0.8468027777777778,0.8605416666666665,0.858375,1
Qwen/Qwen3-Embedding-8B,4096,10,42,0.8155374999999999,0.8571125,0.8634124999999999,0.8549208333333335,5
Qwen/Qwen3-Embedding-8B,4096,10,43,0.7710347222222222,0.8303319444444445,0.8172319444444444,0.8523680555555555,2
Qwen/Qwen3-Embedding-8B,4096,10,44,0.8156888888888889,0.8498666666666665,0.8543138888888889,0.8501999999999998,1
Qwen/Qwen3-Embedding-8B,4096,10,45,0.7919513888888887,0.848473611111111,0.8447847222222222,0.8565208333333333,1
Qwen/Qwen3-Embedding-8B,4096,10,46,0.8188986111111111,0.8655152777777778,0.8564958333333333,0.8529597222222222,1
Qwen/Qwen3-Embedding-8B,4096,10,47,0.7971791666666665,0.8474152777777779,0.8605430555555555,0.8633625,1
Qwen/Qwen3-Embedding-8B,4096,10,48,0.7668250000000001,0.8213444444444444,0.8037916666666667,0.8213111111111112,1
Qwen/Qwen3-Embedding-8B,4096,10,49,0.7925708333333333,0.8333819444444445,0.8549513888888889,0.8444513888888888,2
Qwen/Qwen3-Embedding-8B,4096,10,50,0.7818999999999999,0.8426777777777779,0.7335527777777777,0.827338888888889,2
Qwen/Qwen3-Embedding-8B,4096,10,51,0.8037194444444444,0.8411444444444444,0.8479305555555555,0.8406722222222222,1
Qwen/Qwen3-Embedding-8B,4096,10,52,0.7994694444444443,0.8561861111111111,0.8405277777777779,0.8383694444444444,3
Qwen/Qwen3-Embedding-8B,4096,10,53,0.8292805555555555,0.8678166666666666,0.8677944444444444,0.8417944444444444,2
Qwen/Qwen3-Embedding-8B,4096,10,54,0.7921972222222223,0.8442416666666666,0.8491166666666667,0.8218388888888889,2
Qwen/Qwen3-Embedding-8B,4096,10,55,0.81005,0.8610861111111111,0.8532083333333333,0.869438888888889,3
Qwen/Qwen3-Embedding-8B,4096,10,56,0.7953152777777778,0.8500430555555557,0.8412847222222223,0.8621958333333333,1
Qwen/Qwen3-Embedding-8B,4096,10,57,0.7725569444444444,0.8366152777777777,0.8479291666666665,0.8525430555555555,5
Qwen/Qwen3-Embedding-8B,4096,10,58,0.8075861111111111,0.8538694444444445,0.8651611111111112,0.8609055555555556,3
Qwen/Qwen3-Embedding-8B,4096,10,59,0.7824458333333334,0.8211402777777779,0.8148291666666667,0.8304930555555555,1
Qwen/Qwen3-Embedding-8B,4096,10,60,0.8008541666666666,0.8623736111111111,0.8231236111111111,0.8258152777777777,2
Qwen/Qwen3-Embedding-8B,4096,10,61,0.7888194444444444,0.8291555555555554,0.8591333333333334,0.8521333333333332,2
Qwen/Qwen3-Embedding-8B,4096,10,62,0.8070375000000001,0.8555763888888888,0.830051388888889,0.8574624999999999,1
Qwen/Qwen3-Embedding-8B,4096,10,63,0.8048472222222222,0.8382083333333334,0.8505444444444445,0.8387027777777778,2
Qwen/Qwen3-Embedding-8B,4096,10,64,0.7782277777777779,0.8247888888888889,0.8363277777777778,0.8301027777777777,2
Qwen/Qwen3-Embedding-8B,4096,10,65,0.7961166666666667,0.84745,0.8429722222222223,0.8590138888888887,1
Qwen/Qwen3-Embedding-8B,4096,10,66,0.8009,0.8497999999999999,0.8494972222222221,0.8604611111111111,3
Qwen/Qwen3-Embedding-8B,4096,10,67,0.7891319444444443,0.8333958333333333,0.7933541666666667,0.8209958333333334,10
Qwen/Qwen3-Embedding-8B,4096,10,68,0.7809527777777777,0.8360916666666667,0.8345138888888889,0.8525194444444445,2
Qwen/Qwen3-Embedding-8B,4096,10,69,0.8290138888888888,0.8631888888888888,0.8184472222222223,0.8124,5
Qwen/Qwen3-Embedding-8B,4096,10,70,0.8241180555555555,0.8625652777777778,0.8609708333333334,0.8518013888888891,2
Qwen/Qwen3-Embedding-8B,4096,10,71,0.7792513888888889,0.8336013888888889,0.8558013888888889,0.8428986111111111,1
Qwen/Qwen3-Embedding-8B,4096,10,72,0.8044277777777779,0.8527527777777777,0.8313916666666668,0.8581083333333334,1
Qwen/Qwen3-Embedding-8B,4096,10,73,0.8111000000000002,0.8386611111111111,0.8086,0.8286111111111111,3
Qwen/Qwen3-Embedding-8B,4096,10,74,0.7598194444444444,0.7860833333333332,0.7617472222222222,0.7887694444444445,1
Qwen/Qwen3-Embedding-8B,4096,10,75,0.8103291666666667,0.8523069444444444,0.8461902777777777,0.8584486111111111,1
Qwen/Qwen3-Embedding-8B,4096,10,76,0.7891666666666668,0.8266749999999999,0.8281222222222222,0.8346722222222221,1
Qwen/Qwen3-Embedding-8B,4096,10,77,0.810575,0.8653472222222222,0.8584166666666666,0.8749611111111112,5
Qwen/Qwen3-Embedding-8B,4096,10,78,0.8088194444444445,0.8430361111111111,0.8241333333333334,0.8345777777777779,1
Qwen/Qwen3-Embedding-8B,4096,10,79,0.8055888888888889,0.8449666666666668,0.8413166666666666,0.857875,1
Qwen/Qwen3-Embedding-8B,4096,10,80,0.7927013888888889,0.8101347222222222,0.7908069444444444,0.7916458333333334,2
Qwen/Qwen3-Embedding-8B,4096,10,81,0.7912513888888889,0.8285541666666667,0.7876291666666666,0.7921791666666667,1
Qwen/Qwen3-Embedding-8B,4096,10,82,0.8148805555555556,0.8547472222222222,0.8446527777777778,0.8505388888888888,1
Qwen/Qwen3-Embedding-8B,4096,10,83,0.8145513888888888,0.8699375,0.8515347222222223,0.8580652777777777,2
Qwen/Qwen3-Embedding-8B,4096,10,84,0.8012819444444446,0.8478708333333335,0.822973611111111,0.858398611111111,2
Qwen/Qwen3-Embedding-8B,4096,10,85,0.7684083333333334,0.8259583333333332,0.8221611111111111,0.8298222222222221,1
Qwen/Qwen3-Embedding-8B,4096,10,86,0.8095319444444444,0.8677486111111111,0.8651152777777779,0.8692819444444444,3
Qwen/Qwen3-Embedding-8B,4096,10,87,0.7883638888888889,0.8321055555555555,0.8174416666666667,0.8442944444444445,3
Qwen/Qwen3-Embedding-8B,4096,10,88,0.813725,0.8488916666666667,0.8664027777777776,0.8549166666666665,10
Qwen/Qwen3-Embedding-8B,4096,10,89,0.7817847222222223,0.8437069444444443,0.8525847222222221,0.8535124999999999,2
Qwen/Qwen3-Embedding-8B,4096,10,90,0.8196069444444445,0.8557152777777779,0.8598874999999999,0.830701388888889,5
Qwen/Qwen3-Embedding-8B,4096,10,91,0.7833083333333333,0.8287,0.798025,0.8196055555555556,2
Qwen/Qwen3-Embedding-8B,4096,10,92,0.8195805555555555,0.8667194444444445,0.8659555555555556,0.8757527777777777,1
Qwen/Qwen3-Embedding-8B,4096,10,93,0.7910680555555555,0.8494541666666666,0.8536958333333333,0.8464152777777778,1
Qwen/Qwen3-Embedding-8B,4096,10,94,0.8150208333333333,0.8654208333333333,0.8656819444444445,0.8622180555555556,1
Qwen/Qwen3-Embedding-8B,4096,10,95,0.7974333333333333,0.8388777777777778,0.807713888888889,0.8411611111111112,1
Qwen/Qwen3-Embedding-8B,4096,10,96,0.7998416666666668,0.8562166666666667,0.8610777777777778,0.8683249999999999,2
Qwen/Qwen3-Embedding-8B,4096,10,97,0.7924041666666666,0.8326375,0.8326430555555555,0.8470097222222222,1
Qwen/Qwen3-Embedding-8B,4096,10,98,0.8095597222222223,0.8724652777777778,0.8722513888888889,0.8726319444444445,2
Qwen/Qwen3-Embedding-8B,4096,10,99,0.8067083333333332,0.8636111111111111,0.8377888888888889,0.8398000000000001,1
Qwen/Qwen3-Embedding-8B,4096,15,0,0.7889013888888889,0.8499375000000001,0.8578791666666666,0.8610402777777778,1
Qwen/Qwen3-Embedding-8B,4096,15,1,0.8095986111111111,0.8625430555555554,0.8442986111111112,0.8649541666666666,5
Qwen/Qwen3-Embedding-8B,4096,15,2,0.7910597222222222,0.8433875000000002,0.8262319444444444,0.8474791666666667,1
Qwen/Qwen3-Embedding-8B,4096,15,3,0.7773000000000001,0.8348194444444446,0.8441222222222222,0.8480249999999999,1
Qwen/Qwen3-Embedding-8B,4096,15,4,0.8129555555555557,0.8680027777777778,0.8712722222222222,0.8715555555555556,1
Qwen/Qwen3-Embedding-8B,4096,15,5,0.8181236111111112,0.8670902777777777,0.8733069444444443,0.8551819444444446,1
Qwen/Qwen3-Embedding-8B,4096,15,6,0.7925722222222222,0.8447388888888889,0.8439972222222222,0.8481194444444443,2
Qwen/Qwen3-Embedding-8B,4096,15,7,0.7938972222222221,0.8515527777777778,0.8558527777777778,0.8716555555555556,3
Qwen/Qwen3-Embedding-8B,4096,15,8,0.8113638888888888,0.8594,0.8695388888888889,0.8682472222222223,2
Qwen/Qwen3-Embedding-8B,4096,15,9,0.7814375,0.8297263888888889,0.798926388888889,0.8403819444444445,1
Qwen/Qwen3-Embedding-8B,4096,15,10,0.8045944444444444,0.8494027777777778,0.8262916666666666,0.8649166666666666,5
Qwen/Qwen3-Embedding-8B,4096,15,11,0.7977194444444444,0.8610249999999999,0.865261111111111,0.8717722222222222,2
Qwen/Qwen3-Embedding-8B,4096,15,12,0.7986458333333333,0.8382736111111112,0.8072402777777777,0.838176388888889,5
Qwen/Qwen3-Embedding-8B,4096,15,13,0.7963486111111111,0.8462874999999999,0.8483625,0.8555680555555557,10
Qwen/Qwen3-Embedding-8B,4096,15,14,0.7962055555555555,0.8580555555555555,0.8694805555555556,0.8608833333333333,1
Qwen/Qwen3-Embedding-8B,4096,15,15,0.7832958333333333,0.8434375,0.8435374999999999,0.8539680555555554,5
Qwen/Qwen3-Embedding-8B,4096,15,16,0.8138652777777777,0.8510166666666666,0.8303305555555556,0.8032416666666667,2
Qwen/Qwen3-Embedding-8B,4096,15,17,0.7623708333333333,0.8464486111111111,0.8541847222222222,0.8495013888888889,2
Qwen/Qwen3-Embedding-8B,4096,15,18,0.7977777777777779,0.831525,0.8050222222222223,0.8482305555555555,2
Qwen/Qwen3-Embedding-8B,4096,15,19,0.7885138888888888,0.8564083333333333,0.8611416666666667,0.8599027777777778,2
Qwen/Qwen3-Embedding-8B,4096,15,20,0.7773097222222222,0.8443208333333334,0.8166069444444444,0.8577486111111111,5
Qwen/Qwen3-Embedding-8B,4096,15,21,0.8066,0.8632666666666666,0.8691638888888888,0.8694583333333333,2
Qwen/Qwen3-Embedding-8B,4096,15,22,0.8082486111111111,0.8573180555555555,0.8472930555555556,0.8593375,3
Qwen/Qwen3-Embedding-8B,4096,15,23,0.7718777777777777,0.8373805555555556,0.8277472222222223,0.83725,2
Qwen/Qwen3-Embedding-8B,4096,15,24,0.78735,0.8545527777777778,0.8590444444444444,0.8714944444444445,1
Qwen/Qwen3-Embedding-8B,4096,15,25,0.7829944444444444,0.8398416666666666,0.7244138888888889,0.8100333333333334,1
Qwen/Qwen3-Embedding-8B,4096,15,26,0.7945638888888888,0.8532833333333334,0.8583166666666666,0.85775,3
Qwen/Qwen3-Embedding-8B,4096,15,27,0.7798791666666667,0.8485625000000001,0.8189569444444444,0.8397152777777777,1
Qwen/Qwen3-Embedding-8B,4096,15,28,0.8109791666666668,0.8525180555555556,0.8463236111111111,0.8714569444444444,2
Qwen/Qwen3-Embedding-8B,4096,15,29,0.7582194444444446,0.8101027777777777,0.8129,0.823863888888889,1
Qwen/Qwen3-Embedding-8B,4096,15,30,0.8026069444444444,0.8463708333333333,0.8371236111111111,0.8578430555555556,1
Qwen/Qwen3-Embedding-8B,4096,15,31,0.7791666666666667,0.8266194444444446,0.8043888888888888,0.8310694444444446,2
Qwen/Qwen3-Embedding-8B,4096,15,32,0.8088611111111111,0.8615194444444445,0.8524583333333333,0.87015,1
Qwen/Qwen3-Embedding-8B,4096,15,33,0.7656416666666667,0.8061194444444446,0.8043972222222222,0.8145861111111111,10
Qwen/Qwen3-Embedding-8B,4096,15,34,0.7959472222222221,0.853388888888889,0.8597833333333333,0.8672416666666666,2
Qwen/Qwen3-Embedding-8B,4096,15,35,0.7900972222222222,0.8557805555555555,0.8659305555555555,0.8688361111111111,1
Qwen/Qwen3-Embedding-8B,4096,15,36,0.7989625,0.8557541666666666,0.8641513888888889,0.8704763888888889,2
Qwen/Qwen3-Embedding-8B,4096,15,37,0.8037652777777778,0.8482152777777777,0.8127152777777777,0.8548569444444445,3
Qwen/Qwen3-Embedding-8B,4096,15,38,0.7770333333333332,0.8273361111111112,0.8256694444444445,0.843463888888889,2
Qwen/Qwen3-Embedding-8B,4096,15,39,0.8099722222222223,0.8562,0.8476722222222223,0.8663777777777777,1
Qwen/Qwen3-Embedding-8B,4096,15,40,0.7863763888888888,0.8291125,0.8407180555555556,0.8373458333333332,1
Qwen/Qwen3-Embedding-8B,4096,15,41,0.7957000000000001,0.8491305555555557,0.8647,0.864888888888889,1
Qwen/Qwen3-Embedding-8B,4096,15,42,0.8062041666666666,0.8599597222222222,0.8617875,0.8667652777777779,5
Qwen/Qwen3-Embedding-8B,4096,15,43,0.7715430555555556,0.8374986111111111,0.8230291666666667,0.8572763888888889,3
Qwen/Qwen3-Embedding-8B,4096,15,44,0.8141277777777778,0.8593527777777777,0.8657305555555556,0.861086111111111,2
Qwen/Qwen3-Embedding-8B,4096,15,45,0.7916208333333332,0.8411291666666667,0.8398986111111111,0.8591791666666666,1
Qwen/Qwen3-Embedding-8B,4096,15,46,0.8167347222222223,0.868973611111111,0.8635763888888889,0.8708430555555555,1
Qwen/Qwen3-Embedding-8B,4096,15,47,0.8009625,0.8518847222222221,0.8497125,0.8662819444444445,1
Qwen/Qwen3-Embedding-8B,4096,15,48,0.7652416666666666,0.8344555555555555,0.8115944444444445,0.8415972222222221,1
Qwen/Qwen3-Embedding-8B,4096,15,49,0.7723847222222223,0.8277375,0.8405236111111112,0.8442930555555556,2
Qwen/Qwen3-Embedding-8B,4096,15,50,0.7694555555555556,0.8369166666666665,0.7529916666666667,0.8015555555555555,1
Qwen/Qwen3-Embedding-8B,4096,15,51,0.8045333333333333,0.8542166666666667,0.8455277777777778,0.8602833333333334,1
Qwen/Qwen3-Embedding-8B,4096,15,52,0.7918027777777779,0.8576416666666667,0.8462638888888889,0.8576027777777777,2
Qwen/Qwen3-Embedding-8B,4096,15,53,0.8225333333333332,0.8713388888888889,0.8655861111111111,0.8548333333333333,1
Qwen/Qwen3-Embedding-8B,4096,15,54,0.7975500000000001,0.8466361111111111,0.8581638888888888,0.8483722222222222,2
Qwen/Qwen3-Embedding-8B,4096,15,55,0.8024055555555556,0.8466722222222222,0.7727055555555556,0.8476222222222223,2
Qwen/Qwen3-Embedding-8B,4096,15,56,0.7989625,0.8636513888888888,0.8590791666666666,0.8756263888888888,1
Qwen/Qwen3-Embedding-8B,4096,15,57,0.7782166666666667,0.8466902777777779,0.8658097222222223,0.8624125,5
Qwen/Qwen3-Embedding-8B,4096,15,58,0.7985694444444444,0.8487472222222222,0.8497972222222221,0.864675,2
Qwen/Qwen3-Embedding-8B,4096,15,59,0.7842291666666665,0.8283208333333334,0.8378486111111111,0.8447125,1
Qwen/Qwen3-Embedding-8B,4096,15,60,0.7970041666666667,0.842273611111111,0.8154041666666667,0.8603708333333332,3
Qwen/Qwen3-Embedding-8B,4096,15,61,0.7857361111111111,0.843075,0.8718499999999999,0.8655555555555555,2
Qwen/Qwen3-Embedding-8B,4096,15,62,0.8141958333333335,0.8673680555555555,0.8414069444444444,0.8684430555555556,2
Qwen/Qwen3-Embedding-8B,4096,15,63,0.8006249999999999,0.842475,0.8251833333333334,0.8452861111111112,5
Qwen/Qwen3-Embedding-8B,4096,15,64,0.7761416666666668,0.8293777777777778,0.8547000000000001,0.8455194444444445,1
Qwen/Qwen3-Embedding-8B,4096,15,65,0.7903750000000002,0.8475472222222222,0.8243055555555555,0.8560333333333334,1
Qwen/Qwen3-Embedding-8B,4096,15,66,0.800486111111111,0.8477888888888889,0.8499777777777777,0.8609499999999999,3
Qwen/Qwen3-Embedding-8B,4096,15,67,0.7848930555555557,0.8364541666666665,0.8178986111111111,0.8306930555555556,10
Qwen/Qwen3-Embedding-8B,4096,15,68,0.7826361111111111,0.8395277777777778,0.8313416666666668,0.8516805555555556,1
Qwen/Qwen3-Embedding-8B,4096,15,69,0.8270666666666666,0.8674861111111112,0.8421388888888888,0.8559361111111111,5
Qwen/Qwen3-Embedding-8B,4096,15,70,0.8171958333333332,0.8626986111111111,0.8495069444444444,0.8282791666666667,3
Qwen/Qwen3-Embedding-8B,4096,15,71,0.7860958333333334,0.8421402777777778,0.856976388888889,0.8478625,1
Qwen/Qwen3-Embedding-8B,4096,15,72,0.8002694444444445,0.8496527777777777,0.8487138888888889,0.8675694444444444,3
Qwen/Qwen3-Embedding-8B,4096,15,73,0.8046333333333334,0.83725,0.8213166666666667,0.8416611111111112,10
Qwen/Qwen3-Embedding-8B,4096,15,74,0.7844694444444444,0.82005,0.7974388888888889,0.8266194444444444,3
Qwen/Qwen3-Embedding-8B,4096,15,75,0.8135069444444445,0.8574375,0.8497069444444445,0.8634486111111112,1
Qwen/Qwen3-Embedding-8B,4096,15,76,0.7868722222222222,0.8372777777777777,0.822052777777778,0.8449083333333333,1
Qwen/Qwen3-Embedding-8B,4096,15,77,0.8110444444444443,0.8664333333333332,0.852302777777778,0.8761944444444445,1
Qwen/Qwen3-Embedding-8B,4096,15,78,0.7970166666666667,0.8478527777777778,0.8414305555555556,0.8543305555555556,1
Qwen/Qwen3-Embedding-8B,4096,15,79,0.811275,0.8570194444444444,0.837963888888889,0.8705305555555556,1
Qwen/Qwen3-Embedding-8B,4096,15,80,0.7847180555555555,0.8258180555555555,0.7937125,0.8328069444444445,2
Qwen/Qwen3-Embedding-8B,4096,15,81,0.7981069444444444,0.8553708333333332,0.8257180555555556,0.8478513888888889,1
Qwen/Qwen3-Embedding-8B,4096,15,82,0.8062472222222223,0.8536777777777778,0.8435611111111112,0.8518944444444444,1
Qwen/Qwen3-Embedding-8B,4096,15,83,0.8202819444444445,0.8701625000000001,0.8308569444444445,0.8668708333333334,3
Qwen/Qwen3-Embedding-8B,4096,15,84,0.8044597222222223,0.8495902777777778,0.8275458333333333,0.8566013888888889,2
Qwen/Qwen3-Embedding-8B,4096,15,85,0.7704583333333332,0.8477444444444444,0.8627055555555555,0.8660722222222222,2
Qwen/Qwen3-Embedding-8B,4096,15,86,0.8089541666666666,0.8651708333333334,0.8723097222222221,0.8840708333333335,1
Qwen/Qwen3-Embedding-8B,4096,15,87,0.7835583333333334,0.8307638888888889,0.7663361111111111,0.8114194444444445,1
Qwen/Qwen3-Embedding-8B,4096,15,88,0.8080833333333333,0.8505333333333335,0.8526194444444444,0.840975,1
Qwen/Qwen3-Embedding-8B,4096,15,89,0.7917152777777778,0.8542430555555556,0.8672097222222223,0.8669791666666666,2
Qwen/Qwen3-Embedding-8B,4096,15,90,0.8100902777777779,0.8507069444444444,0.859973611111111,0.8383652777777777,3
Qwen/Qwen3-Embedding-8B,4096,15,91,0.7921805555555554,0.8525111111111111,0.8445138888888889,0.8623166666666666,1
Qwen/Qwen3-Embedding-8B,4096,15,92,0.8154611111111112,0.8614888888888889,0.8310249999999999,0.8629444444444445,1
Qwen/Qwen3-Embedding-8B,4096,15,93,0.7895902777777778,0.8551125000000002,0.8273541666666666,0.8649347222222223,1
Qwen/Qwen3-Embedding-8B,4096,15,94,0.8132402777777779,0.8631736111111111,0.8376347222222222,0.8585708333333335,1
Qwen/Qwen3-Embedding-8B,4096,15,95,0.7973888888888888,0.8406694444444445,0.8262333333333334,0.8467472222222222,1
Qwen/Qwen3-Embedding-8B,4096,15,96,0.7978416666666667,0.8480194444444444,0.8654805555555556,0.8623027777777776,2
Qwen/Qwen3-Embedding-8B,4096,15,97,0.7774708333333333,0.8153597222222222,0.8024652777777778,0.834623611111111,5
Qwen/Qwen3-Embedding-8B,4096,15,98,0.8099402777777778,0.8721708333333335,0.864909722222222,0.8763041666666664,1
Qwen/Qwen3-Embedding-8B,4096,15,99,0.8038777777777778,0.8639388888888889,0.8450305555555555,0.8638416666666666,1
Qwen/Qwen3-Embedding-8B,4096,20,0,0.7917263888888888,0.8556069444444445,0.8741958333333334,0.8677180555555554,1
Qwen/Qwen3-Embedding-8B,4096,20,1,0.8027124999999999,0.8585125,0.8388680555555555,0.8660013888888888,2
Qwen/Qwen3-Embedding-8B,4096,20,2,0.8009680555555555,0.8530319444444446,0.8336458333333333,0.8537263888888889,3
Qwen/Qwen3-Embedding-8B,4096,20,3,0.7775638888888888,0.841475,0.8039555555555555,0.8496055555555556,1
Qwen/Qwen3-Embedding-8B,4096,20,4,0.8101444444444446,0.8652666666666669,0.8732555555555553,0.8714416666666667,1
Qwen/Qwen3-Embedding-8B,4096,20,5,0.8143347222222223,0.8655902777777778,0.8723652777777777,0.8571930555555555,1
Qwen/Qwen3-Embedding-8B,4096,20,6,0.7891305555555556,0.8369555555555556,0.8491361111111111,0.8464944444444444,1
Qwen/Qwen3-Embedding-8B,4096,20,7,0.7946555555555556,0.8511138888888888,0.8580333333333333,0.8667527777777778,3
Qwen/Qwen3-Embedding-8B,4096,20,8,0.8074555555555555,0.8510222222222222,0.8659694444444446,0.8705694444444444,2
Qwen/Qwen3-Embedding-8B,4096,20,9,0.7913791666666666,0.8435763888888889,0.8076680555555555,0.8585569444444444,1
Qwen/Qwen3-Embedding-8B,4096,20,10,0.8042472222222222,0.8651361111111111,0.8514083333333332,0.8833138888888888,5
Qwen/Qwen3-Embedding-8B,4096,20,11,0.7968138888888889,0.8610944444444445,0.8470194444444444,0.8707805555555556,1
Qwen/Qwen3-Embedding-8B,4096,20,12,0.8014736111111112,0.8543680555555557,0.8302875,0.8522819444444445,2
Qwen/Qwen3-Embedding-8B,4096,20,13,0.7966291666666667,0.8509513888888889,0.8550402777777777,0.8604875,10
Qwen/Qwen3-Embedding-8B,4096,20,14,0.8050999999999999,0.8649472222222222,0.8708527777777778,0.8654472222222223,1
Qwen/Qwen3-Embedding-8B,4096,20,15,0.7806736111111112,0.8458263888888888,0.8429180555555555,0.8555486111111111,3
Qwen/Qwen3-Embedding-8B,4096,20,16,0.8140388888888889,0.8714583333333333,0.8482583333333334,0.8470055555555555,1
Qwen/Qwen3-Embedding-8B,4096,20,17,0.7723763888888888,0.8457680555555555,0.8238763888888889,0.8375486111111111,2
Qwen/Qwen3-Embedding-8B,4096,20,18,0.8012055555555555,0.8375333333333332,0.8102805555555554,0.8541861111111111,2
Qwen/Qwen3-Embedding-8B,4096,20,19,0.787036111111111,0.8419916666666666,0.8285916666666666,0.8505777777777778,1
Qwen/Qwen3-Embedding-8B,4096,20,20,0.7762291666666667,0.8481958333333334,0.8335625,0.8600708333333335,2
Qwen/Qwen3-Embedding-8B,4096,20,21,0.8058000000000001,0.857325,0.8706722222222222,0.8649083333333335,1
Qwen/Qwen3-Embedding-8B,4096,20,22,0.8075263888888888,0.8596236111111111,0.8571069444444444,0.8699347222222222,3
Qwen/Qwen3-Embedding-8B,4096,20,23,0.7637388888888889,0.8302194444444445,0.7900499999999999,0.8376,1
Qwen/Qwen3-Embedding-8B,4096,20,24,0.7897638888888888,0.854613888888889,0.863475,0.8711444444444444,1
Qwen/Qwen3-Embedding-8B,4096,20,25,0.7835722222222222,0.8456055555555555,0.7903,0.8513722222222222,1
Qwen/Qwen3-Embedding-8B,4096,20,26,0.7927166666666667,0.8476611111111112,0.8725194444444445,0.854038888888889,2
Qwen/Qwen3-Embedding-8B,4096,20,27,0.7776763888888889,0.8462819444444445,0.8208875,0.8500597222222221,1
Qwen/Qwen3-Embedding-8B,4096,20,28,0.8068041666666667,0.8562263888888889,0.8490347222222222,0.870926388888889,2
Qwen/Qwen3-Embedding-8B,4096,20,29,0.7702027777777777,0.8375416666666666,0.8315916666666667,0.8509749999999999,1
Qwen/Qwen3-Embedding-8B,4096,20,30,0.8039152777777778,0.8520069444444445,0.8389319444444444,0.8595541666666667,2
Qwen/Qwen3-Embedding-8B,4096,20,31,0.7792583333333334,0.8195611111111111,0.8043666666666667,0.823286111111111,2
Qwen/Qwen3-Embedding-8B,4096,20,32,0.8112833333333334,0.8584,0.8458361111111111,0.8676194444444444,1
Qwen/Qwen3-Embedding-8B,4096,20,33,0.7720722222222223,0.81415,0.8090666666666666,0.8303638888888889,20
Qwen/Qwen3-Embedding-8B,4096,20,34,0.7924666666666667,0.8529805555555555,0.8633833333333334,0.864911111111111,2
Qwen/Qwen3-Embedding-8B,4096,20,35,0.7964249999999999,0.8584472222222221,0.8711805555555555,0.8715277777777778,1
Qwen/Qwen3-Embedding-8B,4096,20,36,0.8007208333333334,0.8574652777777777,0.8660430555555555,0.8722347222222222,2
Qwen/Qwen3-Embedding-8B,4096,20,37,0.8106958333333334,0.856201388888889,0.8216375,0.8594486111111113,3
Qwen/Qwen3-Embedding-8B,4096,20,38,0.7791166666666667,0.8235972222222222,0.8264611111111112,0.8410444444444445,5
Qwen/Qwen3-Embedding-8B,4096,20,39,0.8161666666666666,0.8599222222222223,0.8606527777777777,0.872,2
Qwen/Qwen3-Embedding-8B,4096,20,40,0.7901458333333333,0.8369208333333333,0.8478291666666666,0.8415569444444444,1
Qwen/Qwen3-Embedding-8B,4096,20,41,0.7961416666666666,0.8511222222222222,0.8552777777777778,0.8639194444444444,1
Qwen/Qwen3-Embedding-8B,4096,20,42,0.8040736111111111,0.8594930555555557,0.8397847222222222,0.8621680555555555,5
Qwen/Qwen3-Embedding-8B,4096,20,43,0.7685541666666666,0.8083680555555556,0.7889819444444445,0.8382958333333335,3
Qwen/Qwen3-Embedding-8B,4096,20,44,0.8159972222222223,0.8643416666666667,0.8770083333333334,0.877225,3
Qwen/Qwen3-Embedding-8B,4096,20,45,0.7828236111111111,0.8423736111111111,0.8437458333333333,0.8607625,2
Qwen/Qwen3-Embedding-8B,4096,20,46,0.8076763888888888,0.8649486111111111,0.8500263888888889,0.8737958333333333,1
Qwen/Qwen3-Embedding-8B,4096,20,47,0.8096652777777779,0.8658513888888889,0.8616097222222223,0.8787097222222221,1
Qwen/Qwen3-Embedding-8B,4096,20,48,0.7826027777777779,0.8459222222222224,0.832336111111111,0.8551444444444445,1
Qwen/Qwen3-Embedding-8B,4096,20,49,0.7754013888888889,0.8433097222222222,0.8445930555555556,0.8680569444444444,1
Qwen/Qwen3-Embedding-8B,4096,20,50,0.768263888888889,0.8415194444444445,0.7843249999999999,0.8238777777777778,1
Qwen/Qwen3-Embedding-8B,4096,20,51,0.8065027777777778,0.8520749999999999,0.8434861111111112,0.8590333333333333,1
Qwen/Qwen3-Embedding-8B,4096,20,52,0.7841472222222223,0.8531638888888888,0.848461111111111,0.8513027777777777,2
Qwen/Qwen3-Embedding-8B,4096,20,53,0.8211055555555554,0.8698638888888889,0.8670111111111111,0.8671833333333333,1
Qwen/Qwen3-Embedding-8B,4096,20,54,0.7960722222222223,0.8346138888888889,0.8584388888888888,0.8542805555555556,20
Qwen/Qwen3-Embedding-8B,4096,20,55,0.8110888888888889,0.8508833333333332,0.8029222222222222,0.8633000000000001,3
Qwen/Qwen3-Embedding-8B,4096,20,56,0.8047041666666667,0.8597430555555555,0.8640541666666666,0.8744541666666668,1
Qwen/Qwen3-Embedding-8B,4096,20,57,0.7831236111111111,0.8509513888888889,0.8585791666666667,0.8629013888888889,2
Qwen/Qwen3-Embedding-8B,4096,20,58,0.7936555555555554,0.8472416666666667,0.8505694444444445,0.8648611111111113,2
Qwen/Qwen3-Embedding-8B,4096,20,59,0.7770972222222222,0.8327624999999999,0.8519319444444443,0.8560847222222221,1
Qwen/Qwen3-Embedding-8B,4096,20,60,0.7977486111111112,0.8419458333333334,0.8043013888888888,0.8505847222222223,2
Qwen/Qwen3-Embedding-8B,4096,20,61,0.7773555555555556,0.8481027777777776,0.8649083333333333,0.8731222222222224,2
Qwen/Qwen3-Embedding-8B,4096,20,62,0.7986486111111111,0.8612124999999999,0.8521819444444445,0.8760819444444444,2
Qwen/Qwen3-Embedding-8B,4096,20,63,0.7909694444444444,0.8358611111111112,0.8157138888888888,0.8475277777777778,3
Qwen/Qwen3-Embedding-8B,4096,20,64,0.781388888888889,0.8300333333333334,0.8639583333333334,0.8440583333333334,2
Qwen/Qwen3-Embedding-8B,4096,20,65,0.7949222222222223,0.8528388888888888,0.8278416666666666,0.854536111111111,1
Qwen/Qwen3-Embedding-8B,4096,20,66,0.7952416666666666,0.8468500000000001,0.8484527777777778,0.8665833333333333,2
Qwen/Qwen3-Embedding-8B,4096,20,67,0.7835041666666667,0.8322347222222222,0.8232930555555555,0.8454791666666667,20
Qwen/Qwen3-Embedding-8B,4096,20,68,0.78385,0.8464305555555556,0.8406166666666667,0.8536111111111111,1
Qwen/Qwen3-Embedding-8B,4096,20,69,0.8104972222222222,0.8598638888888888,0.83165,0.863736111111111,5
Qwen/Qwen3-Embedding-8B,4096,20,70,0.8179263888888888,0.8595125,0.8566791666666667,0.8538625,2
Qwen/Qwen3-Embedding-8B,4096,20,71,0.7870069444444444,0.8450847222222222,0.8570458333333333,0.8564486111111111,1
Qwen/Qwen3-Embedding-8B,4096,20,72,0.7917333333333333,0.8409972222222223,0.837025,0.8651611111111109,2
Qwen/Qwen3-Embedding-8B,4096,20,73,0.8030888888888889,0.8365138888888889,0.8272222222222223,0.8600222222222222,10
Qwen/Qwen3-Embedding-8B,4096,20,74,0.7909361111111112,0.8153083333333333,0.8224388888888889,0.839561111111111,3
Qwen/Qwen3-Embedding-8B,4096,20,75,0.8161569444444444,0.8512347222222223,0.8087152777777777,0.8664458333333332,1
Qwen/Qwen3-Embedding-8B,4096,20,76,0.7767999999999999,0.8334833333333331,0.81655,0.854011111111111,1
Qwen/Qwen3-Embedding-8B,4096,20,77,0.8087277777777777,0.8582138888888889,0.8351333333333333,0.8781472222222222,10
Qwen/Qwen3-Embedding-8B,4096,20,78,0.7992666666666668,0.8493555555555556,0.8206027777777779,0.8606083333333334,1
Qwen/Qwen3-Embedding-8B,4096,20,79,0.7992,0.8532638888888889,0.8178749999999999,0.8655499999999999,1
Qwen/Qwen3-Embedding-8B,4096,20,80,0.7903847222222222,0.8248430555555555,0.7920208333333332,0.8446569444444444,1
Qwen/Qwen3-Embedding-8B,4096,20,81,0.7952708333333334,0.8544652777777777,0.8308763888888889,0.8623430555555555,1
Qwen/Qwen3-Embedding-8B,4096,20,82,0.803663888888889,0.8572944444444445,0.8488055555555556,0.8563416666666668,1
Qwen/Qwen3-Embedding-8B,4096,20,83,0.8157541666666667,0.8657125,0.8333791666666667,0.8848680555555556,3
Qwen/Qwen3-Embedding-8B,4096,20,84,0.8020208333333333,0.8516513888888888,0.8378652777777778,0.8704375,3
Qwen/Qwen3-Embedding-8B,4096,20,85,0.7715277777777778,0.8419111111111112,0.8176222222222223,0.8571277777777777,1
Qwen/Qwen3-Embedding-8B,4096,20,86,0.8088819444444445,0.8648152777777777,0.8779680555555556,0.8813041666666668,1
Qwen/Qwen3-Embedding-8B,4096,20,87,0.7873472222222222,0.8446,0.7832916666666668,0.8313055555555555,2
Qwen/Qwen3-Embedding-8B,4096,20,88,0.8095263888888888,0.8449444444444444,0.8556555555555556,0.8581222222222221,5
Qwen/Qwen3-Embedding-8B,4096,20,89,0.8000819444444445,0.8626708333333333,0.8551624999999999,0.8671125000000001,2
Qwen/Qwen3-Embedding-8B,4096,20,90,0.8143208333333334,0.8525708333333334,0.8578319444444444,0.847198611111111,2
Qwen/Qwen3-Embedding-8B,4096,20,91,0.7874055555555556,0.8545583333333333,0.8236916666666667,0.8653305555555555,1
Qwen/Qwen3-Embedding-8B,4096,20,92,0.8118083333333332,0.8701583333333334,0.8633027777777778,0.8796666666666667,1
Qwen/Qwen3-Embedding-8B,4096,20,93,0.7940652777777778,0.8500541666666667,0.7944125,0.8517541666666667,1
Qwen/Qwen3-Embedding-8B,4096,20,94,0.8102236111111112,0.8612624999999998,0.8418513888888889,0.8690402777777777,1
Qwen/Qwen3-Embedding-8B,4096,20,95,0.8016333333333334,0.8596055555555554,0.8624222222222222,0.8640611111111112,2
Qwen/Qwen3-Embedding-8B,4096,20,96,0.7953944444444445,0.8436138888888889,0.8364055555555556,0.862111111111111,2
Qwen/Qwen3-Embedding-8B,4096,20,97,0.7787763888888889,0.8210513888888888,0.8028208333333333,0.8319680555555554,5
Qwen/Qwen3-Embedding-8B,4096,20,98,0.8032416666666666,0.8589708333333335,0.8500291666666666,0.8719236111111112,1
Qwen/Qwen3-Embedding-8B,4096,20,99,0.7965305555555556,0.8622666666666666,0.8468472222222223,0.8511722222222222,1
Qwen/Qwen3-Embedding-8B,4096,30,0,0.7952236111111111,0.8511736111111112,0.873101388888889,0.8700513888888889,2
Qwen/Qwen3-Embedding-8B,4096,30,1,0.796848611111111,0.8531402777777778,0.8402180555555555,0.8691013888888888,3
Qwen/Qwen3-Embedding-8B,4096,30,2,0.8053430555555554,0.8515319444444445,0.8504375,0.8656069444444444,10
Qwen/Qwen3-Embedding-8B,4096,30,3,0.784038888888889,0.8458805555555554,0.7791472222222222,0.8601666666666666,2
Qwen/Qwen3-Embedding-8B,4096,30,4,0.8042583333333333,0.8587638888888888,0.8572805555555556,0.8751194444444443,1
Qwen/Qwen3-Embedding-8B,4096,30,5,0.8145861111111111,0.8671652777777779,0.8747458333333333,0.861623611111111,1
Qwen/Qwen3-Embedding-8B,4096,30,6,0.7906944444444444,0.8338305555555555,0.8539277777777778,0.8468500000000001,1
Qwen/Qwen3-Embedding-8B,4096,30,7,0.7954166666666667,0.8497444444444444,0.8738083333333333,0.8750249999999999,5
Qwen/Qwen3-Embedding-8B,4096,30,8,0.8064083333333333,0.8526972222222222,0.8570750000000001,0.8770499999999999,3
Qwen/Qwen3-Embedding-8B,4096,30,9,0.8007486111111112,0.8527541666666666,0.8561791666666666,0.8739986111111111,1
Qwen/Qwen3-Embedding-8B,4096,30,10,0.8023055555555556,0.8521361111111112,0.8551527777777777,0.8855138888888889,20
Qwen/Qwen3-Embedding-8B,4096,30,11,0.7957722222222223,0.8483777777777778,0.846436111111111,0.8763611111111109,2
Qwen/Qwen3-Embedding-8B,4096,30,12,0.7982402777777777,0.8481347222222223,0.8267458333333334,0.8538513888888888,2
Qwen/Qwen3-Embedding-8B,4096,30,13,0.7904986111111112,0.8464236111111111,0.8566374999999999,0.8656069444444444,30
Qwen/Qwen3-Embedding-8B,4096,30,14,0.8080194444444444,0.8547722222222223,0.8685666666666666,0.8685305555555556,3
Qwen/Qwen3-Embedding-8B,4096,30,15,0.7828513888888889,0.8427625000000001,0.8384902777777778,0.8622513888888887,3
Qwen/Qwen3-Embedding-8B,4096,30,16,0.8178944444444445,0.8660861111111111,0.8432138888888889,0.8775611111111111,1
Qwen/Qwen3-Embedding-8B,4096,30,17,0.7700125,0.8405930555555556,0.8228902777777779,0.8526430555555556,2
Qwen/Qwen3-Embedding-8B,4096,30,18,0.798186111111111,0.8447749999999999,0.8397194444444445,0.8633638888888888,1
Qwen/Qwen3-Embedding-8B,4096,30,19,0.78895,0.8361777777777778,0.8228472222222222,0.8475333333333332,1
Qwen/Qwen3-Embedding-8B,4096,30,20,0.7862597222222222,0.8508819444444444,0.859498611111111,0.8766458333333332,2
Qwen/Qwen3-Embedding-8B,4096,30,21,0.7989361111111111,0.8541277777777778,0.8705805555555555,0.8644777777777777,1
Qwen/Qwen3-Embedding-8B,4096,30,22,0.8117569444444445,0.8610930555555556,0.8511458333333334,0.8731680555555554,2
Qwen/Qwen3-Embedding-8B,4096,30,23,0.7668027777777777,0.8334166666666666,0.796025,0.8612694444444443,1
Qwen/Qwen3-Embedding-8B,4096,30,24,0.7871916666666667,0.8488416666666666,0.8622944444444445,0.8712305555555555,1
Qwen/Qwen3-Embedding-8B,4096,30,25,0.7874638888888889,0.8564527777777778,0.8176638888888889,0.8774694444444444,1
Qwen/Qwen3-Embedding-8B,4096,30,26,0.7955888888888889,0.8487861111111112,0.8731583333333331,0.8656083333333334,2
Qwen/Qwen3-Embedding-8B,4096,30,27,0.7878208333333333,0.8471097222222223,0.8178624999999999,0.8629069444444445,1
Qwen/Qwen3-Embedding-8B,4096,30,28,0.8053486111111111,0.8614041666666667,0.8560875000000001,0.8691763888888888,10
Qwen/Qwen3-Embedding-8B,4096,30,29,0.7731138888888889,0.8309666666666666,0.8472638888888889,0.8500527777777779,1
Qwen/Qwen3-Embedding-8B,4096,30,30,0.8036041666666667,0.8506013888888889,0.8480430555555555,0.8643513888888888,2
Qwen/Qwen3-Embedding-8B,4096,30,31,0.7810222222222223,0.8207749999999999,0.8151999999999999,0.8373972222222222,3
Qwen/Qwen3-Embedding-8B,4096,30,32,0.8122291666666667,0.8611805555555556,0.854986111111111,0.8789611111111111,1
Qwen/Qwen3-Embedding-8B,4096,30,33,0.7796805555555555,0.8267722222222221,0.8105916666666667,0.8451722222222222,1
Qwen/Qwen3-Embedding-8B,4096,30,34,0.78755,0.8523333333333333,0.866886111111111,0.8660249999999999,2
Qwen/Qwen3-Embedding-8B,4096,30,35,0.7924277777777777,0.8587611111111112,0.8607638888888888,0.8723666666666667,1
Qwen/Qwen3-Embedding-8B,4096,30,36,0.7977152777777778,0.8604319444444445,0.8685041666666666,0.8740569444444445,2
Qwen/Qwen3-Embedding-8B,4096,30,37,0.8030069444444443,0.8545430555555555,0.7878958333333335,0.8595513888888888,2
Qwen/Qwen3-Embedding-8B,4096,30,38,0.773363888888889,0.817713888888889,0.7688527777777778,0.8382472222222221,1
Qwen/Qwen3-Embedding-8B,4096,30,39,0.8124333333333333,0.8589333333333333,0.8574861111111111,0.8780277777777777,1
Qwen/Qwen3-Embedding-8B,4096,30,40,0.7949097222222221,0.8404625000000001,0.8451402777777778,0.8492236111111111,1
Qwen/Qwen3-Embedding-8B,4096,30,41,0.7895222222222222,0.8474916666666668,0.8354472222222221,0.8645583333333333,1
Qwen/Qwen3-Embedding-8B,4096,30,42,0.8052208333333333,0.8516819444444443,0.8517986111111111,0.8730875,2
Qwen/Qwen3-Embedding-8B,4096,30,43,0.7713652777777777,0.8284652777777778,0.8242680555555555,0.8589791666666666,2
Qwen/Qwen3-Embedding-8B,4096,30,44,0.816575,0.8592666666666667,0.8654000000000001,0.8901583333333333,2
Qwen/Qwen3-Embedding-8B,4096,30,45,0.7886458333333334,0.8450958333333333,0.846684722222222,0.8678847222222221,1
Qwen/Qwen3-Embedding-8B,4096,30,46,0.8091555555555556,0.8629013888888889,0.8382319444444446,0.8718097222222221,10
Qwen/Qwen3-Embedding-8B,4096,30,47,0.8059986111111112,0.8630930555555555,0.8480208333333333,0.8773291666666666,1
Qwen/Qwen3-Embedding-8B,4096,30,48,0.781775,0.844786111111111,0.8415333333333334,0.8619833333333333,1
Qwen/Qwen3-Embedding-8B,4096,30,49,0.7772291666666665,0.8423097222222223,0.8359180555555554,0.8813402777777779,5
Qwen/Qwen3-Embedding-8B,4096,30,50,0.776488888888889,0.8488388888888888,0.81065,0.8483972222222221,1
Qwen/Qwen3-Embedding-8B,4096,30,51,0.8056888888888888,0.8538861111111111,0.8383361111111112,0.8673777777777778,2
Qwen/Qwen3-Embedding-8B,4096,30,52,0.78325,0.8553722222222223,0.8476472222222221,0.8591305555555555,3
Qwen/Qwen3-Embedding-8B,4096,30,53,0.8171722222222223,0.8726888888888888,0.8727361111111112,0.8760916666666666,1
Qwen/Qwen3-Embedding-8B,4096,30,54,0.7971138888888889,0.8425166666666666,0.8469805555555555,0.855575,1
Qwen/Qwen3-Embedding-8B,4096,30,55,0.8149833333333333,0.8552333333333334,0.8204555555555556,0.8746972222222221,3
Qwen/Qwen3-Embedding-8B,4096,30,56,0.7964319444444445,0.8573208333333333,0.8573930555555557,0.8767847222222221,2
Qwen/Qwen3-Embedding-8B,4096,30,57,0.7816402777777778,0.8423430555555554,0.8526736111111111,0.8642402777777778,1
Qwen/Qwen3-Embedding-8B,4096,30,58,0.7925722222222222,0.8430666666666666,0.83795,0.8617777777777779,30
Qwen/Qwen3-Embedding-8B,4096,30,59,0.7806708333333333,0.8461652777777777,0.8621958333333334,0.8712791666666666,1
Qwen/Qwen3-Embedding-8B,4096,30,60,0.8031208333333334,0.8464652777777778,0.8238736111111112,0.8687736111111112,2
Qwen/Qwen3-Embedding-8B,4096,30,61,0.7849555555555556,0.8505111111111111,0.8544555555555556,0.8714305555555555,2
Qwen/Qwen3-Embedding-8B,4096,30,62,0.8017652777777778,0.8546847222222224,0.8354124999999999,0.8811430555555556,3
Qwen/Qwen3-Embedding-8B,4096,30,63,0.7815861111111112,0.8337722222222222,0.8118333333333334,0.8439888888888889,5
Qwen/Qwen3-Embedding-8B,4096,30,64,0.7852805555555555,0.84185,0.852175,0.8568277777777777,1
Qwen/Qwen3-Embedding-8B,4096,30,65,0.7960916666666666,0.841361111111111,0.8226583333333333,0.8487944444444444,10
Qwen/Qwen3-Embedding-8B,4096,30,66,0.7933666666666667,0.8401722222222222,0.8397444444444444,0.863302777777778,3
Qwen/Qwen3-Embedding-8B,4096,30,67,0.7875125,0.8451875,0.8359486111111111,0.859698611111111,5
Qwen/Qwen3-Embedding-8B,4096,30,68,0.7847388888888889,0.8385444444444444,0.8124194444444444,0.8497583333333333,1
Qwen/Qwen3-Embedding-8B,4096,30,69,0.8061611111111111,0.849425,0.8276583333333334,0.870136111111111,2
Qwen/Qwen3-Embedding-8B,4096,30,70,0.8152263888888889,0.8554375000000001,0.8471541666666667,0.8659208333333334,3
Qwen/Qwen3-Embedding-8B,4096,30,71,0.7880208333333334,0.8486347222222222,0.8622791666666666,0.8595708333333334,1
Qwen/Qwen3-Embedding-8B,4096,30,72,0.7976777777777777,0.8492277777777777,0.8541222222222222,0.8769277777777776,2
Qwen/Qwen3-Embedding-8B,4096,30,73,0.8002222222222222,0.8397777777777777,0.8440305555555556,0.8661777777777779,3
Qwen/Qwen3-Embedding-8B,4096,30,74,0.7873805555555555,0.8466027777777778,0.8350305555555555,0.8634222222222222,3
Qwen/Qwen3-Embedding-8B,4096,30,75,0.8213069444444444,0.8523236111111111,0.8491486111111111,0.8777236111111111,1
Qwen/Qwen3-Embedding-8B,4096,30,76,0.781811111111111,0.8442888888888889,0.8534277777777778,0.8693000000000001,1
Qwen/Qwen3-Embedding-8B,4096,30,77,0.8112583333333334,0.8694833333333333,0.8466944444444443,0.8832583333333333,10
Qwen/Qwen3-Embedding-8B,4096,30,78,0.8038333333333334,0.855075,0.8383027777777778,0.8734999999999999,1
Qwen/Qwen3-Embedding-8B,4096,30,79,0.7921277777777778,0.845086111111111,0.8283972222222222,0.8645361111111112,1
Qwen/Qwen3-Embedding-8B,4096,30,80,0.7952541666666666,0.8456430555555555,0.8350875000000001,0.8503402777777778,5
Qwen/Qwen3-Embedding-8B,4096,30,81,0.7862625,0.8455930555555555,0.8001180555555557,0.8666319444444445,1
Qwen/Qwen3-Embedding-8B,4096,30,82,0.79485,0.8507694444444444,0.8554277777777777,0.8681,1
Qwen/Qwen3-Embedding-8B,4096,30,83,0.799175,0.8444930555555555,0.8141708333333335,0.8743319444444445,2
Qwen/Qwen3-Embedding-8B,4096,30,84,0.8057652777777777,0.8425736111111112,0.8326513888888889,0.8654819444444445,3
Qwen/Qwen3-Embedding-8B,4096,30,85,0.7834861111111111,0.8332944444444444,0.8250972222222223,0.8728750000000001,3
Qwen/Qwen3-Embedding-8B,4096,30,86,0.8007208333333334,0.8599041666666667,0.8788930555555555,0.8704347222222223,1
Qwen/Qwen3-Embedding-8B,4096,30,87,0.7936583333333334,0.84775,0.8264222222222222,0.8531805555555555,2
Qwen/Qwen3-Embedding-8B,4096,30,88,0.8031833333333334,0.854325,0.8531222222222222,0.864325,5
Qwen/Qwen3-Embedding-8B,4096,30,89,0.8034625,0.8638402777777777,0.8524819444444445,0.864526388888889,3
Qwen/Qwen3-Embedding-8B,4096,30,90,0.8082875,0.8421319444444445,0.8519930555555557,0.8479347222222222,2
Qwen/Qwen3-Embedding-8B,4096,30,91,0.793125,0.8526055555555556,0.8409555555555555,0.8737333333333334,1
Qwen/Qwen3-Embedding-8B,4096,30,92,0.809625,0.8630722222222222,0.8485416666666666,0.8777305555555556,1
Qwen/Qwen3-Embedding-8B,4096,30,93,0.802126388888889,0.8588902777777777,0.8418569444444444,0.8713569444444444,1
Qwen/Qwen3-Embedding-8B,4096,30,94,0.8179013888888889,0.8526958333333332,0.8422569444444445,0.8685319444444446,1
Qwen/Qwen3-Embedding-8B,4096,30,95,0.7983805555555556,0.8625250000000001,0.8597638888888889,0.8679583333333332,2
Qwen/Qwen3-Embedding-8B,4096,30,96,0.7976916666666667,0.8488138888888889,0.8296444444444445,0.8714861111111112,2
Qwen/Qwen3-Embedding-8B,4096,30,97,0.778748611111111,0.8234125000000001,0.8070625,0.8376875,5
Qwen/Qwen3-Embedding-8B,4096,30,98,0.8055347222222222,0.8616902777777778,0.8614402777777778,0.8769486111111112,1
Qwen/Qwen3-Embedding-8B,4096,30,99,0.8043222222222222,0.8707555555555556,0.8542833333333334,0.879488888888889,1
Qwen/Qwen3-Embedding-8B,4096,50,0,0.7969569444444444,0.8571097222222223,0.8550458333333334,0.8802708333333333,2
Qwen/Qwen3-Embedding-8B,4096,50,1,0.8003791666666666,0.8539347222222221,0.8679430555555555,0.8810847222222222,10
Qwen/Qwen3-Embedding-8B,4096,50,2,0.8031402777777776,0.8517958333333334,0.8663597222222222,0.8687986111111111,10
Qwen/Qwen3-Embedding-8B,4096,50,3,0.7889083333333333,0.8386666666666668,0.8091194444444445,0.8656388888888888,1
Qwen/Qwen3-Embedding-8B,4096,50,4,0.8105305555555555,0.8544083333333334,0.8602638888888889,0.8819111111111111,1
Qwen/Qwen3-Embedding-8B,4096,50,5,0.8110930555555556,0.8620847222222223,0.8705319444444444,0.8766069444444444,2
Qwen/Qwen3-Embedding-8B,4096,50,6,0.7889722222222223,0.8346361111111111,0.8455888888888888,0.8545027777777777,1
Qwen/Qwen3-Embedding-8B,4096,50,7,0.7994444444444444,0.8555250000000001,0.8405055555555555,0.8845527777777779,5
Qwen/Qwen3-Embedding-8B,4096,50,8,0.8019611111111111,0.8369361111111111,0.8364666666666667,0.8748555555555555,1
Qwen/Qwen3-Embedding-8B,4096,50,9,0.8017041666666667,0.8436736111111109,0.8468375,0.8744652777777777,5
Qwen/Qwen3-Embedding-8B,4096,50,10,0.8017041666666667,0.8445166666666667,0.8483027777777778,0.8874277777777776,20
Qwen/Qwen3-Embedding-8B,4096,50,11,0.791663888888889,0.8344805555555557,0.8404416666666668,0.8741361111111112,1
Qwen/Qwen3-Embedding-8B,4096,50,12,0.7940652777777777,0.8369597222222221,0.8260375,0.8526736111111111,1
Qwen/Qwen3-Embedding-8B,4096,50,13,0.7964541666666667,0.8471791666666668,0.8649986111111112,0.8720930555555556,5
Qwen/Qwen3-Embedding-8B,4096,50,14,0.8069694444444445,0.8539416666666666,0.8535888888888888,0.8697166666666666,3
Qwen/Qwen3-Embedding-8B,4096,50,15,0.7829625,0.8440541666666665,0.848023611111111,0.8597680555555556,2
Qwen/Qwen3-Embedding-8B,4096,50,16,0.8174222222222222,0.8558527777777778,0.8591861111111112,0.8852805555555556,1
Qwen/Qwen3-Embedding-8B,4096,50,17,0.7659375,0.8315208333333333,0.7919541666666666,0.8500958333333334,1
Qwen/Qwen3-Embedding-8B,4096,50,18,0.8042444444444445,0.835486111111111,0.8424499999999999,0.8829277777777778,30
Qwen/Qwen3-Embedding-8B,4096,50,19,0.7940277777777778,0.835725,0.8280194444444444,0.8654027777777777,1
Qwen/Qwen3-Embedding-8B,4096,50,20,0.7858708333333333,0.8448569444444445,0.844898611111111,0.8821680555555557,2
Qwen/Qwen3-Embedding-8B,4096,50,21,0.79935,0.8530333333333333,0.8582527777777779,0.8668555555555555,1
Qwen/Qwen3-Embedding-8B,4096,50,22,0.8133041666666667,0.8517486111111111,0.8530236111111111,0.8667041666666666,2
Qwen/Qwen3-Embedding-8B,4096,50,23,0.7702888888888888,0.8287361111111111,0.8168777777777778,0.8628277777777779,2
Qwen/Qwen3-Embedding-8B,4096,50,24,0.7912180555555556,0.8436277777777776,0.8566777777777778,0.8714249999999999,40
Qwen/Qwen3-Embedding-8B,4096,50,25,0.7857555555555555,0.8536222222222223,0.8095000000000001,0.8766083333333333,3
Qwen/Qwen3-Embedding-8B,4096,50,26,0.7998083333333333,0.8448333333333333,0.835463888888889,0.8763416666666667,2
Qwen/Qwen3-Embedding-8B,4096,50,27,0.7902597222222222,0.8461541666666668,0.8194236111111111,0.8717291666666667,3
Qwen/Qwen3-Embedding-8B,4096,50,28,0.8104791666666666,0.8611013888888889,0.8668180555555556,0.8787041666666666,5
Qwen/Qwen3-Embedding-8B,4096,50,29,0.7799166666666666,0.8443888888888889,0.8407083333333334,0.8565666666666667,3
Qwen/Qwen3-Embedding-8B,4096,50,30,0.7993430555555556,0.8511375,0.844626388888889,0.8687736111111113,1
Qwen/Qwen3-Embedding-8B,4096,50,31,0.7839305555555556,0.8195305555555557,0.8085333333333333,0.8529833333333334,2
Qwen/Qwen3-Embedding-8B,4096,50,32,0.8151111111111111,0.8525416666666668,0.8613916666666666,0.880825,1
Qwen/Qwen3-Embedding-8B,4096,50,33,0.7903611111111112,0.8248111111111109,0.8202555555555556,0.8559472222222223,20
Qwen/Qwen3-Embedding-8B,4096,50,34,0.7801055555555555,0.8417166666666667,0.859411111111111,0.8670444444444446,2
Qwen/Qwen3-Embedding-8B,4096,50,35,0.792475,0.855125,0.8555472222222222,0.8760611111111111,1
Qwen/Qwen3-Embedding-8B,4096,50,36,0.8022236111111112,0.8501263888888889,0.8560958333333333,0.8813041666666667,1
Qwen/Qwen3-Embedding-8B,4096,50,37,0.8019458333333332,0.8508513888888889,0.8161152777777777,0.8723458333333332,1
Qwen/Qwen3-Embedding-8B,4096,50,38,0.7758083333333333,0.8132166666666667,0.8042694444444445,0.8510916666666667,5
Qwen/Qwen3-Embedding-8B,4096,50,39,0.8121333333333334,0.8578694444444446,0.8652472222222223,0.8865805555555556,1
Qwen/Qwen3-Embedding-8B,4096,50,40,0.7965486111111111,0.8397291666666665,0.8553930555555556,0.8642597222222222,2
Qwen/Qwen3-Embedding-8B,4096,50,41,0.786125,0.8425138888888889,0.8513333333333333,0.864336111111111,3
Qwen/Qwen3-Embedding-8B,4096,50,42,0.8087263888888889,0.8548847222222223,0.8492847222222221,0.8776513888888888,5
Qwen/Qwen3-Embedding-8B,4096,50,43,0.7861847222222222,0.8386013888888889,0.8406152777777778,0.8745930555555556,1
Qwen/Qwen3-Embedding-8B,4096,50,44,0.8067694444444445,0.8458361111111111,0.8634305555555556,0.888425,2
Qwen/Qwen3-Embedding-8B,4096,50,45,0.7903791666666666,0.8430625,0.8398486111111111,0.8726875,1
Qwen/Qwen3-Embedding-8B,4096,50,46,0.8129986111111112,0.8620569444444445,0.8482763888888887,0.8726152777777776,2
Qwen/Qwen3-Embedding-8B,4096,50,47,0.8117986111111111,0.8535625,0.8566208333333335,0.8790680555555556,1
Qwen/Qwen3-Embedding-8B,4096,50,48,0.7851777777777778,0.8426611111111111,0.85255,0.8729055555555556,1
Qwen/Qwen3-Embedding-8B,4096,50,49,0.7886513888888889,0.8540847222222221,0.8240263888888889,0.8862430555555555,1
Qwen/Qwen3-Embedding-8B,4096,50,50,0.7818166666666666,0.8416166666666667,0.8247388888888889,0.8630944444444444,1
Qwen/Qwen3-Embedding-8B,4096,50,51,0.8044333333333333,0.8399888888888889,0.8538277777777779,0.8758138888888889,1
Qwen/Qwen3-Embedding-8B,4096,50,52,0.7907694444444444,0.8546138888888889,0.8403083333333333,0.885388888888889,3
Qwen/Qwen3-Embedding-8B,4096,50,53,0.8144972222222224,0.8694555555555556,0.8520361111111111,0.8807138888888888,1
Qwen/Qwen3-Embedding-8B,4096,50,54,0.7935305555555555,0.8309722222222222,0.8437194444444445,0.8685555555555556,30
Qwen/Qwen3-Embedding-8B,4096,50,55,0.8100777777777778,0.8524916666666666,0.8344722222222223,0.8796749999999999,2
Qwen/Qwen3-Embedding-8B,4096,50,56,0.7953069444444444,0.8590541666666666,0.8660847222222223,0.877798611111111,2
Qwen/Qwen3-Embedding-8B,4096,50,57,0.7863486111111111,0.8464513888888888,0.8509013888888889,0.8697513888888889,1
Qwen/Qwen3-Embedding-8B,4096,50,58,0.7979472222222221,0.8320916666666667,0.8422666666666667,0.8749027777777778,2
Qwen/Qwen3-Embedding-8B,4096,50,59,0.7865513888888889,0.8471847222222222,0.8503652777777777,0.8774652777777778,1
Qwen/Qwen3-Embedding-8B,4096,50,60,0.8047458333333334,0.8375902777777778,0.8331680555555555,0.8700902777777777,10
Qwen/Qwen3-Embedding-8B,4096,50,61,0.7822916666666666,0.8353861111111112,0.8206500000000001,0.8638083333333333,10
Qwen/Qwen3-Embedding-8B,4096,50,62,0.8020097222222222,0.8533986111111111,0.8449291666666666,0.8814236111111111,20
Qwen/Qwen3-Embedding-8B,4096,50,63,0.7889361111111112,0.8408472222222222,0.8206527777777778,0.8544333333333334,1
Qwen/Qwen3-Embedding-8B,4096,50,64,0.7841666666666667,0.8407194444444446,0.8196472222222222,0.8572972222222222,1
Qwen/Qwen3-Embedding-8B,4096,50,65,0.7980305555555556,0.8421777777777778,0.8299027777777779,0.8589249999999999,10
Qwen/Qwen3-Embedding-8B,4096,50,66,0.7925722222222222,0.8424111111111111,0.8472972222222223,0.8774749999999999,5
Qwen/Qwen3-Embedding-8B,4096,50,67,0.792848611111111,0.8445402777777778,0.8541986111111111,0.8744430555555555,2
Qwen/Qwen3-Embedding-8B,4096,50,68,0.7859583333333333,0.8418083333333334,0.8311944444444445,0.8663666666666666,2
Qwen/Qwen3-Embedding-8B,4096,50,69,0.8083805555555554,0.8538472222222222,0.8461638888888888,0.8718027777777777,3
Qwen/Qwen3-Embedding-8B,4096,50,70,0.8071152777777778,0.8584430555555556,0.8561986111111111,0.8725624999999999,5
Qwen/Qwen3-Embedding-8B,4096,50,71,0.7888375000000001,0.8422486111111112,0.8567541666666667,0.8621541666666666,1
Qwen/Qwen3-Embedding-8B,4096,50,72,0.7994416666666668,0.8575388888888889,0.864,0.8830805555555555,2
Qwen/Qwen3-Embedding-8B,4096,50,73,0.7975333333333333,0.8360861111111112,0.8312166666666666,0.8737972222222223,5
Qwen/Qwen3-Embedding-8B,4096,50,74,0.7977333333333333,0.8599694444444443,0.8644416666666668,0.891336111111111,3
Qwen/Qwen3-Embedding-8B,4096,50,75,0.8220430555555556,0.8547597222222222,0.8511458333333333,0.8724430555555556,2
Qwen/Qwen3-Embedding-8B,4096,50,76,0.7983944444444444,0.8648694444444444,0.862836111111111,0.8909611111111112,3
Qwen/Qwen3-Embedding-8B,4096,50,77,0.8036083333333334,0.8579027777777777,0.8402333333333333,0.8801194444444443,2
Qwen/Qwen3-Embedding-8B,4096,50,78,0.7988444444444445,0.8493555555555556,0.8378083333333333,0.8728527777777777,1
Qwen/Qwen3-Embedding-8B,4096,50,79,0.7846111111111111,0.8178888888888889,0.8390472222222222,0.8585500000000001,40
Qwen/Qwen3-Embedding-8B,4096,50,80,0.8006541666666667,0.8379236111111111,0.8164624999999999,0.8586402777777777,3
Qwen/Qwen3-Embedding-8B,4096,50,81,0.794676388888889,0.8393375,0.8315986111111113,0.8764958333333334,20
Qwen/Qwen3-Embedding-8B,4096,50,82,0.7890250000000001,0.8445111111111112,0.8485,0.868188888888889,1
Qwen/Qwen3-Embedding-8B,4096,50,83,0.8019763888888889,0.8387569444444445,0.8343097222222222,0.888026388888889,2
Qwen/Qwen3-Embedding-8B,4096,50,84,0.7975819444444445,0.8286569444444444,0.8310180555555555,0.8625569444444444,3
Qwen/Qwen3-Embedding-8B,4096,50,85,0.7810111111111111,0.8248361111111111,0.8251694444444445,0.8645972222222222,2
Qwen/Qwen3-Embedding-8B,4096,50,86,0.7980486111111111,0.8551625,0.8677569444444445,0.8738041666666667,1
Qwen/Qwen3-Embedding-8B,4096,50,87,0.7956138888888888,0.8545527777777777,0.835675,0.8685638888888887,3
Qwen/Qwen3-Embedding-8B,4096,50,88,0.8038361111111112,0.8524833333333335,0.8510472222222222,0.8651,5
Qwen/Qwen3-Embedding-8B,4096,50,89,0.8121208333333333,0.8607902777777778,0.8437958333333334,0.8752125000000001,2
Qwen/Qwen3-Embedding-8B,4096,50,90,0.8026597222222223,0.8462680555555555,0.8468819444444444,0.8589180555555558,2
Qwen/Qwen3-Embedding-8B,4096,50,91,0.7964527777777777,0.848736111111111,0.8480722222222222,0.8783416666666666,1
Qwen/Qwen3-Embedding-8B,4096,50,92,0.8094138888888889,0.8589916666666668,0.8513944444444443,0.8861305555555554,1
Qwen/Qwen3-Embedding-8B,4096,50,93,0.8113208333333335,0.8558958333333333,0.8649930555555556,0.8777958333333331,1
Qwen/Qwen3-Embedding-8B,4096,50,94,0.8097597222222223,0.8515041666666666,0.8518291666666666,0.8770347222222221,1
Qwen/Qwen3-Embedding-8B,4096,50,95,0.7925263888888889,0.8517083333333332,0.8513194444444445,0.8725305555555555,1
Qwen/Qwen3-Embedding-8B,4096,50,96,0.7980125,0.8422277777777778,0.851863888888889,0.8767805555555556,2
Qwen/Qwen3-Embedding-8B,4096,50,97,0.777923611111111,0.8283486111111111,0.8276986111111111,0.8511486111111111,10
Qwen/Qwen3-Embedding-8B,4096,50,98,0.8176597222222223,0.8476375,0.8505680555555555,0.8840874999999999,40
Qwen/Qwen3-Embedding-8B,4096,50,99,0.8113222222222222,0.8534444444444444,0.8539361111111112,0.8852638888888889,40
Qwen/Qwen3-Embedding-8B,4096,75,0,0.7973375,0.8471625,0.8585541666666666,0.8846875,1
Qwen/Qwen3-Embedding-8B,4096,75,1,0.7973708333333331,0.8620041666666666,0.8654513888888888,0.882548611111111,5
Qwen/Qwen3-Embedding-8B,4096,75,2,0.8001875,0.8459541666666666,0.8563125,0.8667652777777778,20
Qwen/Qwen3-Embedding-8B,4096,75,3,0.7879166666666668,0.8435805555555556,0.8198638888888888,0.8693805555555555,3
Qwen/Qwen3-Embedding-8B,4096,75,4,0.808425,0.8476555555555555,0.8481305555555555,0.879163888888889,3
Qwen/Qwen3-Embedding-8B,4096,75,5,0.8095180555555557,0.8614208333333333,0.8741763888888889,0.8815263888888889,2
Qwen/Qwen3-Embedding-8B,4096,75,6,0.7855833333333333,0.8280861111111111,0.8376111111111112,0.8599333333333333,1
Qwen/Qwen3-Embedding-8B,4096,75,7,0.7973555555555556,0.8448472222222222,0.8421472222222223,0.8833472222222223,10
Qwen/Qwen3-Embedding-8B,4096,75,8,0.8023777777777777,0.8383583333333333,0.8568694444444446,0.8803583333333334,30
Qwen/Qwen3-Embedding-8B,4096,75,9,0.797073611111111,0.8468430555555555,0.8364236111111111,0.8745291666666667,10
Qwen/Qwen3-Embedding-8B,4096,75,10,0.8068777777777778,0.8453222222222222,0.8626166666666666,0.8911,30
Qwen/Qwen3-Embedding-8B,4096,75,11,0.7944277777777778,0.8347472222222222,0.8479305555555556,0.8805805555555555,1
Qwen/Qwen3-Embedding-8B,4096,75,12,0.7970097222222223,0.8435958333333334,0.8453763888888888,0.8620902777777777,1
Qwen/Qwen3-Embedding-8B,4096,75,13,0.7940097222222222,0.8439402777777778,0.8510097222222222,0.8769375000000001,5
Qwen/Qwen3-Embedding-8B,4096,75,14,0.8040222222222223,0.8517,0.8674805555555556,0.8792083333333333,5
Qwen/Qwen3-Embedding-8B,4096,75,15,0.7802513888888889,0.8353430555555555,0.8380541666666667,0.858826388888889,2
Qwen/Qwen3-Embedding-8B,4096,75,16,0.8173055555555556,0.8521222222222222,0.8575499999999999,0.8875305555555555,1
Qwen/Qwen3-Embedding-8B,4096,75,17,0.7750708333333333,0.8312875,0.8390430555555556,0.8597402777777778,20
Qwen/Qwen3-Embedding-8B,4096,75,18,0.8039499999999999,0.8263111111111112,0.8534305555555556,0.8854916666666666,20
Qwen/Qwen3-Embedding-8B,4096,75,19,0.8001750000000001,0.835925,0.8356611111111111,0.8723805555555555,5
Qwen/Qwen3-Embedding-8B,4096,75,20,0.7885958333333334,0.8320152777777777,0.8443208333333333,0.8842930555555555,10
Qwen/Qwen3-Embedding-8B,4096,75,21,0.79855,0.8497000000000001,0.8392666666666667,0.8729472222222222,1
Qwen/Qwen3-Embedding-8B,4096,75,22,0.8135736111111112,0.8521125,0.8476625,0.8730930555555557,2
Qwen/Qwen3-Embedding-8B,4096,75,23,0.7715222222222222,0.8289250000000001,0.8312722222222222,0.8609611111111111,1
Qwen/Qwen3-Embedding-8B,4096,75,24,0.7898694444444445,0.8500777777777777,0.8659638888888888,0.8734250000000001,20
Qwen/Qwen3-Embedding-8B,4096,75,25,0.7858277777777778,0.8309805555555555,0.8323527777777779,0.8771916666666666,1
Qwen/Qwen3-Embedding-8B,4096,75,26,0.8021694444444445,0.8451694444444445,0.8545666666666667,0.8785694444444444,2
Qwen/Qwen3-Embedding-8B,4096,75,27,0.7854625,0.8355847222222222,0.8150375,0.8715041666666666,3
Qwen/Qwen3-Embedding-8B,4096,75,28,0.8074097222222223,0.8519625,0.8607652777777778,0.8848875,10
Qwen/Qwen3-Embedding-8B,4096,75,29,0.7756222222222222,0.8401416666666666,0.8516944444444445,0.8657722222222222,3
Qwen/Qwen3-Embedding-8B,4096,75,30,0.7963708333333334,0.8476180555555556,0.8407902777777776,0.8758513888888888,1
Qwen/Qwen3-Embedding-8B,4096,75,31,0.7903416666666667,0.8363694444444445,0.8343444444444443,0.865375,2
Qwen/Qwen3-Embedding-8B,4096,75,32,0.8129305555555556,0.8571333333333333,0.8648666666666667,0.8813444444444445,5
Qwen/Qwen3-Embedding-8B,4096,75,33,0.7901555555555555,0.8271972222222221,0.8252944444444443,0.86675,2
Qwen/Qwen3-Embedding-8B,4096,75,34,0.7827111111111111,0.8375972222222223,0.8542805555555555,0.8735138888888889,1
Qwen/Qwen3-Embedding-8B,4096,75,35,0.7927111111111111,0.845675,0.8480944444444444,0.8788305555555556,1
Qwen/Qwen3-Embedding-8B,4096,75,36,0.7970597222222222,0.8424375,0.855723611111111,0.8842374999999999,10
Qwen/Qwen3-Embedding-8B,4096,75,37,0.8079319444444444,0.8608097222222222,0.8353652777777778,0.8796041666666667,2
Qwen/Qwen3-Embedding-8B,4096,75,38,0.7792972222222222,0.821625,0.817825,0.8637833333333332,5
Qwen/Qwen3-Embedding-8B,4096,75,39,0.8079416666666667,0.8517694444444445,0.8669944444444444,0.8899833333333333,2
Qwen/Qwen3-Embedding-8B,4096,75,40,0.7941902777777778,0.8419875,0.8398736111111111,0.8673763888888888,1
Qwen/Qwen3-Embedding-8B,4096,75,41,0.7837388888888889,0.849025,0.8447833333333332,0.8738166666666666,3
Qwen/Qwen3-Embedding-8B,4096,75,42,0.8068041666666665,0.8417736111111113,0.8417541666666666,0.8788097222222222,1
Qwen/Qwen3-Embedding-8B,4096,75,43,0.7835208333333333,0.8256875000000001,0.8574569444444445,0.8835069444444444,5
Qwen/Qwen3-Embedding-8B,4096,75,44,0.8024583333333334,0.8443944444444444,0.8688777777777776,0.8866027777777777,2
Qwen/Qwen3-Embedding-8B,4096,75,45,0.7883180555555555,0.8452458333333333,0.8516791666666667,0.8798180555555555,1
Qwen/Qwen3-Embedding-8B,4096,75,46,0.8110791666666668,0.8511041666666667,0.8602402777777777,0.8795180555555555,40
Qwen/Qwen3-Embedding-8B,4096,75,47,0.8157152777777777,0.8479152777777778,0.8602569444444444,0.8884902777777779,2
Qwen/Qwen3-Embedding-8B,4096,75,48,0.7826888888888889,0.8384611111111111,0.8470666666666667,0.8785499999999999,1
Qwen/Qwen3-Embedding-8B,4096,75,49,0.7960958333333334,0.8579986111111111,0.8519930555555556,0.8919930555555556,1
Qwen/Qwen3-Embedding-8B,4096,75,50,0.7835333333333334,0.8296694444444445,0.8368444444444445,0.8697166666666666,2
Qwen/Qwen3-Embedding-8B,4096,75,51,0.8069194444444445,0.8377583333333334,0.8472861111111112,0.8804638888888888,1
Qwen/Qwen3-Embedding-8B,4096,75,52,0.7924916666666666,0.8429861111111112,0.8283472222222222,0.8866999999999999,3
Qwen/Qwen3-Embedding-8B,4096,75,53,0.8146527777777778,0.8582972222222223,0.8706583333333333,0.8845111111111111,40
Qwen/Qwen3-Embedding-8B,4096,75,54,0.7873388888888888,0.82295,0.839388888888889,0.869261111111111,5
Qwen/Qwen3-Embedding-8B,4096,75,55,0.8137972222222223,0.8473500000000002,0.8263611111111111,0.8804805555555555,5
Qwen/Qwen3-Embedding-8B,4096,75,56,0.7935402777777778,0.8491597222222222,0.8603541666666666,0.8773402777777778,2
Qwen/Qwen3-Embedding-8B,4096,75,57,0.7898875000000001,0.8490097222222222,0.8565263888888889,0.8751319444444443,2
Qwen/Qwen3-Embedding-8B,4096,75,58,0.8004833333333334,0.8405222222222222,0.8538694444444445,0.8804194444444445,30
Qwen/Qwen3-Embedding-8B,4096,75,59,0.7906819444444445,0.8399319444444445,0.8532208333333334,0.8778375,1
Qwen/Qwen3-Embedding-8B,4096,75,60,0.7998541666666668,0.8350458333333333,0.8431958333333333,0.8752680555555556,5
Qwen/Qwen3-Embedding-8B,4096,75,61,0.7847416666666667,0.8299861111111111,0.8346777777777777,0.8718999999999998,2
Qwen/Qwen3-Embedding-8B,4096,75,62,0.8065013888888889,0.8530152777777779,0.8470680555555556,0.8818986111111112,20
Qwen/Qwen3-Embedding-8B,4096,75,63,0.7959388888888889,0.8346722222222223,0.8246555555555555,0.8620805555555555,1
Qwen/Qwen3-Embedding-8B,4096,75,64,0.7874722222222221,0.8365222222222222,0.8358388888888888,0.8644305555555555,2
Qwen/Qwen3-Embedding-8B,4096,75,65,0.7939083333333333,0.8374861111111112,0.8410527777777778,0.8681472222222223,5
Qwen/Qwen3-Embedding-8B,4096,75,66,0.7902916666666666,0.8460361111111111,0.8637722222222223,0.8798555555555555,5
Qwen/Qwen3-Embedding-8B,4096,75,67,0.7920486111111111,0.8447319444444444,0.8614569444444445,0.879848611111111,2
Qwen/Qwen3-Embedding-8B,4096,75,68,0.7779027777777777,0.8288166666666668,0.8229083333333335,0.8645027777777778,1
Qwen/Qwen3-Embedding-8B,4096,75,69,0.8080666666666667,0.8518361111111111,0.8409944444444445,0.8734555555555557,5
Qwen/Qwen3-Embedding-8B,4096,75,70,0.8071013888888889,0.8626291666666666,0.8510513888888889,0.8757680555555556,3
Qwen/Qwen3-Embedding-8B,4096,75,71,0.7926513888888889,0.8396319444444446,0.8507319444444443,0.8644847222222221,3
Qwen/Qwen3-Embedding-8B,4096,75,72,0.7988916666666666,0.8554027777777778,0.8694,0.8877833333333334,2
Qwen/Qwen3-Embedding-8B,4096,75,73,0.8000777777777779,0.8422972222222223,0.8478888888888888,0.879863888888889,5
Qwen/Qwen3-Embedding-8B,4096,75,74,0.8007666666666666,0.8495416666666666,0.8525416666666665,0.8937194444444445,2
Qwen/Qwen3-Embedding-8B,4096,75,75,0.8176847222222222,0.8484875,0.8344902777777777,0.8696375000000001,2
Qwen/Qwen3-Embedding-8B,4096,75,76,0.8033250000000001,0.8611,0.8767527777777778,0.8945694444444443,20
Qwen/Qwen3-Embedding-8B,4096,75,77,0.7988027777777779,0.848936111111111,0.8394527777777778,0.8850444444444445,2
Qwen/Qwen3-Embedding-8B,4096,75,78,0.7979444444444443,0.8581166666666666,0.8495777777777778,0.8785000000000001,3
Qwen/Qwen3-Embedding-8B,4096,75,79,0.7868638888888888,0.8291444444444445,0.8443055555555555,0.8670111111111111,10
Qwen/Qwen3-Embedding-8B,4096,75,80,0.8003125,0.8347291666666666,0.8212375000000001,0.8573708333333333,3
Qwen/Qwen3-Embedding-8B,4096,75,81,0.788798611111111,0.835851388888889,0.8281430555555556,0.8782597222222223,10
Qwen/Qwen3-Embedding-8B,4096,75,82,0.7863444444444443,0.8315194444444445,0.843238888888889,0.8705944444444444,2
Qwen/Qwen3-Embedding-8B,4096,75,83,0.8020152777777778,0.8406041666666666,0.8545513888888889,0.8918180555555555,2
Qwen/Qwen3-Embedding-8B,4096,75,84,0.7963624999999999,0.8291736111111112,0.8339291666666666,0.8645541666666666,3
Qwen/Qwen3-Embedding-8B,4096,75,85,0.784475,0.8201777777777779,0.8414805555555556,0.8722444444444446,3
Qwen/Qwen3-Embedding-8B,4096,75,86,0.7989291666666667,0.8490819444444444,0.8485986111111111,0.8857597222222222,1
Qwen/Qwen3-Embedding-8B,4096,75,87,0.7934472222222222,0.8381416666666668,0.8312333333333334,0.8668277777777778,10
Qwen/Qwen3-Embedding-8B,4096,75,88,0.8055083333333333,0.8335388888888889,0.8479277777777778,0.8659250000000001,30
Qwen/Qwen3-Embedding-8B,4096,75,89,0.8098319444444445,0.8590375,0.8558041666666667,0.8800291666666666,2
Qwen/Qwen3-Embedding-8B,4096,75,90,0.801948611111111,0.8458541666666667,0.8593458333333333,0.8648625,2
Qwen/Qwen3-Embedding-8B,4096,75,91,0.7959861111111111,0.8411555555555555,0.8325444444444444,0.8747388888888888,1
Qwen/Qwen3-Embedding-8B,4096,75,92,0.8079638888888889,0.8600666666666665,0.8487305555555557,0.8842555555555556,5
Qwen/Qwen3-Embedding-8B,4096,75,93,0.8077125,0.8499208333333333,0.8539986111111112,0.8753652777777778,1
Qwen/Qwen3-Embedding-8B,4096,75,94,0.8094208333333334,0.8462069444444444,0.8509319444444444,0.8778097222222223,5
Qwen/Qwen3-Embedding-8B,4096,75,95,0.7889833333333334,0.8540777777777778,0.8515777777777778,0.8748305555555557,2
Qwen/Qwen3-Embedding-8B,4096,75,96,0.8005861111111111,0.8388166666666665,0.8527111111111112,0.876827777777778,1
Qwen/Qwen3-Embedding-8B,4096,75,97,0.7822513888888889,0.8376513888888889,0.8309847222222223,0.8664541666666666,10
Qwen/Qwen3-Embedding-8B,4096,75,98,0.8151069444444445,0.8522458333333334,0.8518041666666667,0.8791041666666667,3
Qwen/Qwen3-Embedding-8B,4096,75,99,0.8083111111111111,0.8393194444444444,0.8499194444444444,0.8836305555555556,40
Qwen/Qwen3-Embedding-8B,4096,100,0,0.7993597222222222,0.8479847222222222,0.8700680555555556,0.8851763888888889,1
Qwen/Qwen3-Embedding-8B,4096,100,1,0.7959763888888888,0.8515180555555555,0.8665291666666666,0.8832097222222222,5
Qwen/Qwen3-Embedding-8B,4096,100,2,0.7995819444444444,0.8437597222222222,0.8537374999999999,0.8707069444444444,10
Qwen/Qwen3-Embedding-8B,4096,100,3,0.7878972222222222,0.8194916666666665,0.8461305555555556,0.8721222222222222,30
Qwen/Qwen3-Embedding-8B,4096,100,4,0.8080555555555556,0.8432916666666666,0.8425638888888889,0.8761638888888889,3
Qwen/Qwen3-Embedding-8B,4096,100,5,0.8093291666666667,0.8561680555555555,0.8676763888888889,0.8821013888888889,3
Qwen/Qwen3-Embedding-8B,4096,100,6,0.7895305555555556,0.8314138888888889,0.8445027777777777,0.8680222222222223,1
Qwen/Qwen3-Embedding-8B,4096,100,7,0.7989472222222223,0.8379666666666665,0.8608916666666666,0.8887944444444444,10
Qwen/Qwen3-Embedding-8B,4096,100,8,0.7997055555555557,0.8259222222222222,0.8566333333333334,0.87625,30
Qwen/Qwen3-Embedding-8B,4096,100,9,0.7939319444444445,0.8410180555555555,0.848298611111111,0.8772847222222222,1
Qwen/Qwen3-Embedding-8B,4096,100,10,0.8060361111111112,0.8400916666666667,0.8588527777777778,0.8885277777777778,30
Qwen/Qwen3-Embedding-8B,4096,100,11,0.7955805555555555,0.8366305555555555,0.8544055555555556,0.8873500000000001,10
Qwen/Qwen3-Embedding-8B,4096,100,12,0.7992402777777778,0.8460458333333335,0.8414791666666666,0.8641291666666666,2
Qwen/Qwen3-Embedding-8B,4096,100,13,0.7992430555555556,0.8478125,0.8598930555555556,0.8804736111111111,10
Qwen/Qwen3-Embedding-8B,4096,100,14,0.8021944444444444,0.8437999999999999,0.8603055555555557,0.8796916666666668,10
Qwen/Qwen3-Embedding-8B,4096,100,15,0.7813930555555556,0.8304458333333334,0.8425458333333333,0.8634875000000001,2
Qwen/Qwen3-Embedding-8B,4096,100,16,0.8127833333333333,0.8551388888888889,0.8641916666666666,0.890136111111111,2
Qwen/Qwen3-Embedding-8B,4096,100,17,0.7735541666666667,0.8311041666666666,0.8386013888888889,0.864376388888889,20
Qwen/Qwen3-Embedding-8B,4096,100,18,0.802775,0.8239277777777778,0.8583527777777777,0.88465,40
Qwen/Qwen3-Embedding-8B,4096,100,19,0.8013694444444445,0.8431,0.8495055555555556,0.8810305555555555,10
Qwen/Qwen3-Embedding-8B,4096,100,20,0.7899180555555555,0.8328291666666667,0.8593347222222222,0.8860041666666667,10
Qwen/Qwen3-Embedding-8B,4096,100,21,0.7985791666666666,0.8460611111111112,0.8293666666666667,0.87425,1
Qwen/Qwen3-Embedding-8B,4096,100,22,0.8134875,0.8505569444444443,0.8770208333333334,0.8714680555555556,2
Qwen/Qwen3-Embedding-8B,4096,100,23,0.772675,0.8247916666666667,0.8349166666666668,0.8626333333333333,2
Qwen/Qwen3-Embedding-8B,4096,100,24,0.788125,0.8443694444444444,0.855863888888889,0.8748499999999999,20
Qwen/Qwen3-Embedding-8B,4096,100,25,0.7888333333333333,0.842225,0.8587388888888888,0.8844972222222222,5
Qwen/Qwen3-Embedding-8B,4096,100,26,0.8012444444444446,0.8447333333333333,0.8472333333333334,0.8765361111111112,2
Qwen/Qwen3-Embedding-8B,4096,100,27,0.7867930555555556,0.8324819444444445,0.8268541666666667,0.8727652777777777,1
Qwen/Qwen3-Embedding-8B,4096,100,28,0.8056402777777778,0.8447541666666666,0.8585180555555556,0.8852847222222223,3
Qwen/Qwen3-Embedding-8B,4096,100,29,0.7803305555555556,0.8300388888888889,0.8599305555555556,0.8680361111111111,1
Qwen/Qwen3-Embedding-8B,4096,100,30,0.7972597222222222,0.8421819444444445,0.8438125,0.8791347222222222,1
Qwen/Qwen3-Embedding-8B,4096,100,31,0.7903,0.8359083333333334,0.8420666666666666,0.8709333333333333,2
Qwen/Qwen3-Embedding-8B,4096,100,32,0.8080444444444443,0.8587916666666666,0.8638416666666667,0.884886111111111,5
Qwen/Qwen3-Embedding-8B,4096,100,33,0.7904222222222224,0.8307388888888889,0.8499388888888888,0.875,3
Qwen/Qwen3-Embedding-8B,4096,100,34,0.7867000000000001,0.8329694444444444,0.8506722222222223,0.8743166666666667,3
Qwen/Qwen3-Embedding-8B,4096,100,35,0.7905138888888888,0.8378416666666667,0.8600916666666667,0.8789166666666667,1
Qwen/Qwen3-Embedding-8B,4096,100,36,0.7954625,0.8399763888888889,0.8523874999999999,0.8838486111111111,10
Qwen/Qwen3-Embedding-8B,4096,100,37,0.8062541666666667,0.8588902777777778,0.8501152777777777,0.8870680555555556,2
Qwen/Qwen3-Embedding-8B,4096,100,38,0.7795722222222221,0.8291722222222222,0.8328444444444445,0.8677666666666667,5
Qwen/Qwen3-Embedding-8B,4096,100,39,0.8077916666666667,0.8489416666666667,0.8652194444444444,0.8892555555555555,2
Qwen/Qwen3-Embedding-8B,4096,100,40,0.7941625000000001,0.8382041666666668,0.8457708333333334,0.8739319444444444,1
Qwen/Qwen3-Embedding-8B,4096,100,41,0.789775,0.8405777777777778,0.8498,0.8767555555555554,10
Qwen/Qwen3-Embedding-8B,4096,100,42,0.8017013888888889,0.8445097222222222,0.8482291666666667,0.8792013888888889,3
Qwen/Qwen3-Embedding-8B,4096,100,43,0.7859208333333333,0.8320708333333333,0.8658097222222221,0.8877513888888889,2
Qwen/Qwen3-Embedding-8B,4096,100,44,0.8041388888888887,0.8425888888888888,0.8570583333333335,0.8877194444444445,2
Qwen/Qwen3-Embedding-8B,4096,100,45,0.7890513888888888,0.8357597222222222,0.8399097222222223,0.8775736111111111,1
Qwen/Qwen3-Embedding-8B,4096,100,46,0.8075763888888889,0.8460069444444445,0.8607569444444445,0.8819097222222222,40
Qwen/Qwen3-Embedding-8B,4096,100,47,0.8131347222222223,0.8555069444444443,0.8638819444444444,0.8908208333333334,3
Qwen/Qwen3-Embedding-8B,4096,100,48,0.784225,0.8369916666666667,0.8560333333333333,0.8797694444444445,1
Qwen/Qwen3-Embedding-8B,4096,100,49,0.7982652777777778,0.851398611111111,0.8594541666666666,0.8947624999999999,1
Qwen/Qwen3-Embedding-8B,4096,100,50,0.7819194444444444,0.8206111111111112,0.8349749999999999,0.8701555555555557,2
Qwen/Qwen3-Embedding-8B,4096,100,51,0.8054083333333333,0.830713888888889,0.8563166666666667,0.884475,1
Qwen/Qwen3-Embedding-8B,4096,100,52,0.7910611111111111,0.8416694444444444,0.849875,0.8887472222222221,3
Qwen/Qwen3-Embedding-8B,4096,100,53,0.8116,0.8566472222222222,0.8686527777777777,0.8867,1
Qwen/Qwen3-Embedding-8B,4096,100,54,0.7886222222222222,0.8257722222222224,0.8425944444444444,0.8762555555555556,10
Qwen/Qwen3-Embedding-8B,4096,100,55,0.8103250000000001,0.838713888888889,0.8455277777777778,0.8782416666666667,10
Qwen/Qwen3-Embedding-8B,4096,100,56,0.7896597222222224,0.8515041666666667,0.8649875,0.8770291666666667,2
Qwen/Qwen3-Embedding-8B,4096,100,57,0.7950625,0.8480625,0.8629291666666666,0.8789180555555557,5
Qwen/Qwen3-Embedding-8B,4096,100,58,0.8010722222222222,0.831275,0.8557527777777778,0.8812444444444444,40
Qwen/Qwen3-Embedding-8B,4096,100,59,0.7893291666666666,0.836248611111111,0.8579458333333334,0.8802736111111111,10
Qwen/Qwen3-Embedding-8B,4096,100,60,0.8012736111111112,0.8420819444444445,0.8513708333333334,0.8815513888888888,10
Qwen/Qwen3-Embedding-8B,4096,100,61,0.7861750000000001,0.8204916666666666,0.8356027777777777,0.8705833333333333,3
Qwen/Qwen3-Embedding-8B,4096,100,62,0.806326388888889,0.8430486111111112,0.8507347222222222,0.8807652777777778,20
Qwen/Qwen3-Embedding-8B,4096,100,63,0.7955111111111112,0.8420777777777778,0.8446138888888889,0.8719833333333334,2
Qwen/Qwen3-Embedding-8B,4096,100,64,0.7878722222222222,0.8295083333333334,0.8379111111111112,0.8657972222222223,3
Qwen/Qwen3-Embedding-8B,4096,100,65,0.7924777777777778,0.8357555555555555,0.8524,0.86965,10
Qwen/Qwen3-Embedding-8B,4096,100,66,0.7855972222222223,0.8392027777777777,0.8657888888888888,0.8826111111111111,5
Qwen/Qwen3-Embedding-8B,4096,100,67,0.7924152777777779,0.8429125,0.8533597222222222,0.8799402777777777,2
Qwen/Qwen3-Embedding-8B,4096,100,68,0.7849611111111112,0.8382027777777777,0.8445972222222222,0.8757361111111112,20
Qwen/Qwen3-Embedding-8B,4096,100,69,0.8060888888888889,0.8511916666666666,0.8614361111111111,0.8761555555555556,3
Qwen/Qwen3-Embedding-8B,4096,100,70,0.8037541666666665,0.8579625,0.8488958333333333,0.8780736111111112,5
Qwen/Qwen3-Embedding-8B,4096,100,71,0.7908125,0.834126388888889,0.8526069444444445,0.8706152777777776,2
Qwen/Qwen3-Embedding-8B,4096,100,72,0.7998861111111111,0.8527805555555555,0.8680944444444444,0.8882111111111111,2
Qwen/Qwen3-Embedding-8B,4096,100,73,0.8027388888888889,0.8413722222222222,0.85835,0.8831805555555555,20
Qwen/Qwen3-Embedding-8B,4096,100,74,0.8017944444444445,0.8531027777777778,0.864225,0.8949083333333334,2
Qwen/Qwen3-Embedding-8B,4096,100,75,0.8193597222222223,0.8413930555555555,0.8525791666666668,0.8807375,30
Qwen/Qwen3-Embedding-8B,4096,100,76,0.8060722222222222,0.860836111111111,0.8852722222222221,0.8953694444444444,30
Qwen/Qwen3-Embedding-8B,4096,100,77,0.7997888888888889,0.8529916666666667,0.8561611111111112,0.8883722222222223,3
Qwen/Qwen3-Embedding-8B,4096,100,78,0.7969361111111111,0.8531555555555556,0.8490472222222222,0.8770527777777779,3
Qwen/Qwen3-Embedding-8B,4096,100,79,0.7858722222222222,0.8353249999999999,0.8488499999999999,0.8708666666666667,10
Qwen/Qwen3-Embedding-8B,4096,100,80,0.8017097222222221,0.8316402777777777,0.8489708333333333,0.866448611111111,2
Qwen/Qwen3-Embedding-8B,4096,100,81,0.7928875,0.8416736111111112,0.8410763888888889,0.8808708333333333,3
Qwen/Qwen3-Embedding-8B,4096,100,82,0.7884527777777778,0.8369694444444444,0.8543249999999999,0.8755777777777779,3
Qwen/Qwen3-Embedding-8B,4096,100,83,0.7985875,0.8336208333333334,0.8598513888888889,0.8940069444444443,2
Qwen/Qwen3-Embedding-8B,4096,100,84,0.7977097222222223,0.8330958333333334,0.8470375000000001,0.8648319444444444,2
Qwen/Qwen3-Embedding-8B,4096,100,85,0.7829444444444444,0.8201277777777779,0.8373527777777777,0.8720888888888889,2
Qwen/Qwen3-Embedding-8B,4096,100,86,0.8024652777777778,0.8396236111111112,0.8535347222222223,0.8864763888888888,1
Qwen/Qwen3-Embedding-8B,4096,100,87,0.7938027777777779,0.828338888888889,0.8296055555555556,0.8711249999999999,10
Qwen/Qwen3-Embedding-8B,4096,100,88,0.8046680555555555,0.8395361111111111,0.8588361111111111,0.871875,30
Qwen/Qwen3-Embedding-8B,4096,100,89,0.8126791666666666,0.8574708333333333,0.8576930555555555,0.8808958333333333,2
Qwen/Qwen3-Embedding-8B,4096,100,90,0.8044708333333334,0.8434708333333334,0.8568680555555556,0.8691125,2
Qwen/Qwen3-Embedding-8B,4096,100,91,0.7969305555555555,0.8454722222222222,0.8659472222222222,0.8747222222222222,5
Qwen/Qwen3-Embedding-8B,4096,100,92,0.8109777777777778,0.8637388888888888,0.8590027777777777,0.8878555555555555,3
Qwen/Qwen3-Embedding-8B,4096,100,93,0.8089180555555555,0.8462930555555555,0.8656625,0.8776819444444445,2
Qwen/Qwen3-Embedding-8B,4096,100,94,0.8114041666666667,0.8448125000000001,0.8607791666666667,0.8826569444444443,5
Qwen/Qwen3-Embedding-8B,4096,100,95,0.7894472222222222,0.8438444444444445,0.8555694444444444,0.8755833333333334,1
Qwen/Qwen3-Embedding-8B,4096,100,96,0.8002,0.8417055555555555,0.8612249999999999,0.8857305555555556,1
Qwen/Qwen3-Embedding-8B,4096,100,97,0.7810041666666667,0.8339986111111111,0.8330763888888888,0.8651652777777779,3
Qwen/Qwen3-Embedding-8B,4096,100,98,0.8185097222222223,0.8411180555555557,0.8650847222222223,0.8863152777777777,40
Qwen/Qwen3-Embedding-8B,4096,100,99,0.8047166666666667,0.857975,0.8489861111111111,0.8927916666666668,3
Qwen/Qwen3-Embedding-8B,4096,150,0,0.7969291666666667,0.8494708333333334,0.8693680555555556,0.8864375,5
Qwen/Qwen3-Embedding-8B,4096,150,1,0.7970097222222222,0.8473819444444445,0.8593930555555556,0.8851208333333334,5
Qwen/Qwen3-Embedding-8B,4096,150,2,0.8013763888888888,0.8450930555555555,0.8568930555555555,0.8743347222222223,30
Qwen/Qwen3-Embedding-8B,4096,150,3,0.7858333333333332,0.8145361111111111,0.8478194444444443,0.8709555555555555,40
Qwen/Qwen3-Embedding-8B,4096,150,4,0.8103472222222222,0.8418555555555556,0.8543666666666665,0.8762250000000001,3
Qwen/Qwen3-Embedding-8B,4096,150,5,0.8058208333333333,0.8512180555555556,0.8720097222222223,0.8881486111111111,3
Qwen/Qwen3-Embedding-8B,4096,150,6,0.7917222222222222,0.8286555555555555,0.8484166666666667,0.870125,1
Qwen/Qwen3-Embedding-8B,4096,150,7,0.80185,0.8452194444444444,0.870411111111111,0.8930805555555554,20
Qwen/Qwen3-Embedding-8B,4096,150,8,0.8002027777777778,0.8258944444444444,0.8570777777777778,0.8770555555555557,40
Qwen/Qwen3-Embedding-8B,4096,150,9,0.7926624999999999,0.8380847222222223,0.8589763888888888,0.8843791666666667,3
Qwen/Qwen3-Embedding-8B,4096,150,10,0.8060972222222222,0.8418861111111111,0.8681111111111111,0.8893027777777777,30
Qwen/Qwen3-Embedding-8B,4096,150,11,0.7981611111111111,0.8339527777777778,0.8636333333333334,0.8895555555555555,10
Qwen/Qwen3-Embedding-8B,4096,150,12,0.7940402777777777,0.8264097222222222,0.842898611111111,0.8690097222222222,1
Qwen/Qwen3-Embedding-8B,4096,150,13,0.7971375,0.8470152777777777,0.8589819444444444,0.8826875000000001,5
Qwen/Qwen3-Embedding-8B,4096,150,14,0.8026000000000001,0.8452805555555555,0.8692083333333332,0.8812277777777777,10
Qwen/Qwen3-Embedding-8B,4096,150,15,0.7825875,0.8257958333333333,0.8491458333333334,0.8689013888888889,3
Qwen/Qwen3-Embedding-8B,4096,150,16,0.8102166666666666,0.8500500000000001,0.8582333333333333,0.8904722222222223,2
Qwen/Qwen3-Embedding-8B,4096,150,17,0.7766319444444444,0.8325597222222222,0.8585569444444445,0.869151388888889,20
Qwen/Qwen3-Embedding-8B,4096,150,18,0.8013527777777778,0.8271583333333333,0.8648694444444445,0.8832138888888889,20
Qwen/Qwen3-Embedding-8B,4096,150,19,0.8046111111111112,0.8423694444444445,0.8702222222222223,0.8866555555555555,2
Qwen/Qwen3-Embedding-8B,4096,150,20,0.7954291666666666,0.8341930555555557,0.8538819444444444,0.8893958333333334,10
Qwen/Qwen3-Embedding-8B,4096,150,21,0.7964111111111111,0.8398444444444444,0.8600611111111112,0.8797722222222222,3
Qwen/Qwen3-Embedding-8B,4096,150,22,0.8130291666666667,0.8477541666666666,0.8751541666666667,0.8767736111111112,2
Qwen/Qwen3-Embedding-8B,4096,150,23,0.7716000000000001,0.8274194444444444,0.8467444444444445,0.8643055555555555,3
Qwen/Qwen3-Embedding-8B,4096,150,24,0.7884944444444445,0.8405666666666667,0.8598916666666668,0.8765055555555554,20
Qwen/Qwen3-Embedding-8B,4096,150,25,0.7941555555555557,0.841175,0.8627611111111111,0.8886333333333332,5
Qwen/Qwen3-Embedding-8B,4096,150,26,0.8023111111111111,0.842663888888889,0.8613583333333332,0.883363888888889,3
Qwen/Qwen3-Embedding-8B,4096,150,27,0.7901402777777778,0.8353430555555555,0.8468513888888888,0.8769930555555555,5
Qwen/Qwen3-Embedding-8B,4096,150,28,0.8081569444444445,0.8455347222222223,0.8726930555555557,0.8883375000000001,3
Qwen/Qwen3-Embedding-8B,4096,150,29,0.7814277777777778,0.8253611111111112,0.8533527777777777,0.8714555555555556,1
Qwen/Qwen3-Embedding-8B,4096,150,30,0.7973374999999999,0.8284402777777777,0.8522986111111112,0.8792125,5
Qwen/Qwen3-Embedding-8B,4096,150,31,0.7861305555555556,0.8308777777777778,0.8450416666666667,0.8735416666666668,2
Qwen/Qwen3-Embedding-8B,4096,150,32,0.8078333333333334,0.8569805555555555,0.8773416666666666,0.8901694444444445,5
Qwen/Qwen3-Embedding-8B,4096,150,33,0.7902944444444444,0.8311944444444446,0.8555555555555555,0.8794805555555556,2
Qwen/Qwen3-Embedding-8B,4096,150,34,0.786461111111111,0.8321694444444444,0.8628527777777777,0.8763916666666667,3
Qwen/Qwen3-Embedding-8B,4096,150,35,0.7934555555555556,0.8412333333333333,0.8711666666666666,0.8860166666666667,2
Qwen/Qwen3-Embedding-8B,4096,150,36,0.7960958333333332,0.8416847222222221,0.8602791666666667,0.8878569444444444,10
Qwen/Qwen3-Embedding-8B,4096,150,37,0.8092708333333334,0.8448708333333333,0.8634875,0.8911291666666669,5
Qwen/Qwen3-Embedding-8B,4096,150,38,0.7845777777777778,0.8362916666666665,0.8483333333333334,0.880388888888889,2
Qwen/Qwen3-Embedding-8B,4096,150,39,0.8033138888888889,0.8415388888888888,0.8566333333333335,0.8909666666666668,3
Qwen/Qwen3-Embedding-8B,4096,150,40,0.7893069444444445,0.8322513888888889,0.8492541666666666,0.8731236111111111,1
Qwen/Qwen3-Embedding-8B,4096,150,41,0.7882416666666667,0.8387416666666667,0.8621333333333333,0.8797972222222223,2
Qwen/Qwen3-Embedding-8B,4096,150,42,0.8009791666666666,0.8510513888888889,0.8648430555555556,0.881676388888889,3
Qwen/Qwen3-Embedding-8B,4096,150,43,0.7899402777777778,0.8381958333333334,0.8699875,0.8907375,2
Qwen/Qwen3-Embedding-8B,4096,150,44,0.8075777777777777,0.8447361111111111,0.8588861111111111,0.8932361111111111,2
Qwen/Qwen3-Embedding-8B,4096,150,45,0.7888819444444444,0.8308736111111111,0.8602847222222223,0.8814430555555555,1
Qwen/Qwen3-Embedding-8B,4096,150,46,0.8095430555555554,0.8492708333333334,0.8631041666666666,0.8775763888888888,30
Qwen/Qwen3-Embedding-8B,4096,150,47,0.8090069444444444,0.8551791666666666,0.8680763888888889,0.8919569444444445,2
Qwen/Qwen3-Embedding-8B,4096,150,48,0.7840083333333333,0.8458722222222222,0.8601583333333332,0.87895,2
Qwen/Qwen3-Embedding-8B,4096,150,49,0.7951708333333334,0.8497625,0.8640208333333333,0.8967597222222221,10
Qwen/Qwen3-Embedding-8B,4096,150,50,0.7835944444444445,0.8206027777777779,0.8468166666666667,0.8721416666666666,2
Qwen/Qwen3-Embedding-8B,4096,150,51,0.8046361111111111,0.8273166666666666,0.8727694444444445,0.8876833333333334,1
Qwen/Qwen3-Embedding-8B,4096,150,52,0.7935416666666666,0.8401972222222223,0.8659777777777778,0.8933027777777778,3
Qwen/Qwen3-Embedding-8B,4096,150,53,0.8120999999999999,0.8594805555555556,0.8759166666666667,0.8899250000000001,2
Qwen/Qwen3-Embedding-8B,4096,150,54,0.7884611111111112,0.8316888888888889,0.858625,0.8797805555555557,30
Qwen/Qwen3-Embedding-8B,4096,150,55,0.8077791666666665,0.8352111111111111,0.857988888888889,0.8847333333333334,10
Qwen/Qwen3-Embedding-8B,4096,150,56,0.7894513888888889,0.8504652777777778,0.8679680555555556,0.8804347222222222,3
Qwen/Qwen3-Embedding-8B,4096,150,57,0.7953152777777779,0.8395569444444444,0.8678347222222222,0.8843597222222221,30
Qwen/Qwen3-Embedding-8B,4096,150,58,0.7991833333333332,0.8426527777777779,0.8653194444444445,0.8851194444444443,5
Qwen/Qwen3-Embedding-8B,4096,150,59,0.7888291666666667,0.8419097222222223,0.8604958333333333,0.8803875000000001,3
Qwen/Qwen3-Embedding-8B,4096,150,60,0.8022013888888888,0.8372930555555557,0.8611625,0.8828930555555555,5
Qwen/Qwen3-Embedding-8B,4096,150,61,0.7887972222222221,0.8267472222222222,0.8497777777777777,0.8780472222222221,3
Qwen/Qwen3-Embedding-8B,4096,150,62,0.8018291666666668,0.8400486111111111,0.8620430555555555,0.8858374999999999,10
Qwen/Qwen3-Embedding-8B,4096,150,63,0.7961416666666666,0.8390805555555556,0.8475666666666667,0.8723333333333333,3
Qwen/Qwen3-Embedding-8B,4096,150,64,0.7883305555555555,0.8280527777777777,0.8517222222222223,0.8692277777777778,3
Qwen/Qwen3-Embedding-8B,4096,150,65,0.7949694444444445,0.8299333333333333,0.8604861111111111,0.8762666666666667,5
Qwen/Qwen3-Embedding-8B,4096,150,66,0.7831888888888889,0.8252194444444444,0.8675555555555555,0.8847888888888888,3
Qwen/Qwen3-Embedding-8B,4096,150,67,0.7920486111111111,0.8404847222222223,0.8750819444444445,0.8849847222222224,2
Qwen/Qwen3-Embedding-8B,4096,150,68,0.7888,0.8454777777777778,0.8659805555555554,0.8786694444444444,10
Qwen/Qwen3-Embedding-8B,4096,150,69,0.8086,0.8515944444444444,0.8673777777777778,0.8787250000000001,3
Qwen/Qwen3-Embedding-8B,4096,150,70,0.8010541666666666,0.8480958333333333,0.8405569444444445,0.8857541666666666,10
Qwen/Qwen3-Embedding-8B,4096,150,71,0.7868152777777777,0.8309625,0.8492208333333334,0.8726458333333332,2
Qwen/Qwen3-Embedding-8B,4096,150,72,0.7958777777777779,0.8512749999999999,0.8643388888888888,0.8852055555555555,2
Qwen/Qwen3-Embedding-8B,4096,150,73,0.8049333333333333,0.8424194444444445,0.8701944444444444,0.8843805555555555,40
Qwen/Qwen3-Embedding-8B,4096,150,74,0.8049388888888889,0.8425277777777778,0.8749027777777778,0.8969194444444445,2
Qwen/Qwen3-Embedding-8B,4096,150,75,0.8171402777777779,0.8409986111111112,0.8688791666666665,0.8897708333333333,30
Qwen/Qwen3-Embedding-8B,4096,150,76,0.8064472222222222,0.8589222222222224,0.8949722222222223,0.9001888888888889,40
Qwen/Qwen3-Embedding-8B,4096,150,77,0.800075,0.8484777777777778,0.8563583333333333,0.8899416666666667,2
Qwen/Qwen3-Embedding-8B,4096,150,78,0.7964444444444443,0.8467916666666667,0.8453138888888888,0.8742666666666667,5
Qwen/Qwen3-Embedding-8B,4096,150,79,0.7883944444444444,0.8288944444444444,0.8612777777777778,0.8707472222222221,10
Qwen/Qwen3-Embedding-8B,4096,150,80,0.8004902777777777,0.8258819444444444,0.8603125,0.871648611111111,2
Qwen/Qwen3-Embedding-8B,4096,150,81,0.7948402777777778,0.8342458333333334,0.8467541666666667,0.8846236111111112,20
Qwen/Qwen3-Embedding-8B,4096,150,82,0.7885055555555556,0.8318111111111111,0.861136111111111,0.8725555555555555,2
Qwen/Qwen3-Embedding-8B,4096,150,83,0.7996902777777777,0.8371402777777779,0.8722958333333333,0.8958847222222223,2
Qwen/Qwen3-Embedding-8B,4096,150,84,0.7942958333333334,0.8331319444444445,0.846798611111111,0.8696458333333335,2
Qwen/Qwen3-Embedding-8B,4096,150,85,0.7837222222222222,0.8219722222222223,0.8334027777777777,0.8727166666666666,2
Qwen/Qwen3-Embedding-8B,4096,150,86,0.8049263888888889,0.8424041666666667,0.8665402777777778,0.8935402777777777,2
Qwen/Qwen3-Embedding-8B,4096,150,87,0.7962944444444445,0.8345111111111112,0.8542527777777777,0.874625,10
Qwen/Qwen3-Embedding-8B,4096,150,88,0.8053944444444444,0.8372861111111111,0.8601777777777778,0.8756388888888889,30
Qwen/Qwen3-Embedding-8B,4096,150,89,0.812473611111111,0.8527125,0.8608708333333334,0.8834041666666667,2
Qwen/Qwen3-Embedding-8B,4096,150,90,0.8034847222222222,0.8430569444444445,0.8570097222222222,0.8729541666666666,2
Qwen/Qwen3-Embedding-8B,4096,150,91,0.7964638888888889,0.8392861111111112,0.8658888888888889,0.8770111111111111,5
Qwen/Qwen3-Embedding-8B,4096,150,92,0.8111083333333332,0.8552333333333334,0.8728222222222223,0.8910138888888889,2
Qwen/Qwen3-Embedding-8B,4096,150,93,0.8091819444444445,0.8414180555555556,0.8702013888888889,0.8779347222222222,2
Qwen/Qwen3-Embedding-8B,4096,150,94,0.8117624999999999,0.8443402777777778,0.8729347222222221,0.8867513888888889,5
Qwen/Qwen3-Embedding-8B,4096,150,95,0.7896333333333333,0.843811111111111,0.8702166666666667,0.8849555555555555,1
Qwen/Qwen3-Embedding-8B,4096,150,96,0.8005027777777778,0.827113888888889,0.8589527777777777,0.8847666666666665,3
Qwen/Qwen3-Embedding-8B,4096,150,97,0.7809152777777779,0.8314875,0.8466791666666666,0.8708597222222222,3
Qwen/Qwen3-Embedding-8B,4096,150,98,0.8183652777777778,0.8393541666666667,0.8681069444444445,0.8852625000000001,40
Qwen/Qwen3-Embedding-8B,4096,150,99,0.804988888888889,0.8588277777777777,0.8676861111111113,0.8965666666666667,3
Qwen/Qwen3-Embedding-8B,4096,200,0,0.7959486111111111,0.8455958333333334,0.8775708333333334,0.8908736111111111,2
Qwen/Qwen3-Embedding-8B,4096,200,1,0.7979375,0.8452236111111111,0.8683902777777778,0.8870958333333333,20
Qwen/Qwen3-Embedding-8B,4096,200,2,0.7978986111111112,0.8387430555555556,0.8591958333333333,0.8786402777777776,2
Qwen/Qwen3-Embedding-8B,4096,200,3,0.7853722222222221,0.8134583333333334,0.8469527777777778,0.8716416666666666,40
Qwen/Qwen3-Embedding-8B,4096,200,4,0.8099888888888889,0.8420833333333334,0.8636833333333334,0.8799611111111111,3
Qwen/Qwen3-Embedding-8B,4096,200,5,0.8027708333333334,0.8482486111111112,0.8695652777777778,0.8888874999999999,3
Qwen/Qwen3-Embedding-8B,4096,200,6,0.7918055555555557,0.8291333333333335,0.8504555555555556,0.8727972222222222,1
Qwen/Qwen3-Embedding-8B,4096,200,7,0.7987805555555556,0.8473666666666667,0.8760138888888889,0.8932194444444445,20
Qwen/Qwen3-Embedding-8B,4096,200,8,0.8031249999999999,0.834663888888889,0.8652277777777778,0.8796055555555555,3
Qwen/Qwen3-Embedding-8B,4096,200,9,0.7931958333333333,0.832998611111111,0.8619402777777778,0.8826986111111111,1
Qwen/Qwen3-Embedding-8B,4096,200,10,0.8041722222222223,0.8447944444444444,0.8712027777777778,0.8903277777777778,40
Qwen/Qwen3-Embedding-8B,4096,200,11,0.7947027777777778,0.8314638888888889,0.8695416666666667,0.889663888888889,3
Qwen/Qwen3-Embedding-8B,4096,200,12,0.795323611111111,0.8294430555555556,0.8550986111111111,0.8747236111111111,1
Qwen/Qwen3-Embedding-8B,4096,200,13,0.7933986111111111,0.8423763888888889,0.8616347222222223,0.885773611111111,5
Qwen/Qwen3-Embedding-8B,4096,200,14,0.8014861111111111,0.8426166666666667,0.8730527777777778,0.8858527777777777,20
Qwen/Qwen3-Embedding-8B,4096,200,15,0.7824055555555556,0.8259597222222224,0.8511875,0.8704375,3
Qwen/Qwen3-Embedding-8B,4096,200,16,0.8080416666666667,0.8532194444444443,0.8601527777777778,0.8932333333333334,2
Qwen/Qwen3-Embedding-8B,4096,200,17,0.7776958333333334,0.8345652777777778,0.8682902777777778,0.8784625,20
Qwen/Qwen3-Embedding-8B,4096,200,18,0.7996027777777779,0.8322777777777778,0.8620805555555555,0.8867666666666668,10
Qwen/Qwen3-Embedding-8B,4096,200,19,0.8023777777777779,0.8385444444444445,0.8717694444444444,0.8870305555555555,2
Qwen/Qwen3-Embedding-8B,4096,200,20,0.7971819444444443,0.8291680555555556,0.8618402777777778,0.8916041666666665,10
Qwen/Qwen3-Embedding-8B,4096,200,21,0.7961666666666667,0.834438888888889,0.8708916666666667,0.881863888888889,3
Qwen/Qwen3-Embedding-8B,4096,200,22,0.8141763888888889,0.8439125,0.8823652777777777,0.8817208333333333,2
Qwen/Qwen3-Embedding-8B,4096,200,23,0.7730999999999999,0.8235916666666667,0.856736111111111,0.8702722222222222,2
Qwen/Qwen3-Embedding-8B,4096,200,24,0.7875472222222222,0.8282333333333332,0.862711111111111,0.8768472222222221,20
Qwen/Qwen3-Embedding-8B,4096,200,25,0.796038888888889,0.8405083333333333,0.865125,0.8934472222222223,2
Qwen/Qwen3-Embedding-8B,4096,200,26,0.8017027777777777,0.8435555555555556,0.8712555555555554,0.8888222222222222,3
Qwen/Qwen3-Embedding-8B,4096,200,27,0.7883458333333334,0.8326958333333334,0.8557208333333333,0.8777847222222221,5
Qwen/Qwen3-Embedding-8B,4096,200,28,0.8087736111111111,0.8416458333333333,0.8784819444444445,0.8905736111111111,3
Qwen/Qwen3-Embedding-8B,4096,200,29,0.7822388888888889,0.8282222222222222,0.8588694444444444,0.8742194444444444,1
Qwen/Qwen3-Embedding-8B,4096,200,30,0.7967097222222221,0.8292847222222222,0.8648430555555555,0.8852791666666667,5
Qwen/Qwen3-Embedding-8B,4096,200,31,0.7886722222222222,0.8302361111111111,0.8511777777777778,0.8769361111111111,2
Qwen/Qwen3-Embedding-8B,4096,200,32,0.8065111111111111,0.8513916666666665,0.8838722222222222,0.8932722222222222,5
Qwen/Qwen3-Embedding-8B,4096,200,33,0.7906333333333334,0.8311166666666667,0.85675,0.8831027777777778,2
Qwen/Qwen3-Embedding-8B,4096,200,34,0.7843583333333333,0.8302833333333333,0.8696888888888888,0.8778194444444444,3
Qwen/Qwen3-Embedding-8B,4096,200,35,0.7953166666666667,0.8365388888888888,0.8754666666666666,0.8891166666666668,2
Qwen/Qwen3-Embedding-8B,4096,200,36,0.7957680555555555,0.8481069444444445,0.868401388888889,0.8876875000000001,10
Qwen/Qwen3-Embedding-8B,4096,200,37,0.8084902777777777,0.8406708333333333,0.8718958333333333,0.8940152777777778,5
Qwen/Qwen3-Embedding-8B,4096,200,38,0.7808861111111111,0.837063888888889,0.8561333333333333,0.8800638888888889,2
Qwen/Qwen3-Embedding-8B,4096,200,39,0.8048305555555556,0.8430333333333334,0.8794277777777777,0.8935638888888889,2
Qwen/Qwen3-Embedding-8B,4096,200,40,0.7910708333333334,0.8331319444444445,0.8631125,0.875726388888889,2
Qwen/Qwen3-Embedding-8B,4096,200,41,0.7850833333333335,0.8323527777777776,0.8590527777777778,0.8828416666666667,1
Qwen/Qwen3-Embedding-8B,4096,200,42,0.7979402777777778,0.8513152777777777,0.8724652777777777,0.8862708333333335,3
Qwen/Qwen3-Embedding-8B,4096,200,43,0.7891791666666668,0.8380819444444444,0.8735652777777778,0.8921097222222223,2
Qwen/Qwen3-Embedding-8B,4096,200,44,0.8043944444444444,0.8433555555555555,0.8634527777777777,0.8954472222222223,2
Qwen/Qwen3-Embedding-8B,4096,200,45,0.7883597222222222,0.8396708333333334,0.8672763888888889,0.8887291666666666,20
Qwen/Qwen3-Embedding-8B,4096,200,46,0.8060402777777779,0.8510236111111111,0.8698486111111111,0.8799152777777778,20
Qwen/Qwen3-Embedding-8B,4096,200,47,0.8080930555555554,0.8415236111111111,0.8718847222222222,0.8914152777777777,1
Qwen/Qwen3-Embedding-8B,4096,200,48,0.7849666666666666,0.8378916666666668,0.857588888888889,0.8781694444444446,2
Qwen/Qwen3-Embedding-8B,4096,200,49,0.7985902777777777,0.8527347222222222,0.8728319444444445,0.9000652777777778,10
Qwen/Qwen3-Embedding-8B,4096,200,50,0.7843027777777778,0.8232583333333333,0.8568944444444443,0.8736277777777779,2
Qwen/Qwen3-Embedding-8B,4096,200,51,0.8050861111111112,0.8251388888888889,0.8754000000000002,0.887025,1
Qwen/Qwen3-Embedding-8B,4096,200,52,0.7912638888888889,0.8415527777777777,0.8737583333333333,0.895947222222222,3
Qwen/Qwen3-Embedding-8B,4096,200,53,0.8123777777777779,0.8584499999999999,0.8733277777777778,0.8912138888888889,2
Qwen/Qwen3-Embedding-8B,4096,200,54,0.7884055555555556,0.8263250000000001,0.8618583333333334,0.8823722222222224,20
Qwen/Qwen3-Embedding-8B,4096,200,55,0.808888888888889,0.8367138888888889,0.8648416666666667,0.8872916666666667,20
Qwen/Qwen3-Embedding-8B,4096,200,56,0.7926458333333334,0.8599541666666666,0.8786902777777778,0.8832680555555557,40
Qwen/Qwen3-Embedding-8B,4096,200,57,0.7966375,0.8462458333333334,0.8781319444444444,0.8867486111111111,5
Qwen/Qwen3-Embedding-8B,4096,200,58,0.7995055555555555,0.829011111111111,0.86855,0.8873,30
Qwen/Qwen3-Embedding-8B,4096,200,59,0.7881319444444445,0.8433819444444444,0.8723458333333334,0.8805986111111113,2
Qwen/Qwen3-Embedding-8B,4096,200,60,0.801723611111111,0.8351708333333333,0.8649374999999999,0.8850875,5
Qwen/Qwen3-Embedding-8B,4096,200,61,0.7917500000000001,0.8371888888888889,0.8629305555555555,0.8857805555555556,40
Qwen/Qwen3-Embedding-8B,4096,200,62,0.8023374999999999,0.8376041666666667,0.8662458333333332,0.8858236111111111,10
Qwen/Qwen3-Embedding-8B,4096,200,63,0.7965416666666667,0.8443000000000002,0.8669222222222221,0.8769944444444444,2
Qwen/Qwen3-Embedding-8B,4096,200,64,0.7884083333333334,0.82825,0.8659861111111111,0.876075,3
Qwen/Qwen3-Embedding-8B,4096,200,65,0.7948166666666666,0.8351027777777777,0.8654472222222221,0.8766111111111112,3
Qwen/Qwen3-Embedding-8B,4096,200,66,0.7831611111111111,0.8252277777777778,0.8697666666666666,0.8870555555555557,3
Qwen/Qwen3-Embedding-8B,4096,200,67,0.7922430555555555,0.8379041666666667,0.8783374999999999,0.8876819444444444,2
Qwen/Qwen3-Embedding-8B,4096,200,68,0.7907972222222222,0.8425972222222222,0.8597388888888888,0.877788888888889,20
Qwen/Qwen3-Embedding-8B,4096,200,69,0.8087277777777778,0.8451888888888889,0.8687388888888888,0.8801583333333334,2
Qwen/Qwen3-Embedding-8B,4096,200,70,0.8006569444444445,0.8479930555555556,0.8778625,0.8891291666666667,10
Qwen/Qwen3-Embedding-8B,4096,200,71,0.7862458333333333,0.8254041666666666,0.8579458333333332,0.874351388888889,2
Qwen/Qwen3-Embedding-8B,4096,200,72,0.7920083333333333,0.8405916666666666,0.861088888888889,0.8842333333333333,2
Qwen/Qwen3-Embedding-8B,4096,200,73,0.8061916666666668,0.8429527777777778,0.8713861111111111,0.8836472222222223,30
Qwen/Qwen3-Embedding-8B,4096,200,74,0.8038888888888889,0.8410305555555556,0.8876305555555555,0.9001750000000001,2
Qwen/Qwen3-Embedding-8B,4096,200,75,0.8163125,0.8425513888888889,0.8716763888888889,0.8925097222222222,30
Qwen/Qwen3-Embedding-8B,4096,200,76,0.8044166666666667,0.8478277777777777,0.8871222222222223,0.9009777777777779,1
Qwen/Qwen3-Embedding-8B,4096,200,77,0.7968583333333334,0.8428055555555556,0.861375,0.8913472222222222,5
Qwen/Qwen3-Embedding-8B,4096,200,78,0.7969527777777778,0.8406,0.8710305555555555,0.8778722222222222,30
Qwen/Qwen3-Embedding-8B,4096,200,79,0.7899152777777778,0.8319555555555556,0.8601166666666668,0.8789083333333332,10
Qwen/Qwen3-Embedding-8B,4096,200,80,0.7999263888888889,0.8310430555555555,0.8721013888888888,0.8754375000000001,2
Qwen/Qwen3-Embedding-8B,4096,200,81,0.7926930555555556,0.8347680555555556,0.866451388888889,0.8860430555555556,20
Qwen/Qwen3-Embedding-8B,4096,200,82,0.7893333333333332,0.834275,0.8660222222222222,0.8777972222222223,3
Qwen/Qwen3-Embedding-8B,4096,200,83,0.7974013888888888,0.8385125000000001,0.8781263888888889,0.8967180555555556,2
Qwen/Qwen3-Embedding-8B,4096,200,84,0.795801388888889,0.8338208333333332,0.8541569444444445,0.8783291666666666,2
Qwen/Qwen3-Embedding-8B,4096,200,85,0.7836000000000001,0.8249638888888888,0.8556138888888889,0.8771694444444444,3
Qwen/Qwen3-Embedding-8B,4096,200,86,0.8038069444444444,0.8364208333333333,0.8757013888888889,0.8969597222222222,20
Qwen/Qwen3-Embedding-8B,4096,200,87,0.7971583333333333,0.8395444444444443,0.8568472222222223,0.8753666666666666,10
Qwen/Qwen3-Embedding-8B,4096,200,88,0.8017361111111111,0.8373277777777779,0.8647944444444444,0.8840027777777777,30
Qwen/Qwen3-Embedding-8B,4096,200,89,0.8106986111111111,0.8514930555555555,0.8678458333333334,0.8842958333333334,2
Qwen/Qwen3-Embedding-8B,4096,200,90,0.8049680555555555,0.8442847222222223,0.8607874999999998,0.8721013888888888,2
Qwen/Qwen3-Embedding-8B,4096,200,91,0.8003944444444444,0.8407166666666668,0.8748722222222222,0.8832888888888889,5
Qwen/Qwen3-Embedding-8B,4096,200,92,0.813588888888889,0.855011111111111,0.8814500000000001,0.8949833333333334,3
Qwen/Qwen3-Embedding-8B,4096,200,93,0.8091819444444444,0.8366708333333335,0.8778236111111111,0.8811180555555556,2
Qwen/Qwen3-Embedding-8B,4096,200,94,0.8130625,0.8435597222222222,0.8789763888888888,0.8887097222222222,5
Qwen/Qwen3-Embedding-8B,4096,200,95,0.7901638888888889,0.8386416666666666,0.8720277777777778,0.886661111111111,1
Qwen/Qwen3-Embedding-8B,4096,200,96,0.8040027777777778,0.8383750000000001,0.8666666666666666,0.890225,5
Qwen/Qwen3-Embedding-8B,4096,200,97,0.7829736111111112,0.8290569444444444,0.8519180555555557,0.8746291666666668,1
Qwen/Qwen3-Embedding-8B,4096,200,98,0.8176430555555555,0.8419069444444444,0.8762541666666667,0.8862208333333332,30
Qwen/Qwen3-Embedding-8B,4096,200,99,0.8050666666666667,0.8574972222222222,0.8740444444444444,0.8993333333333333,3
