train_ds,target_ds,embedder,seed,method,n_test,roc_auc,pr_auc,tpr_fpr1,tpr_fpr5
Wild,Wild,all-mpnet-base-v2,0,A1_raw,400,0.7714750000000001,0.7826608234706446,0.195,0.255
Wild,Wild,all-mpnet-base-v2,0,B1_raw,400,0.867025,0.858524382630468,0.165,0.475
Wild,Wild,all-mpnet-base-v2,0,B1b_SigmaT,400,0.99365,0.9805247209594219,0.97,1.0
Wild,Wild,all-mpnet-base-v2,0,B1w_SigmaW,400,0.9926999999999999,0.9864593750148947,0.81,1.0
Wild,Wild,all-mpnet-base-v2,0,DELONG_B1w_vs_A1,400,0.0,,,
Wild,ToxicChat,all-mpnet-base-v2,0,A1_raw,400,0.7509250000000001,0.7677838749019383,0.205,0.29
Wild,ToxicChat,all-mpnet-base-v2,0,B1_raw,400,0.67725,0.7320623692073763,0.225,0.345
Wild,ToxicChat,all-mpnet-base-v2,0,B1b_SigmaT,400,0.7025999999999999,0.7195643687528885,0.105,0.255
Wild,ToxicChat,all-mpnet-base-v2,0,B1w_SigmaW,400,0.7441,0.7550328053182422,0.14,0.31
Wild,ToxicChat,all-mpnet-base-v2,0,DELONG_B1w_vs_A1,400,0.8122887731724033,,,
Wild,XSTest,all-mpnet-base-v2,0,A1_raw,400,0.648825,0.6548875206055669,0.07,0.14
Wild,XSTest,all-mpnet-base-v2,0,B1_raw,400,0.637725,0.5854617507444619,0.015,0.05
Wild,XSTest,all-mpnet-base-v2,0,B1b_SigmaT,400,0.6648750000000001,0.6566861329342345,0.02,0.19
Wild,XSTest,all-mpnet-base-v2,0,B1w_SigmaW,400,0.6764749999999999,0.6721742581491028,0.08,0.215
Wild,XSTest,all-mpnet-base-v2,0,DELONG_B1w_vs_A1,400,0.40230466813171173,,,
Wild,AdvBench,all-mpnet-base-v2,0,A1_raw,400,0.82355,0.7337037847812937,0.01,0.12
Wild,AdvBench,all-mpnet-base-v2,0,B1_raw,400,0.8086,0.7608934797774606,0.025,0.21
Wild,AdvBench,all-mpnet-base-v2,0,B1b_SigmaT,400,0.575925,0.587656448531449,0.03,0.14
Wild,AdvBench,all-mpnet-base-v2,0,B1w_SigmaW,400,0.6355,0.6351378452193962,0.04,0.18
Wild,AdvBench,all-mpnet-base-v2,0,DELONG_B1w_vs_A1,400,3.789965496991954e-08,,,
Wild,HarmBench,all-mpnet-base-v2,0,A1_raw,400,0.700125,0.6087928442197172,0.0,0.035
Wild,HarmBench,all-mpnet-base-v2,0,B1_raw,400,0.74005,0.6941031001214997,0.02,0.195
Wild,HarmBench,all-mpnet-base-v2,0,B1b_SigmaT,400,0.67785,0.7106449965786903,0.085,0.215
Wild,HarmBench,all-mpnet-base-v2,0,B1w_SigmaW,400,0.70715,0.7393190795910713,0.125,0.29
Wild,HarmBench,all-mpnet-base-v2,0,DELONG_B1w_vs_A1,400,0.8507125539968825,,,
Wild,Wild,all-mpnet-base-v2,1,A1_raw,400,0.7952125,0.7915398374380274,0.14,0.245
Wild,Wild,all-mpnet-base-v2,1,B1_raw,400,0.8654375000000001,0.842857698873913,0.18,0.33
Wild,Wild,all-mpnet-base-v2,1,B1b_SigmaT,400,0.9984,0.998226179802758,0.975,1.0
Wild,Wild,all-mpnet-base-v2,1,B1w_SigmaW,400,0.993775,0.9932382705233913,0.855,0.975
Wild,Wild,all-mpnet-base-v2,1,DELONG_B1w_vs_A1,400,0.0,,,
Wild,ToxicChat,all-mpnet-base-v2,1,A1_raw,400,0.7545999999999999,0.761060010763061,0.18,0.235
Wild,ToxicChat,all-mpnet-base-v2,1,B1_raw,400,0.689775,0.7195644694512298,0.16,0.275
Wild,ToxicChat,all-mpnet-base-v2,1,B1b_SigmaT,400,0.733825,0.7526158310279121,0.165,0.315
Wild,ToxicChat,all-mpnet-base-v2,1,B1w_SigmaW,400,0.74305,0.759652335292056,0.185,0.285
Wild,ToxicChat,all-mpnet-base-v2,1,DELONG_B1w_vs_A1,400,0.6606056250638488,,,
Wild,XSTest,all-mpnet-base-v2,1,A1_raw,400,0.6312,0.6470414923291481,0.06,0.155
Wild,XSTest,all-mpnet-base-v2,1,B1_raw,400,0.5809500000000001,0.520482303759849,0.0,0.015
Wild,XSTest,all-mpnet-base-v2,1,B1b_SigmaT,400,0.554825,0.5418822069433176,0.01,0.08
Wild,XSTest,all-mpnet-base-v2,1,B1w_SigmaW,400,0.5556,0.5478914385109815,0.025,0.085
Wild,XSTest,all-mpnet-base-v2,1,DELONG_B1w_vs_A1,400,0.025059844149865063,,,
Wild,AdvBench,all-mpnet-base-v2,1,A1_raw,400,0.8381749999999999,0.7516388859907959,0.005,0.135
Wild,AdvBench,all-mpnet-base-v2,1,B1_raw,400,0.771625,0.7313648727766106,0.05,0.21
Wild,AdvBench,all-mpnet-base-v2,1,B1b_SigmaT,400,0.6302000000000001,0.6180447359898442,0.035,0.105
Wild,AdvBench,all-mpnet-base-v2,1,B1w_SigmaW,400,0.61925,0.6051622505842134,0.02,0.11
Wild,AdvBench,all-mpnet-base-v2,1,DELONG_B1w_vs_A1,400,1.0645262449315851e-11,,,
Wild,HarmBench,all-mpnet-base-v2,1,A1_raw,400,0.712275,0.6169842577056655,0.0,0.015
Wild,HarmBench,all-mpnet-base-v2,1,B1_raw,400,0.729525,0.7088622105006346,0.04,0.22
Wild,HarmBench,all-mpnet-base-v2,1,B1b_SigmaT,400,0.6251249999999999,0.6383338814537352,0.035,0.175
Wild,HarmBench,all-mpnet-base-v2,1,B1w_SigmaW,400,0.628225,0.6433176070071719,0.035,0.215
Wild,HarmBench,all-mpnet-base-v2,1,DELONG_B1w_vs_A1,400,0.024656889260547654,,,
Wild,Wild,all-mpnet-base-v2,2,A1_raw,400,0.800225,0.7909274069785055,0.08,0.28
Wild,Wild,all-mpnet-base-v2,2,B1_raw,400,0.8883750000000001,0.8735412513259124,0.23,0.4
Wild,Wild,all-mpnet-base-v2,2,B1b_SigmaT,400,0.9998,0.9997974410884574,1.0,1.0
Wild,Wild,all-mpnet-base-v2,2,B1w_SigmaW,400,0.99935,0.9993352064984455,0.985,1.0
Wild,Wild,all-mpnet-base-v2,2,DELONG_B1w_vs_A1,400,0.0,,,
Wild,ToxicChat,all-mpnet-base-v2,2,A1_raw,400,0.781975,0.8003716989384824,0.235,0.36
Wild,ToxicChat,all-mpnet-base-v2,2,B1_raw,400,0.648925,0.69289341354566,0.165,0.225
Wild,ToxicChat,all-mpnet-base-v2,2,B1b_SigmaT,400,0.6055250000000001,0.6541410314154127,0.155,0.19
Wild,ToxicChat,all-mpnet-base-v2,2,B1w_SigmaW,400,0.643525,0.6865897065880737,0.18,0.215
Wild,ToxicChat,all-mpnet-base-v2,2,DELONG_B1w_vs_A1,400,9.892422562218783e-06,,,
Wild,XSTest,all-mpnet-base-v2,2,A1_raw,400,0.6275499999999999,0.6382402508257013,0.055,0.13
Wild,XSTest,all-mpnet-base-v2,2,B1_raw,400,0.5333500000000001,0.49108785263476784,0.0,0.005
Wild,XSTest,all-mpnet-base-v2,2,B1b_SigmaT,400,0.446975,0.46118417871136674,0.015,0.02
Wild,XSTest,all-mpnet-base-v2,2,B1w_SigmaW,400,0.4630500000000001,0.466188536533163,0.015,0.025
Wild,XSTest,all-mpnet-base-v2,2,DELONG_B1w_vs_A1,400,3.390977777995019e-05,,,
Wild,AdvBench,all-mpnet-base-v2,2,A1_raw,400,0.7991250000000001,0.7041122522066402,0.0,0.06
Wild,AdvBench,all-mpnet-base-v2,2,B1_raw,400,0.707025,0.6625179407179986,0.05,0.085
Wild,AdvBench,all-mpnet-base-v2,2,B1b_SigmaT,400,0.310975,0.37968322396019666,0.0,0.005
Wild,AdvBench,all-mpnet-base-v2,2,B1w_SigmaW,400,0.352475,0.3970278783865525,0.0,0.005
Wild,AdvBench,all-mpnet-base-v2,2,DELONG_B1w_vs_A1,400,0.0,,,
Wild,HarmBench,all-mpnet-base-v2,2,A1_raw,400,0.6714749999999999,0.5948594661441186,0.0,0.035
Wild,HarmBench,all-mpnet-base-v2,2,B1_raw,400,0.65975,0.6131311086674703,0.025,0.105
Wild,HarmBench,all-mpnet-base-v2,2,B1b_SigmaT,400,0.48377500000000007,0.47208332526773544,0.005,0.025
Wild,HarmBench,all-mpnet-base-v2,2,B1w_SigmaW,400,0.48955000000000004,0.47947939892082425,0.01,0.025
Wild,HarmBench,all-mpnet-base-v2,2,DELONG_B1w_vs_A1,400,1.0973004803238595e-05,,,
Wild,Wild,all-mpnet-base-v2,3,A1_raw,400,0.8335749999999998,0.7843667894389164,0.055,0.245
Wild,Wild,all-mpnet-base-v2,3,B1_raw,400,0.907675,0.8678194012500929,0.105,0.53
Wild,Wild,all-mpnet-base-v2,3,B1b_SigmaT,400,0.994925,0.9796566878121031,0.99,1.0
Wild,Wild,all-mpnet-base-v2,3,B1w_SigmaW,400,0.9934999999999999,0.9829159307255873,0.93,1.0
Wild,Wild,all-mpnet-base-v2,3,DELONG_B1w_vs_A1,400,1.1102230246251565e-15,,,
Wild,ToxicChat,all-mpnet-base-v2,3,A1_raw,400,0.737875,0.7574776158219154,0.185,0.325
Wild,ToxicChat,all-mpnet-base-v2,3,B1_raw,400,0.65955,0.7028464489945347,0.15,0.28
Wild,ToxicChat,all-mpnet-base-v2,3,B1b_SigmaT,400,0.6700749999999999,0.7089904412307542,0.17,0.245
Wild,ToxicChat,all-mpnet-base-v2,3,B1w_SigmaW,400,0.6693,0.7120923038229238,0.2,0.255
Wild,ToxicChat,all-mpnet-base-v2,3,DELONG_B1w_vs_A1,400,0.009821939356170262,,,
Wild,XSTest,all-mpnet-base-v2,3,A1_raw,400,0.628225,0.6338851432238373,0.05,0.115
Wild,XSTest,all-mpnet-base-v2,3,B1_raw,400,0.592375,0.534397905241052,0.0,0.025
Wild,XSTest,all-mpnet-base-v2,3,B1b_SigmaT,400,0.561875,0.534525758609071,0.0,0.045
Wild,XSTest,all-mpnet-base-v2,3,B1w_SigmaW,400,0.5677000000000001,0.5466692533155117,0.0,0.07
Wild,XSTest,all-mpnet-base-v2,3,DELONG_B1w_vs_A1,400,0.07275609076327627,,,
Wild,AdvBench,all-mpnet-base-v2,3,A1_raw,400,0.8245250000000001,0.7316962801091023,0.0,0.105
Wild,AdvBench,all-mpnet-base-v2,3,B1_raw,400,0.8215250000000001,0.7753611019711019,0.025,0.3
Wild,AdvBench,all-mpnet-base-v2,3,B1b_SigmaT,400,0.488375,0.46480737749719214,0.0,0.01
Wild,AdvBench,all-mpnet-base-v2,3,B1w_SigmaW,400,0.506475,0.47619500332213105,0.005,0.01
Wild,AdvBench,all-mpnet-base-v2,3,DELONG_B1w_vs_A1,400,0.0,,,
Wild,HarmBench,all-mpnet-base-v2,3,A1_raw,400,0.691875,0.5938482149692534,0.0,0.0
Wild,HarmBench,all-mpnet-base-v2,3,B1_raw,400,0.6988749999999999,0.6412728590509381,0.02,0.11
Wild,HarmBench,all-mpnet-base-v2,3,B1b_SigmaT,400,0.5127250000000001,0.5154533908587808,0.025,0.06
Wild,HarmBench,all-mpnet-base-v2,3,B1w_SigmaW,400,0.5191250000000001,0.5147851565710388,0.02,0.04
Wild,HarmBench,all-mpnet-base-v2,3,DELONG_B1w_vs_A1,400,4.210452166031331e-06,,,
Wild,Wild,all-mpnet-base-v2,4,A1_raw,400,0.78535,0.7779870198277735,0.125,0.275
Wild,Wild,all-mpnet-base-v2,4,B1_raw,400,0.862475,0.8373841178050523,0.21,0.295
Wild,Wild,all-mpnet-base-v2,4,B1b_SigmaT,400,0.9940749999999999,0.9748815020066895,0.97,0.995
Wild,Wild,all-mpnet-base-v2,4,B1w_SigmaW,400,0.9915999999999999,0.9777678440112073,0.91,0.975
Wild,Wild,all-mpnet-base-v2,4,DELONG_B1w_vs_A1,400,0.0,,,
Wild,ToxicChat,all-mpnet-base-v2,4,A1_raw,400,0.7253,0.7498032297402106,0.215,0.305
Wild,ToxicChat,all-mpnet-base-v2,4,B1_raw,400,0.7076749999999999,0.737916617384898,0.16,0.305
Wild,ToxicChat,all-mpnet-base-v2,4,B1b_SigmaT,400,0.67285,0.6966540958406995,0.155,0.205
Wild,ToxicChat,all-mpnet-base-v2,4,B1w_SigmaW,400,0.713875,0.7353297796374582,0.145,0.235
Wild,ToxicChat,all-mpnet-base-v2,4,DELONG_B1w_vs_A1,400,0.6673273548922996,,,
Wild,XSTest,all-mpnet-base-v2,4,A1_raw,400,0.6103500000000001,0.6230230020508527,0.065,0.13
Wild,XSTest,all-mpnet-base-v2,4,B1_raw,400,0.6115,0.5713265815116876,0.01,0.035
Wild,XSTest,all-mpnet-base-v2,4,B1b_SigmaT,400,0.590475,0.5626677945864607,0.0,0.075
Wild,XSTest,all-mpnet-base-v2,4,B1w_SigmaW,400,0.59615,0.5706711832231667,0.0,0.09
Wild,XSTest,all-mpnet-base-v2,4,DELONG_B1w_vs_A1,400,0.6969817439465265,,,
Wild,AdvBench,all-mpnet-base-v2,4,A1_raw,400,0.78315,0.6892215901596755,0.0,0.045
Wild,AdvBench,all-mpnet-base-v2,4,B1_raw,400,0.770375,0.7146949741251057,0.015,0.19
Wild,AdvBench,all-mpnet-base-v2,4,B1b_SigmaT,400,0.45972500000000005,0.46223580658502395,0.0,0.025
Wild,AdvBench,all-mpnet-base-v2,4,B1w_SigmaW,400,0.4354,0.4467576054899438,0.0,0.025
Wild,AdvBench,all-mpnet-base-v2,4,DELONG_B1w_vs_A1,400,0.0,,,
Wild,HarmBench,all-mpnet-base-v2,4,A1_raw,400,0.6861250000000001,0.5973675495361725,0.0,0.01
Wild,HarmBench,all-mpnet-base-v2,4,B1_raw,400,0.688225,0.6365826327692093,0.005,0.14
Wild,HarmBench,all-mpnet-base-v2,4,B1b_SigmaT,400,0.5027999999999999,0.4999626014098463,0.01,0.045
Wild,HarmBench,all-mpnet-base-v2,4,B1w_SigmaW,400,0.505375,0.4991055220559481,0.015,0.055
Wild,HarmBench,all-mpnet-base-v2,4,DELONG_B1w_vs_A1,400,1.4929516447548252e-06,,,
Wild,Wild,bge-base-en-v1.5,0,A1_raw,400,0.7662875,0.774556990788875,0.13,0.335
Wild,Wild,bge-base-en-v1.5,0,B1_raw,400,0.8624875000000001,0.852657417575293,0.215,0.42
Wild,Wild,bge-base-en-v1.5,0,B1b_SigmaT,400,0.993325,0.974647183165626,1.0,1.0
Wild,Wild,bge-base-en-v1.5,0,B1w_SigmaW,400,0.9933375,0.9837796361424419,0.995,1.0
Wild,Wild,bge-base-en-v1.5,0,DELONG_B1w_vs_A1,400,0.0,,,
Wild,ToxicChat,bge-base-en-v1.5,0,A1_raw,400,0.746375,0.7736932664108072,0.235,0.365
Wild,ToxicChat,bge-base-en-v1.5,0,B1_raw,400,0.7026,0.7493464781010921,0.24,0.34
Wild,ToxicChat,bge-base-en-v1.5,0,B1b_SigmaT,400,0.7354,0.7232098854910791,0.085,0.25
Wild,ToxicChat,bge-base-en-v1.5,0,B1w_SigmaW,400,0.7484,0.7337359444188944,0.09,0.245
Wild,ToxicChat,bge-base-en-v1.5,0,DELONG_B1w_vs_A1,400,0.9440587162690222,,,
Wild,XSTest,bge-base-en-v1.5,0,A1_raw,400,0.7353750000000001,0.7236060227227457,0.09,0.24
Wild,XSTest,bge-base-en-v1.5,0,B1_raw,400,0.533625,0.49165409071658867,0.0,0.005
Wild,XSTest,bge-base-en-v1.5,0,B1b_SigmaT,400,0.594775,0.5804406857567854,0.02,0.075
Wild,XSTest,bge-base-en-v1.5,0,B1w_SigmaW,400,0.596325,0.5861404898204923,0.03,0.06
Wild,XSTest,bge-base-en-v1.5,0,DELONG_B1w_vs_A1,400,6.000551900742224e-05,,,
Wild,AdvBench,bge-base-en-v1.5,0,A1_raw,400,0.76725,0.6809321992106661,0.005,0.095
Wild,AdvBench,bge-base-en-v1.5,0,B1_raw,400,0.7920250000000001,0.7605952060606116,0.11,0.305
Wild,AdvBench,bge-base-en-v1.5,0,B1b_SigmaT,400,0.712475,0.6630286042908955,0.0,0.145
Wild,AdvBench,bge-base-en-v1.5,0,B1w_SigmaW,400,0.736475,0.6882122651538499,0.03,0.19
Wild,AdvBench,bge-base-en-v1.5,0,DELONG_B1w_vs_A1,400,0.3587957146548022,,,
Wild,HarmBench,bge-base-en-v1.5,0,A1_raw,400,0.6675,0.589324307464508,0.01,0.03
Wild,HarmBench,bge-base-en-v1.5,0,B1_raw,400,0.702375,0.693832366513591,0.085,0.205
Wild,HarmBench,bge-base-en-v1.5,0,B1b_SigmaT,400,0.724375,0.7218722561563742,0.125,0.215
Wild,HarmBench,bge-base-en-v1.5,0,B1w_SigmaW,400,0.7269000000000001,0.7228616156349884,0.12,0.215
Wild,HarmBench,bge-base-en-v1.5,0,DELONG_B1w_vs_A1,400,0.0815189699615877,,,
Wild,Wild,bge-base-en-v1.5,1,A1_raw,400,0.7762625,0.7788364201133051,0.145,0.29
Wild,Wild,bge-base-en-v1.5,1,B1_raw,400,0.8757375000000001,0.8603450285484608,0.205,0.455
Wild,Wild,bge-base-en-v1.5,1,B1b_SigmaT,400,0.999825,0.9998254912804714,1.0,1.0
Wild,Wild,bge-base-en-v1.5,1,B1w_SigmaW,400,0.9990249999999999,0.9990067819636155,0.99,1.0
Wild,Wild,bge-base-en-v1.5,1,DELONG_B1w_vs_A1,400,0.0,,,
Wild,ToxicChat,bge-base-en-v1.5,1,A1_raw,400,0.7328,0.7593322013701349,0.215,0.365
Wild,ToxicChat,bge-base-en-v1.5,1,B1_raw,400,0.7330249999999998,0.7446116442670786,0.115,0.255
Wild,ToxicChat,bge-base-en-v1.5,1,B1b_SigmaT,400,0.7692749999999999,0.77579012153536,0.115,0.295
Wild,ToxicChat,bge-base-en-v1.5,1,B1w_SigmaW,400,0.7962,0.8122466152162107,0.195,0.395
Wild,ToxicChat,bge-base-en-v1.5,1,DELONG_B1w_vs_A1,400,0.023214069878541688,,,
Wild,XSTest,bge-base-en-v1.5,1,A1_raw,400,0.7210500000000001,0.692866942605169,0.05,0.2
Wild,XSTest,bge-base-en-v1.5,1,B1_raw,400,0.48705000000000004,0.46204050028552346,0.0,0.0
Wild,XSTest,bge-base-en-v1.5,1,B1b_SigmaT,400,0.6455,0.6582371727693113,0.065,0.16
Wild,XSTest,bge-base-en-v1.5,1,B1w_SigmaW,400,0.637125,0.6408731734518983,0.025,0.15
Wild,XSTest,bge-base-en-v1.5,1,DELONG_B1w_vs_A1,400,0.007087154700912368,,,
Wild,AdvBench,bge-base-en-v1.5,1,A1_raw,400,0.784,0.682674569875593,0.0,0.065
Wild,AdvBench,bge-base-en-v1.5,1,B1_raw,400,0.71815,0.6714723807646734,0.005,0.16
Wild,AdvBench,bge-base-en-v1.5,1,B1b_SigmaT,400,0.7191,0.6689821389195493,0.005,0.115
Wild,AdvBench,bge-base-en-v1.5,1,B1w_SigmaW,400,0.7240249999999999,0.6819610533721876,0.025,0.165
Wild,AdvBench,bge-base-en-v1.5,1,DELONG_B1w_vs_A1,400,0.061118755731508934,,,
Wild,HarmBench,bge-base-en-v1.5,1,A1_raw,400,0.685425,0.6219477068161215,0.02,0.045
Wild,HarmBench,bge-base-en-v1.5,1,B1_raw,400,0.6411250000000001,0.6529274170642849,0.07,0.205
Wild,HarmBench,bge-base-en-v1.5,1,B1b_SigmaT,400,0.48800000000000004,0.5156721367661767,0.02,0.065
Wild,HarmBench,bge-base-en-v1.5,1,B1w_SigmaW,400,0.503375,0.5244611790424383,0.02,0.05
Wild,HarmBench,bge-base-en-v1.5,1,DELONG_B1w_vs_A1,400,3.768849128338303e-06,,,
Wild,Wild,bge-base-en-v1.5,2,A1_raw,400,0.7676249999999999,0.7592060525734661,0.095,0.21
Wild,Wild,bge-base-en-v1.5,2,B1_raw,400,0.8878,0.8619272436713385,0.085,0.48
Wild,Wild,bge-base-en-v1.5,2,B1b_SigmaT,400,0.99935,0.9993092499405154,1.0,1.0
Wild,Wild,bge-base-en-v1.5,2,B1w_SigmaW,400,0.997975,0.997877581317291,0.99,0.995
Wild,Wild,bge-base-en-v1.5,2,DELONG_B1w_vs_A1,400,0.0,,,
Wild,ToxicChat,bge-base-en-v1.5,2,A1_raw,400,0.753425,0.7819560302705372,0.275,0.37
Wild,ToxicChat,bge-base-en-v1.5,2,B1_raw,400,0.6911,0.7120194964473484,0.13,0.235
Wild,ToxicChat,bge-base-en-v1.5,2,B1b_SigmaT,400,0.653425,0.6691773073754017,0.05,0.21
Wild,ToxicChat,bge-base-en-v1.5,2,B1w_SigmaW,400,0.6804,0.6928233761817127,0.065,0.225
Wild,ToxicChat,bge-base-en-v1.5,2,DELONG_B1w_vs_A1,400,0.027176136598074274,,,
Wild,XSTest,bge-base-en-v1.5,2,A1_raw,400,0.72695,0.7048318148906587,0.065,0.225
Wild,XSTest,bge-base-en-v1.5,2,B1_raw,400,0.49470000000000003,0.46333097695024317,0.0,0.005
Wild,XSTest,bge-base-en-v1.5,2,B1b_SigmaT,400,0.613,0.6271374180323235,0.03,0.16
Wild,XSTest,bge-base-en-v1.5,2,B1w_SigmaW,400,0.603375,0.6040560308867859,0.03,0.105
Wild,XSTest,bge-base-en-v1.5,2,DELONG_B1w_vs_A1,400,0.0005822904151735475,,,
Wild,AdvBench,bge-base-en-v1.5,2,A1_raw,400,0.7164,0.6125622730277004,0.0,0.045
Wild,AdvBench,bge-base-en-v1.5,2,B1_raw,400,0.6973500000000001,0.6494027474003444,0.02,0.115
Wild,AdvBench,bge-base-en-v1.5,2,B1b_SigmaT,400,0.6907249999999999,0.642298651378593,0.02,0.13
Wild,AdvBench,bge-base-en-v1.5,2,B1w_SigmaW,400,0.6483,0.5929541352697973,0.02,0.08
Wild,AdvBench,bge-base-en-v1.5,2,DELONG_B1w_vs_A1,400,0.07254167800723677,,,
Wild,HarmBench,bge-base-en-v1.5,2,A1_raw,400,0.68685,0.6308008083618075,0.025,0.05
Wild,HarmBench,bge-base-en-v1.5,2,B1_raw,400,0.65065,0.6275270327454587,0.045,0.115
Wild,HarmBench,bge-base-en-v1.5,2,B1b_SigmaT,400,0.589475,0.57057452978754,0.0,0.05
Wild,HarmBench,bge-base-en-v1.5,2,B1w_SigmaW,400,0.585925,0.565416186032431,0.0,0.06
Wild,HarmBench,bge-base-en-v1.5,2,DELONG_B1w_vs_A1,400,0.01541661654003379,,,
Wild,Wild,bge-base-en-v1.5,3,A1_raw,400,0.7997124999999999,0.7647656860357127,0.03,0.27
Wild,Wild,bge-base-en-v1.5,3,B1_raw,400,0.8996875000000001,0.8705437235709447,0.075,0.525
Wild,Wild,bge-base-en-v1.5,3,B1b_SigmaT,400,0.9948999999999999,0.9784022980266512,0.99,1.0
Wild,Wild,bge-base-en-v1.5,3,B1w_SigmaW,400,0.9943,0.9847678285156495,0.945,1.0
Wild,Wild,bge-base-en-v1.5,3,DELONG_B1w_vs_A1,400,0.0,,,
Wild,ToxicChat,bge-base-en-v1.5,3,A1_raw,400,0.71635,0.7450261849491275,0.235,0.295
Wild,ToxicChat,bge-base-en-v1.5,3,B1_raw,400,0.6817499999999999,0.7228585777304546,0.155,0.265
Wild,ToxicChat,bge-base-en-v1.5,3,B1b_SigmaT,400,0.6434500000000001,0.6891940425124556,0.16,0.255
Wild,ToxicChat,bge-base-en-v1.5,3,B1w_SigmaW,400,0.6499,0.7001633107693054,0.2,0.255
Wild,ToxicChat,bge-base-en-v1.5,3,DELONG_B1w_vs_A1,400,0.020128488064739658,,,
Wild,XSTest,bge-base-en-v1.5,3,A1_raw,400,0.72505,0.6890345909843477,0.025,0.125
Wild,XSTest,bge-base-en-v1.5,3,B1_raw,400,0.509575,0.48108692643146667,0.0,0.0
Wild,XSTest,bge-base-en-v1.5,3,B1b_SigmaT,400,0.471775,0.47736753162137313,0.005,0.025
Wild,XSTest,bge-base-en-v1.5,3,B1w_SigmaW,400,0.47909999999999997,0.482671383836209,0.005,0.02
Wild,XSTest,bge-base-en-v1.5,3,DELONG_B1w_vs_A1,400,1.3806067400423672e-11,,,
Wild,AdvBench,bge-base-en-v1.5,3,A1_raw,400,0.7545,0.6574186639015615,0.0,0.055
Wild,AdvBench,bge-base-en-v1.5,3,B1_raw,400,0.80265,0.7643413298153414,0.01,0.3
Wild,AdvBench,bge-base-en-v1.5,3,B1b_SigmaT,400,0.61245,0.6291602180616427,0.04,0.185
Wild,AdvBench,bge-base-en-v1.5,3,B1w_SigmaW,400,0.6253,0.6396223501023264,0.115,0.19
Wild,AdvBench,bge-base-en-v1.5,3,DELONG_B1w_vs_A1,400,0.0010746582447545006,,,
Wild,HarmBench,bge-base-en-v1.5,3,A1_raw,400,0.6965749999999999,0.6232212540077899,0.025,0.095
Wild,HarmBench,bge-base-en-v1.5,3,B1_raw,400,0.6968249999999999,0.6681510884978431,0.05,0.2
Wild,HarmBench,bge-base-en-v1.5,3,B1b_SigmaT,400,0.476325,0.5254924628889182,0.065,0.105
Wild,HarmBench,bge-base-en-v1.5,3,B1w_SigmaW,400,0.48369999999999996,0.5285511739548594,0.035,0.11
Wild,HarmBench,bge-base-en-v1.5,3,DELONG_B1w_vs_A1,400,1.3519095265479564e-07,,,
Wild,Wild,bge-base-en-v1.5,4,A1_raw,400,0.7562,0.752218970094586,0.145,0.22
Wild,Wild,bge-base-en-v1.5,4,B1_raw,400,0.864075,0.842941801028338,0.14,0.4
Wild,Wild,bge-base-en-v1.5,4,B1b_SigmaT,400,0.994875,0.9826918756432581,1.0,1.0
Wild,Wild,bge-base-en-v1.5,4,B1w_SigmaW,400,0.994075,0.9755895034826773,0.975,1.0
Wild,Wild,bge-base-en-v1.5,4,DELONG_B1w_vs_A1,400,0.0,,,
Wild,ToxicChat,bge-base-en-v1.5,4,A1_raw,400,0.73685,0.7704596619562276,0.265,0.315
Wild,ToxicChat,bge-base-en-v1.5,4,B1_raw,400,0.753475,0.7671403276405164,0.175,0.3
Wild,ToxicChat,bge-base-en-v1.5,4,B1b_SigmaT,400,0.709725,0.7198330082416816,0.125,0.235
Wild,ToxicChat,bge-base-en-v1.5,4,B1w_SigmaW,400,0.75125,0.7584460051758172,0.145,0.285
Wild,ToxicChat,bge-base-en-v1.5,4,DELONG_B1w_vs_A1,400,0.6346755357331417,,,
Wild,XSTest,bge-base-en-v1.5,4,A1_raw,400,0.6959500000000001,0.6594758617321477,0.03,0.105
Wild,XSTest,bge-base-en-v1.5,4,B1_raw,400,0.4952,0.46092847932103603,0.0,0.005
Wild,XSTest,bge-base-en-v1.5,4,B1b_SigmaT,400,0.577,0.5767703792201924,0.005,0.125
Wild,XSTest,bge-base-en-v1.5,4,B1w_SigmaW,400,0.5701750000000001,0.563505661974629,0.005,0.11
Wild,XSTest,bge-base-en-v1.5,4,DELONG_B1w_vs_A1,400,0.0004938528820945809,,,
Wild,AdvBench,bge-base-en-v1.5,4,A1_raw,400,0.70355,0.6079186873173617,0.0,0.035
Wild,AdvBench,bge-base-en-v1.5,4,B1_raw,400,0.7074750000000001,0.6504430879404057,0.005,0.135
Wild,AdvBench,bge-base-en-v1.5,4,B1b_SigmaT,400,0.40365,0.42317804459724373,0.0,0.0
Wild,AdvBench,bge-base-en-v1.5,4,B1w_SigmaW,400,0.4286,0.4343538393670561,0.0,0.0
Wild,AdvBench,bge-base-en-v1.5,4,DELONG_B1w_vs_A1,400,2.3514523661560816e-13,,,
Wild,HarmBench,bge-base-en-v1.5,4,A1_raw,400,0.6747749999999999,0.6003811741772958,0.005,0.035
Wild,HarmBench,bge-base-en-v1.5,4,B1_raw,400,0.66385,0.6344407890884889,0.035,0.15
Wild,HarmBench,bge-base-en-v1.5,4,B1b_SigmaT,400,0.51645,0.5132939680990867,0.005,0.08
Wild,HarmBench,bge-base-en-v1.5,4,B1w_SigmaW,400,0.5165500000000001,0.5174811373735771,0.005,0.055
Wild,HarmBench,bge-base-en-v1.5,4,DELONG_B1w_vs_A1,400,5.5336100728720083e-05,,,
Wild,Wild,bge-large-en-v1.5,0,A1_raw,400,0.7850874999999999,0.7897718837716479,0.135,0.34
Wild,Wild,bge-large-en-v1.5,0,B1_raw,400,0.8776625,0.85222700867693,0.06,0.41
Wild,Wild,bge-large-en-v1.5,0,B1b_SigmaT,400,0.9951,0.9836279316640383,1.0,1.0
Wild,Wild,bge-large-en-v1.5,0,B1w_SigmaW,400,0.9953375000000001,0.9897377778097496,0.975,1.0
Wild,Wild,bge-large-en-v1.5,0,DELONG_B1w_vs_A1,400,0.0,,,
Wild,ToxicChat,bge-large-en-v1.5,0,A1_raw,400,0.7389249999999999,0.7734328602760331,0.185,0.36
Wild,ToxicChat,bge-large-en-v1.5,0,B1_raw,400,0.7002999999999999,0.7551111841527961,0.29,0.365
Wild,ToxicChat,bge-large-en-v1.5,0,B1b_SigmaT,400,0.713375,0.7510007354593421,0.235,0.34
Wild,ToxicChat,bge-large-en-v1.5,0,B1w_SigmaW,400,0.7479,0.779687655372542,0.3,0.355
Wild,ToxicChat,bge-large-en-v1.5,0,DELONG_B1w_vs_A1,400,0.7500543926016763,,,
Wild,XSTest,bge-large-en-v1.5,0,A1_raw,400,0.7154,0.6807210314190123,0.05,0.095
Wild,XSTest,bge-large-en-v1.5,0,B1_raw,400,0.545275,0.5077277291203568,0.005,0.055
Wild,XSTest,bge-large-en-v1.5,0,B1b_SigmaT,400,0.59935,0.5633132382204622,0.01,0.06
Wild,XSTest,bge-large-en-v1.5,0,B1w_SigmaW,400,0.578275,0.5455982871870637,0.015,0.07
Wild,XSTest,bge-large-en-v1.5,0,DELONG_B1w_vs_A1,400,0.0003953756032928357,,,
Wild,AdvBench,bge-large-en-v1.5,0,A1_raw,400,0.8440749999999999,0.7770584715047008,0.03,0.18
Wild,AdvBench,bge-large-en-v1.5,0,B1_raw,400,0.85015,0.8533013895887928,0.22,0.49
Wild,AdvBench,bge-large-en-v1.5,0,B1b_SigmaT,400,0.592325,0.580482284497895,0.02,0.095
Wild,AdvBench,bge-large-en-v1.5,0,B1w_SigmaW,400,0.62495,0.6136403207482684,0.05,0.12
Wild,AdvBench,bge-large-en-v1.5,0,DELONG_B1w_vs_A1,400,1.442850283694952e-10,,,
Wild,HarmBench,bge-large-en-v1.5,0,A1_raw,400,0.727525,0.6440543459494008,0.02,0.055
Wild,HarmBench,bge-large-en-v1.5,0,B1_raw,400,0.7866,0.7459857354604263,0.075,0.175
Wild,HarmBench,bge-large-en-v1.5,0,B1b_SigmaT,400,0.71465,0.6470242141548601,0.015,0.045
Wild,HarmBench,bge-large-en-v1.5,0,B1w_SigmaW,400,0.75485,0.6874948387243848,0.01,0.125
Wild,HarmBench,bge-large-en-v1.5,0,DELONG_B1w_vs_A1,400,0.43764522293322816,,,
Wild,Wild,bge-large-en-v1.5,1,A1_raw,400,0.7702625,0.7824654112295177,0.165,0.335
Wild,Wild,bge-large-en-v1.5,1,B1_raw,400,0.8853125000000001,0.8798476852204347,0.29,0.485
Wild,Wild,bge-large-en-v1.5,1,B1b_SigmaT,400,0.9997499999999999,0.9997489593400888,1.0,1.0
Wild,Wild,bge-large-en-v1.5,1,B1w_SigmaW,400,0.9985124999999999,0.9983736520659088,0.995,1.0
Wild,Wild,bge-large-en-v1.5,1,DELONG_B1w_vs_A1,400,0.0,,,
Wild,ToxicChat,bge-large-en-v1.5,1,A1_raw,400,0.72135,0.7586098664226681,0.2,0.365
Wild,ToxicChat,bge-large-en-v1.5,1,B1_raw,400,0.696425,0.7318078259768263,0.145,0.325
Wild,ToxicChat,bge-large-en-v1.5,1,B1b_SigmaT,400,0.7401249999999999,0.7519256757588193,0.195,0.265
Wild,ToxicChat,bge-large-en-v1.5,1,B1w_SigmaW,400,0.7780750000000001,0.7887118359984336,0.165,0.35
Wild,ToxicChat,bge-large-en-v1.5,1,DELONG_B1w_vs_A1,400,0.05884686026745456,,,
Wild,XSTest,bge-large-en-v1.5,1,A1_raw,400,0.695175,0.6565813427239882,0.035,0.07
Wild,XSTest,bge-large-en-v1.5,1,B1_raw,400,0.48635000000000006,0.46331513167362226,0.005,0.01
Wild,XSTest,bge-large-en-v1.5,1,B1b_SigmaT,400,0.6079,0.5948333775353325,0.035,0.07
Wild,XSTest,bge-large-en-v1.5,1,B1w_SigmaW,400,0.603,0.5881124053699033,0.04,0.06
Wild,XSTest,bge-large-en-v1.5,1,DELONG_B1w_vs_A1,400,0.015232996110811747,,,
Wild,AdvBench,bge-large-en-v1.5,1,A1_raw,400,0.83995,0.7670614973748673,0.04,0.155
Wild,AdvBench,bge-large-en-v1.5,1,B1_raw,400,0.76115,0.7165152532333027,0.0,0.22
Wild,AdvBench,bge-large-en-v1.5,1,B1b_SigmaT,400,0.7000750000000001,0.6931669216973602,0.05,0.24
Wild,AdvBench,bge-large-en-v1.5,1,B1w_SigmaW,400,0.71085,0.7149608490482517,0.08,0.23
Wild,AdvBench,bge-large-en-v1.5,1,DELONG_B1w_vs_A1,400,3.198261658621249e-05,,,
Wild,HarmBench,bge-large-en-v1.5,1,A1_raw,400,0.741675,0.658642236367017,0.01,0.09
Wild,HarmBench,bge-large-en-v1.5,1,B1_raw,400,0.693125,0.684289511533029,0.055,0.21
Wild,HarmBench,bge-large-en-v1.5,1,B1b_SigmaT,400,0.46620000000000006,0.5091147413696759,0.05,0.08
Wild,HarmBench,bge-large-en-v1.5,1,B1w_SigmaW,400,0.514175,0.5421603094575026,0.035,0.09
Wild,HarmBench,bge-large-en-v1.5,1,DELONG_B1w_vs_A1,400,7.953122604931195e-10,,,
Wild,Wild,bge-large-en-v1.5,2,A1_raw,400,0.7779499999999999,0.7770540151293845,0.105,0.365
Wild,Wild,bge-large-en-v1.5,2,B1_raw,400,0.9015749999999999,0.8891431522527342,0.215,0.495
Wild,Wild,bge-large-en-v1.5,2,B1b_SigmaT,400,0.999125,0.9990460320240875,1.0,1.0
Wild,Wild,bge-large-en-v1.5,2,B1w_SigmaW,400,0.997825,0.9971742940422766,1.0,1.0
Wild,Wild,bge-large-en-v1.5,2,DELONG_B1w_vs_A1,400,0.0,,,
Wild,ToxicChat,bge-large-en-v1.5,2,A1_raw,400,0.75105,0.788977619522838,0.26,0.38
Wild,ToxicChat,bge-large-en-v1.5,2,B1_raw,400,0.66545,0.7097581533952848,0.205,0.265
Wild,ToxicChat,bge-large-en-v1.5,2,B1b_SigmaT,400,0.623775,0.6413683879350895,0.1,0.145
Wild,ToxicChat,bge-large-en-v1.5,2,B1w_SigmaW,400,0.6575500000000001,0.6700838826118667,0.115,0.16
Wild,ToxicChat,bge-large-en-v1.5,2,DELONG_B1w_vs_A1,400,0.003633111379795384,,,
Wild,XSTest,bge-large-en-v1.5,2,A1_raw,400,0.706625,0.6607877991789055,0.025,0.07
Wild,XSTest,bge-large-en-v1.5,2,B1_raw,400,0.498425,0.464949066244344,0.0,0.01
Wild,XSTest,bge-large-en-v1.5,2,B1b_SigmaT,400,0.5031,0.4817827123165972,0.005,0.025
Wild,XSTest,bge-large-en-v1.5,2,B1w_SigmaW,400,0.5030000000000001,0.48204428021910406,0.005,0.03
Wild,XSTest,bge-large-en-v1.5,2,DELONG_B1w_vs_A1,400,6.216897197042215e-08,,,
Wild,AdvBench,bge-large-en-v1.5,2,A1_raw,400,0.80695,0.7065309098992264,0.025,0.085
Wild,AdvBench,bge-large-en-v1.5,2,B1_raw,400,0.7695,0.7297186115272352,0.035,0.155
Wild,AdvBench,bge-large-en-v1.5,2,B1b_SigmaT,400,0.43320000000000003,0.44066292694082587,0.0,0.005
Wild,AdvBench,bge-large-en-v1.5,2,B1w_SigmaW,400,0.43400000000000005,0.4364385435653578,0.0,0.0
Wild,AdvBench,bge-large-en-v1.5,2,DELONG_B1w_vs_A1,400,0.0,,,
Wild,HarmBench,bge-large-en-v1.5,2,A1_raw,400,0.758625,0.679330441803428,0.015,0.085
Wild,HarmBench,bge-large-en-v1.5,2,B1_raw,400,0.72725,0.6631608027985143,0.025,0.115
Wild,HarmBench,bge-large-en-v1.5,2,B1b_SigmaT,400,0.6049249999999999,0.5512208260679515,0.005,0.05
Wild,HarmBench,bge-large-en-v1.5,2,B1w_SigmaW,400,0.612675,0.5569195081030993,0.0,0.055
Wild,HarmBench,bge-large-en-v1.5,2,DELONG_B1w_vs_A1,400,3.88784864686631e-05,,,
Wild,Wild,bge-large-en-v1.5,3,A1_raw,400,0.8046624999999998,0.7728559847155292,0.06,0.215
Wild,Wild,bge-large-en-v1.5,3,B1_raw,400,0.9054875,0.8836044883232723,0.135,0.505
Wild,Wild,bge-large-en-v1.5,3,B1b_SigmaT,400,0.995,0.9760710807486133,1.0,1.0
Wild,Wild,bge-large-en-v1.5,3,B1w_SigmaW,400,0.9952,0.9852462908318048,1.0,1.0
Wild,Wild,bge-large-en-v1.5,3,DELONG_B1w_vs_A1,400,0.0,,,
Wild,ToxicChat,bge-large-en-v1.5,3,A1_raw,400,0.71965,0.7506447450433574,0.21,0.31
Wild,ToxicChat,bge-large-en-v1.5,3,B1_raw,400,0.6766000000000001,0.7262799798179641,0.175,0.305
Wild,ToxicChat,bge-large-en-v1.5,3,B1b_SigmaT,400,0.709875,0.7502856424206732,0.165,0.335
Wild,ToxicChat,bge-large-en-v1.5,3,B1w_SigmaW,400,0.729875,0.7681324662385182,0.15,0.38
Wild,ToxicChat,bge-large-en-v1.5,3,DELONG_B1w_vs_A1,400,0.7249543353134886,,,
Wild,XSTest,bge-large-en-v1.5,3,A1_raw,400,0.701075,0.6571014486903745,0.025,0.075
Wild,XSTest,bge-large-en-v1.5,3,B1_raw,400,0.5175000000000001,0.48334676035321666,0.0,0.015
Wild,XSTest,bge-large-en-v1.5,3,B1b_SigmaT,400,0.550475,0.5330323510836816,0.015,0.045
Wild,XSTest,bge-large-en-v1.5,3,B1w_SigmaW,400,0.544125,0.5253992827304779,0.015,0.045
Wild,XSTest,bge-large-en-v1.5,3,DELONG_B1w_vs_A1,400,5.679766587163293e-05,,,
Wild,AdvBench,bge-large-en-v1.5,3,A1_raw,400,0.808925,0.7274138660941315,0.01,0.135
Wild,AdvBench,bge-large-en-v1.5,3,B1_raw,400,0.8379000000000001,0.7957411584214222,0.03,0.305
Wild,AdvBench,bge-large-en-v1.5,3,B1b_SigmaT,400,0.809825,0.7885359966756871,0.125,0.235
Wild,AdvBench,bge-large-en-v1.5,3,B1w_SigmaW,400,0.8043,0.7778751998352282,0.065,0.225
Wild,AdvBench,bge-large-en-v1.5,3,DELONG_B1w_vs_A1,400,0.8796375802672829,,,
Wild,HarmBench,bge-large-en-v1.5,3,A1_raw,400,0.740925,0.6526110223231228,0.005,0.08
Wild,HarmBench,bge-large-en-v1.5,3,B1_raw,400,0.745375,0.6956773192924735,0.02,0.155
Wild,HarmBench,bge-large-en-v1.5,3,B1b_SigmaT,400,0.6854750000000001,0.6795883323980882,0.06,0.2
Wild,HarmBench,bge-large-en-v1.5,3,B1w_SigmaW,400,0.682575,0.6792136948916452,0.095,0.175
Wild,HarmBench,bge-large-en-v1.5,3,DELONG_B1w_vs_A1,400,0.10451668965617045,,,
Wild,Wild,bge-large-en-v1.5,4,A1_raw,400,0.7570749999999999,0.754791742649662,0.13,0.29
Wild,Wild,bge-large-en-v1.5,4,B1_raw,400,0.868975,0.8512936490086179,0.155,0.39
Wild,Wild,bge-large-en-v1.5,4,B1b_SigmaT,400,0.99515,0.9829798109073435,1.0,1.0
Wild,Wild,bge-large-en-v1.5,4,B1w_SigmaW,400,0.995,0.9766158958644533,1.0,1.0
Wild,Wild,bge-large-en-v1.5,4,DELONG_B1w_vs_A1,400,0.0,,,
Wild,ToxicChat,bge-large-en-v1.5,4,A1_raw,400,0.731225,0.7687572229772166,0.225,0.33
Wild,ToxicChat,bge-large-en-v1.5,4,B1_raw,400,0.75065,0.7733941669316707,0.17,0.34
Wild,ToxicChat,bge-large-en-v1.5,4,B1b_SigmaT,400,0.7914500000000001,0.7767984805648342,0.075,0.25
Wild,ToxicChat,bge-large-en-v1.5,4,B1w_SigmaW,400,0.8246249999999999,0.810680747049459,0.105,0.255
Wild,ToxicChat,bge-large-en-v1.5,4,DELONG_B1w_vs_A1,400,0.0005565538910725643,,,
Wild,XSTest,bge-large-en-v1.5,4,A1_raw,400,0.6855,0.6379810281809836,0.015,0.07
Wild,XSTest,bge-large-en-v1.5,4,B1_raw,400,0.5057,0.4721056006176909,0.0,0.01
Wild,XSTest,bge-large-en-v1.5,4,B1b_SigmaT,400,0.49155,0.4791038121822202,0.0,0.015
Wild,XSTest,bge-large-en-v1.5,4,B1w_SigmaW,400,0.5021249999999999,0.4868910799297659,0.0,0.015
Wild,XSTest,bge-large-en-v1.5,4,DELONG_B1w_vs_A1,400,3.1756442195884915e-06,,,
Wild,AdvBench,bge-large-en-v1.5,4,A1_raw,400,0.779075,0.6802807164909326,0.01,0.06
Wild,AdvBench,bge-large-en-v1.5,4,B1_raw,400,0.73855,0.6594327842550665,0.035,0.095
Wild,AdvBench,bge-large-en-v1.5,4,B1b_SigmaT,400,0.4234,0.4350138257534602,0.0,0.01
Wild,AdvBench,bge-large-en-v1.5,4,B1w_SigmaW,400,0.43820000000000003,0.44004832244105874,0.0,0.005
Wild,AdvBench,bge-large-en-v1.5,4,DELONG_B1w_vs_A1,400,0.0,,,
Wild,HarmBench,bge-large-en-v1.5,4,A1_raw,400,0.7368249999999998,0.6405995251512954,0.005,0.07
Wild,HarmBench,bge-large-en-v1.5,4,B1_raw,400,0.7470249999999999,0.6893327083211365,0.03,0.135
Wild,HarmBench,bge-large-en-v1.5,4,B1b_SigmaT,400,0.5344,0.49346378338009794,0.005,0.025
Wild,HarmBench,bge-large-en-v1.5,4,B1w_SigmaW,400,0.5257750000000001,0.49041920312529497,0.005,0.035
Wild,HarmBench,bge-large-en-v1.5,4,DELONG_B1w_vs_A1,400,1.8126402601126301e-09,,,
Wild,Wild,Qwen3-Embedding-8B,0,A1_raw,400,0.8074374999999999,0.8071962357437287,0.175,0.375
Wild,Wild,Qwen3-Embedding-8B,0,B1_raw,400,0.8837624999999999,0.872985632111004,0.255,0.48
Wild,Wild,Qwen3-Embedding-8B,0,B1b_SigmaT,400,0.9956,0.98966476052627,1.0,1.0
Wild,Wild,Qwen3-Embedding-8B,0,B1w_SigmaW,400,0.9960375,0.992310333411907,1.0,1.0
Wild,Wild,Qwen3-Embedding-8B,0,DELONG_B1w_vs_A1,400,0.0,,,
Wild,ToxicChat,Qwen3-Embedding-8B,0,A1_raw,400,0.635475,0.6793016603025308,0.17,0.21
Wild,ToxicChat,Qwen3-Embedding-8B,0,B1_raw,400,0.8327249999999999,0.8359124752030938,0.24,0.42
Wild,ToxicChat,Qwen3-Embedding-8B,0,B1b_SigmaT,400,0.6739,0.7072806669004099,0.195,0.23
Wild,ToxicChat,Qwen3-Embedding-8B,0,B1w_SigmaW,400,0.7115,0.7340592265772439,0.155,0.265
Wild,ToxicChat,Qwen3-Embedding-8B,0,DELONG_B1w_vs_A1,400,0.008747597980805821,,,
Wild,XSTest,Qwen3-Embedding-8B,0,A1_raw,400,0.71805,0.7253530429209791,0.085,0.23
Wild,XSTest,Qwen3-Embedding-8B,0,B1_raw,400,0.74715,0.7221174206141447,0.065,0.26
Wild,XSTest,Qwen3-Embedding-8B,0,B1b_SigmaT,400,0.563525,0.5498888254893906,0.015,0.07
Wild,XSTest,Qwen3-Embedding-8B,0,B1w_SigmaW,400,0.601725,0.5785368815744637,0.03,0.085
Wild,XSTest,Qwen3-Embedding-8B,0,DELONG_B1w_vs_A1,400,0.002298661333230756,,,
Wild,AdvBench,Qwen3-Embedding-8B,0,A1_raw,400,0.788275,0.7298571024620983,0.035,0.175
Wild,AdvBench,Qwen3-Embedding-8B,0,B1_raw,400,0.9636,0.9654306619496071,0.585,0.845
Wild,AdvBench,Qwen3-Embedding-8B,0,B1b_SigmaT,400,0.7545,0.7742507959659046,0.235,0.29
Wild,AdvBench,Qwen3-Embedding-8B,0,B1w_SigmaW,400,0.8108,0.8215890822864184,0.24,0.4
Wild,AdvBench,Qwen3-Embedding-8B,0,DELONG_B1w_vs_A1,400,0.44566237014944843,,,
Wild,HarmBench,Qwen3-Embedding-8B,0,A1_raw,400,0.602025,0.5929637853321615,0.005,0.05
Wild,HarmBench,Qwen3-Embedding-8B,0,B1_raw,400,0.8012,0.806485733897977,0.165,0.335
Wild,HarmBench,Qwen3-Embedding-8B,0,B1b_SigmaT,400,0.702625,0.6871617495205559,0.08,0.215
Wild,HarmBench,Qwen3-Embedding-8B,0,B1w_SigmaW,400,0.7306999999999999,0.7183535498813757,0.07,0.27
Wild,HarmBench,Qwen3-Embedding-8B,0,DELONG_B1w_vs_A1,400,0.0007614740111809848,,,
Wild,Wild,Qwen3-Embedding-8B,1,A1_raw,400,0.7811750000000001,0.7940776475129155,0.175,0.335
Wild,Wild,Qwen3-Embedding-8B,1,B1_raw,400,0.875125,0.867057325412731,0.185,0.44
Wild,Wild,Qwen3-Embedding-8B,1,B1b_SigmaT,400,0.999975,0.9999751243781094,1.0,1.0
Wild,Wild,Qwen3-Embedding-8B,1,B1w_SigmaW,400,0.999975,0.9999751243781094,1.0,1.0
Wild,Wild,Qwen3-Embedding-8B,1,DELONG_B1w_vs_A1,400,0.0,,,
Wild,ToxicChat,Qwen3-Embedding-8B,1,A1_raw,400,0.63375,0.6811909979454699,0.165,0.225
Wild,ToxicChat,Qwen3-Embedding-8B,1,B1_raw,400,0.87415,0.8651502284398915,0.27,0.445
Wild,ToxicChat,Qwen3-Embedding-8B,1,B1b_SigmaT,400,0.71735,0.742130386796609,0.17,0.29
Wild,ToxicChat,Qwen3-Embedding-8B,1,B1w_SigmaW,400,0.7412249999999999,0.7620086302590016,0.18,0.315
Wild,ToxicChat,Qwen3-Embedding-8B,1,DELONG_B1w_vs_A1,400,0.0024759447866391504,,,
Wild,XSTest,Qwen3-Embedding-8B,1,A1_raw,400,0.7104250000000001,0.692419645927268,0.06,0.17
Wild,XSTest,Qwen3-Embedding-8B,1,B1_raw,400,0.6819500000000001,0.6308669742151973,0.01,0.09
Wild,XSTest,Qwen3-Embedding-8B,1,B1b_SigmaT,400,0.52,0.5638226340784739,0.075,0.14
Wild,XSTest,Qwen3-Embedding-8B,1,B1w_SigmaW,400,0.5343,0.576155805122675,0.065,0.145
Wild,XSTest,Qwen3-Embedding-8B,1,DELONG_B1w_vs_A1,400,8.325507474538085e-07,,,
Wild,AdvBench,Qwen3-Embedding-8B,1,A1_raw,400,0.78775,0.7216818785407189,0.04,0.125
Wild,AdvBench,Qwen3-Embedding-8B,1,B1_raw,400,0.9541,0.9473467277425568,0.38,0.63
Wild,AdvBench,Qwen3-Embedding-8B,1,B1b_SigmaT,400,0.756325,0.7431126256928124,0.045,0.265
Wild,AdvBench,Qwen3-Embedding-8B,1,B1w_SigmaW,400,0.743325,0.730114550871543,0.06,0.26
Wild,AdvBench,Qwen3-Embedding-8B,1,DELONG_B1w_vs_A1,400,0.17006119072871595,,,
Wild,HarmBench,Qwen3-Embedding-8B,1,A1_raw,400,0.6018750000000002,0.5945095354612614,0.015,0.095
Wild,HarmBench,Qwen3-Embedding-8B,1,B1_raw,400,0.788375,0.7920047856617941,0.145,0.31
Wild,HarmBench,Qwen3-Embedding-8B,1,B1b_SigmaT,400,0.543075,0.557575330670119,0.025,0.14
Wild,HarmBench,Qwen3-Embedding-8B,1,B1w_SigmaW,400,0.5449250000000001,0.5635492201365421,0.03,0.12
Wild,HarmBench,Qwen3-Embedding-8B,1,DELONG_B1w_vs_A1,400,0.1425380319074645,,,
Wild,Wild,Qwen3-Embedding-8B,2,A1_raw,400,0.78725,0.8067910270329242,0.155,0.42
Wild,Wild,Qwen3-Embedding-8B,2,B1_raw,400,0.8930250000000001,0.8771488309691031,0.155,0.42
Wild,Wild,Qwen3-Embedding-8B,2,B1b_SigmaT,400,1.0,1.0,1.0,1.0
Wild,Wild,Qwen3-Embedding-8B,2,B1w_SigmaW,400,1.0,1.0,1.0,1.0
Wild,Wild,Qwen3-Embedding-8B,2,DELONG_B1w_vs_A1,400,0.0,,,
Wild,ToxicChat,Qwen3-Embedding-8B,2,A1_raw,400,0.623,0.6688848388020947,0.17,0.215
Wild,ToxicChat,Qwen3-Embedding-8B,2,B1_raw,400,0.852875,0.8469297240046416,0.25,0.405
Wild,ToxicChat,Qwen3-Embedding-8B,2,B1b_SigmaT,400,0.683925,0.7170441999692386,0.17,0.285
Wild,ToxicChat,Qwen3-Embedding-8B,2,B1w_SigmaW,400,0.73535,0.7609629367769997,0.215,0.335
Wild,ToxicChat,Qwen3-Embedding-8B,2,DELONG_B1w_vs_A1,400,0.00012961331288585676,,,
Wild,XSTest,Qwen3-Embedding-8B,2,A1_raw,400,0.7184999999999999,0.7216579247905315,0.13,0.24
Wild,XSTest,Qwen3-Embedding-8B,2,B1_raw,400,0.7154999999999999,0.6801203736939316,0.04,0.145
Wild,XSTest,Qwen3-Embedding-8B,2,B1b_SigmaT,400,0.60705,0.5869899665735572,0.01,0.08
Wild,XSTest,Qwen3-Embedding-8B,2,B1w_SigmaW,400,0.613925,0.5851425099165914,0.01,0.085
Wild,XSTest,Qwen3-Embedding-8B,2,DELONG_B1w_vs_A1,400,0.00557963241926096,,,
Wild,AdvBench,Qwen3-Embedding-8B,2,A1_raw,400,0.7688499999999999,0.6756140963743387,0.02,0.05
Wild,AdvBench,Qwen3-Embedding-8B,2,B1_raw,400,0.94525,0.9435212407680034,0.485,0.675
Wild,AdvBench,Qwen3-Embedding-8B,2,B1b_SigmaT,400,0.7926749999999999,0.7890287451182345,0.12,0.315
Wild,AdvBench,Qwen3-Embedding-8B,2,B1w_SigmaW,400,0.8363250000000001,0.8294760280293665,0.16,0.385
Wild,AdvBench,Qwen3-Embedding-8B,2,DELONG_B1w_vs_A1,400,0.017865151406582624,,,
Wild,HarmBench,Qwen3-Embedding-8B,2,A1_raw,400,0.585775,0.5906041199500304,0.02,0.105
Wild,HarmBench,Qwen3-Embedding-8B,2,B1_raw,400,0.774025,0.7556377531909444,0.055,0.265
Wild,HarmBench,Qwen3-Embedding-8B,2,B1b_SigmaT,400,0.7005,0.6439870945747672,0.0,0.095
Wild,HarmBench,Qwen3-Embedding-8B,2,B1w_SigmaW,400,0.7452500000000001,0.6924329138838076,0.005,0.14
Wild,HarmBench,Qwen3-Embedding-8B,2,DELONG_B1w_vs_A1,400,4.4621687855572745e-05,,,
Wild,Wild,Qwen3-Embedding-8B,3,A1_raw,400,0.8546125,0.8501555338134151,0.19,0.455
Wild,Wild,Qwen3-Embedding-8B,3,B1_raw,400,0.9191625000000001,0.9109261014544595,0.24,0.545
Wild,Wild,Qwen3-Embedding-8B,3,B1b_SigmaT,400,0.99525,0.9861103849280214,1.0,1.0
Wild,Wild,Qwen3-Embedding-8B,3,B1w_SigmaW,400,0.995125,0.9829659707238809,1.0,1.0
Wild,Wild,Qwen3-Embedding-8B,3,DELONG_B1w_vs_A1,400,1.0880185641326534e-14,,,
Wild,ToxicChat,Qwen3-Embedding-8B,3,A1_raw,400,0.6085499999999999,0.6505016497963693,0.12,0.205
Wild,ToxicChat,Qwen3-Embedding-8B,3,B1_raw,400,0.8355000000000001,0.8330792983393577,0.265,0.385
Wild,ToxicChat,Qwen3-Embedding-8B,3,B1b_SigmaT,400,0.7567,0.7583036310899902,0.135,0.26
Wild,ToxicChat,Qwen3-Embedding-8B,3,B1w_SigmaW,400,0.7872000000000001,0.7932735195125457,0.165,0.35
Wild,ToxicChat,Qwen3-Embedding-8B,3,DELONG_B1w_vs_A1,400,2.2329915694285773e-11,,,
Wild,XSTest,Qwen3-Embedding-8B,3,A1_raw,400,0.72165,0.732834502159268,0.15,0.225
Wild,XSTest,Qwen3-Embedding-8B,3,B1_raw,400,0.7513999999999998,0.7395233518011601,0.09,0.27
Wild,XSTest,Qwen3-Embedding-8B,3,B1b_SigmaT,400,0.603275,0.6020409143131732,0.03,0.135
Wild,XSTest,Qwen3-Embedding-8B,3,B1w_SigmaW,400,0.612125,0.606524947636464,0.035,0.1
Wild,XSTest,Qwen3-Embedding-8B,3,DELONG_B1w_vs_A1,400,0.000988425422776329,,,
Wild,AdvBench,Qwen3-Embedding-8B,3,A1_raw,400,0.7888,0.7285180974048502,0.03,0.155
Wild,AdvBench,Qwen3-Embedding-8B,3,B1_raw,400,0.957,0.9543152483746488,0.48,0.695
Wild,AdvBench,Qwen3-Embedding-8B,3,B1b_SigmaT,400,0.41272499999999995,0.43121213361410116,0.005,0.015
Wild,AdvBench,Qwen3-Embedding-8B,3,B1w_SigmaW,400,0.499175,0.48558874482543135,0.015,0.02
Wild,AdvBench,Qwen3-Embedding-8B,3,DELONG_B1w_vs_A1,400,0.0,,,
Wild,HarmBench,Qwen3-Embedding-8B,3,A1_raw,400,0.612975,0.5892399496703571,0.02,0.035
Wild,HarmBench,Qwen3-Embedding-8B,3,B1_raw,400,0.8001749999999999,0.7798886796109802,0.105,0.19
Wild,HarmBench,Qwen3-Embedding-8B,3,B1b_SigmaT,400,0.437525,0.44574001132813124,0.0,0.015
Wild,HarmBench,Qwen3-Embedding-8B,3,B1w_SigmaW,400,0.47865,0.47744126685705846,0.01,0.025
Wild,HarmBench,Qwen3-Embedding-8B,3,DELONG_B1w_vs_A1,400,0.00024252918437017712,,,
Wild,Wild,Qwen3-Embedding-8B,4,A1_raw,400,0.7336375,0.7428957832048356,0.13,0.295
Wild,Wild,Qwen3-Embedding-8B,4,B1_raw,400,0.8660625,0.8476112888995165,0.12,0.385
Wild,Wild,Qwen3-Embedding-8B,4,B1b_SigmaT,400,0.9951875,0.984174255351788,1.0,1.0
Wild,Wild,Qwen3-Embedding-8B,4,B1w_SigmaW,400,0.9951875,0.984174255351788,1.0,1.0
Wild,Wild,Qwen3-Embedding-8B,4,DELONG_B1w_vs_A1,400,0.0,,,
Wild,ToxicChat,Qwen3-Embedding-8B,4,A1_raw,400,0.6568499999999999,0.6853260560725614,0.165,0.2
Wild,ToxicChat,Qwen3-Embedding-8B,4,B1_raw,400,0.8968750000000001,0.8907819796553431,0.28,0.515
Wild,ToxicChat,Qwen3-Embedding-8B,4,B1b_SigmaT,400,0.6999499999999999,0.7200615306406756,0.12,0.21
Wild,ToxicChat,Qwen3-Embedding-8B,4,B1w_SigmaW,400,0.726375,0.7431569315396696,0.125,0.285
Wild,ToxicChat,Qwen3-Embedding-8B,4,DELONG_B1w_vs_A1,400,0.03411223065304525,,,
Wild,XSTest,Qwen3-Embedding-8B,4,A1_raw,400,0.7084249999999999,0.7055158399933349,0.07,0.235
Wild,XSTest,Qwen3-Embedding-8B,4,B1_raw,400,0.682825,0.6376959882400086,0.03,0.125
Wild,XSTest,Qwen3-Embedding-8B,4,B1b_SigmaT,400,0.5096999999999999,0.5127916908958272,0.01,0.07
Wild,XSTest,Qwen3-Embedding-8B,4,B1w_SigmaW,400,0.5149999999999999,0.5118741405726361,0.01,0.055
Wild,XSTest,Qwen3-Embedding-8B,4,DELONG_B1w_vs_A1,400,4.785434967180535e-06,,,
Wild,AdvBench,Qwen3-Embedding-8B,4,A1_raw,400,0.78545,0.7102221319435297,0.01,0.18
Wild,AdvBench,Qwen3-Embedding-8B,4,B1_raw,400,0.9530500000000001,0.940956583129589,0.255,0.725
Wild,AdvBench,Qwen3-Embedding-8B,4,B1b_SigmaT,400,0.646225,0.5956176386122297,0.0,0.07
Wild,AdvBench,Qwen3-Embedding-8B,4,B1w_SigmaW,400,0.7107,0.654332598362583,0.005,0.115
Wild,AdvBench,Qwen3-Embedding-8B,4,DELONG_B1w_vs_A1,400,0.02855480556601586,,,
Wild,HarmBench,Qwen3-Embedding-8B,4,A1_raw,400,0.5969,0.5918245084092525,0.015,0.07
Wild,HarmBench,Qwen3-Embedding-8B,4,B1_raw,400,0.83535,0.8002755354960123,0.1,0.26
Wild,HarmBench,Qwen3-Embedding-8B,4,B1b_SigmaT,400,0.632675,0.6023480112092487,0.025,0.125
Wild,HarmBench,Qwen3-Embedding-8B,4,B1w_SigmaW,400,0.64625,0.6113533966109544,0.025,0.115
Wild,HarmBench,Qwen3-Embedding-8B,4,DELONG_B1w_vs_A1,400,0.2125287910277076,,,
ToxicChat,Wild,all-mpnet-base-v2,0,A1_raw,400,0.6794250000000001,0.7141048902539324,0.175,0.24
ToxicChat,Wild,all-mpnet-base-v2,0,B1_raw,400,0.7532,0.7792298186150284,0.16,0.305
ToxicChat,Wild,all-mpnet-base-v2,0,B1b_SigmaT,400,0.7721,0.7836756235064504,0.17,0.3
ToxicChat,Wild,all-mpnet-base-v2,0,B1w_SigmaW,400,0.7649750000000001,0.78258325521278,0.195,0.295
ToxicChat,Wild,all-mpnet-base-v2,0,DELONG_B1w_vs_A1,400,9.891455172383878e-05,,,
ToxicChat,ToxicChat,all-mpnet-base-v2,0,A1_raw,400,0.928775,0.9281505064300649,0.405,0.675
ToxicChat,ToxicChat,all-mpnet-base-v2,0,B1_raw,400,0.96185,0.9621801718056913,0.605,0.78
ToxicChat,ToxicChat,all-mpnet-base-v2,0,B1b_SigmaT,400,0.999975,0.9999751243781094,1.0,1.0
ToxicChat,ToxicChat,all-mpnet-base-v2,0,B1w_SigmaW,400,0.998975,0.9988625257622009,1.0,1.0
ToxicChat,ToxicChat,all-mpnet-base-v2,0,DELONG_B1w_vs_A1,400,3.9955947439551665e-09,,,
ToxicChat,XSTest,all-mpnet-base-v2,0,A1_raw,400,0.724975,0.7394384582974574,0.115,0.25
ToxicChat,XSTest,all-mpnet-base-v2,0,B1_raw,400,0.7561,0.7683841163249964,0.1,0.29
ToxicChat,XSTest,all-mpnet-base-v2,0,B1b_SigmaT,400,0.760025,0.7766249226702726,0.21,0.32
ToxicChat,XSTest,all-mpnet-base-v2,0,B1w_SigmaW,400,0.7703249999999999,0.7878691462745631,0.215,0.38
ToxicChat,XSTest,all-mpnet-base-v2,0,DELONG_B1w_vs_A1,400,0.04101762442696266,,,
ToxicChat,AdvBench,all-mpnet-base-v2,0,A1_raw,400,0.8814,0.8136820446830857,0.03,0.205
ToxicChat,AdvBench,all-mpnet-base-v2,0,B1_raw,400,0.9297499999999999,0.8942865269146714,0.135,0.435
ToxicChat,AdvBench,all-mpnet-base-v2,0,B1b_SigmaT,400,0.9368000000000001,0.9394286840448391,0.525,0.715
ToxicChat,AdvBench,all-mpnet-base-v2,0,B1w_SigmaW,400,0.94675,0.9475826003532726,0.515,0.76
ToxicChat,AdvBench,all-mpnet-base-v2,0,DELONG_B1w_vs_A1,400,0.00014633553460008386,,,
ToxicChat,HarmBench,all-mpnet-base-v2,0,A1_raw,400,0.7604249999999999,0.7158989598435384,0.035,0.23
ToxicChat,HarmBench,all-mpnet-base-v2,0,B1_raw,400,0.8468499999999999,0.8117128659956881,0.095,0.28
ToxicChat,HarmBench,all-mpnet-base-v2,0,B1b_SigmaT,400,0.799925,0.8165855467248373,0.225,0.425
ToxicChat,HarmBench,all-mpnet-base-v2,0,B1w_SigmaW,400,0.823925,0.8278909539620152,0.165,0.465
ToxicChat,HarmBench,all-mpnet-base-v2,0,DELONG_B1w_vs_A1,400,0.013031292833565189,,,
ToxicChat,Wild,all-mpnet-base-v2,1,A1_raw,400,0.6963625,0.729064074438173,0.135,0.27
ToxicChat,Wild,all-mpnet-base-v2,1,B1_raw,400,0.7407625,0.7591608438932013,0.095,0.33
ToxicChat,Wild,all-mpnet-base-v2,1,B1b_SigmaT,400,0.7724249999999999,0.7897678609781854,0.14,0.305
ToxicChat,Wild,all-mpnet-base-v2,1,B1w_SigmaW,400,0.7657624999999999,0.7754467827013916,0.07,0.32
ToxicChat,Wild,all-mpnet-base-v2,1,DELONG_B1w_vs_A1,400,0.0015624521550201553,,,
ToxicChat,ToxicChat,all-mpnet-base-v2,1,A1_raw,400,0.9263499999999999,0.930587172193406,0.365,0.705
ToxicChat,ToxicChat,all-mpnet-base-v2,1,B1_raw,400,0.96365,0.9636138100404046,0.65,0.85
ToxicChat,ToxicChat,all-mpnet-base-v2,1,B1b_SigmaT,400,0.999975,0.9999751243781094,1.0,1.0
ToxicChat,ToxicChat,all-mpnet-base-v2,1,B1w_SigmaW,400,0.9997,0.9996929988860945,1.0,1.0
ToxicChat,ToxicChat,all-mpnet-base-v2,1,DELONG_B1w_vs_A1,400,9.23969789567991e-09,,,
ToxicChat,XSTest,all-mpnet-base-v2,1,A1_raw,400,0.7283000000000001,0.7332116379194292,0.025,0.275
ToxicChat,XSTest,all-mpnet-base-v2,1,B1_raw,400,0.7538499999999999,0.7539705542115338,0.075,0.285
ToxicChat,XSTest,all-mpnet-base-v2,1,B1b_SigmaT,400,0.7588249999999999,0.7569807897215719,0.115,0.285
ToxicChat,XSTest,all-mpnet-base-v2,1,B1w_SigmaW,400,0.764525,0.773859709131297,0.15,0.305
ToxicChat,XSTest,all-mpnet-base-v2,1,DELONG_B1w_vs_A1,400,0.04899365581117765,,,
ToxicChat,AdvBench,all-mpnet-base-v2,1,A1_raw,400,0.8671249999999999,0.790276732259245,0.025,0.235
ToxicChat,AdvBench,all-mpnet-base-v2,1,B1_raw,400,0.911625,0.867148910151466,0.12,0.265
ToxicChat,AdvBench,all-mpnet-base-v2,1,B1b_SigmaT,400,0.97695,0.977653005558232,0.75,0.9
ToxicChat,AdvBench,all-mpnet-base-v2,1,B1w_SigmaW,400,0.9849,0.9850520710467262,0.75,0.925
ToxicChat,AdvBench,all-mpnet-base-v2,1,DELONG_B1w_vs_A1,400,6.995048984492769e-11,,,
ToxicChat,HarmBench,all-mpnet-base-v2,1,A1_raw,400,0.776875,0.7340149965974111,0.035,0.185
ToxicChat,HarmBench,all-mpnet-base-v2,1,B1_raw,400,0.8703000000000001,0.8453056762837959,0.12,0.385
ToxicChat,HarmBench,all-mpnet-base-v2,1,B1b_SigmaT,400,0.8794749999999999,0.8779991066942243,0.31,0.47
ToxicChat,HarmBench,all-mpnet-base-v2,1,B1w_SigmaW,400,0.902,0.8976038122910426,0.35,0.47
ToxicChat,HarmBench,all-mpnet-base-v2,1,DELONG_B1w_vs_A1,400,1.2704127083651429e-08,,,
ToxicChat,Wild,all-mpnet-base-v2,2,A1_raw,400,0.6886249999999999,0.6527371415022913,0.065,0.11
ToxicChat,Wild,all-mpnet-base-v2,2,B1_raw,400,0.7292,0.6836898845471298,0.02,0.135
ToxicChat,Wild,all-mpnet-base-v2,2,B1b_SigmaT,400,0.7988999999999999,0.7671257360710144,0.03,0.285
ToxicChat,Wild,all-mpnet-base-v2,2,B1w_SigmaW,400,0.794575,0.761096580587338,0.015,0.325
ToxicChat,Wild,all-mpnet-base-v2,2,DELONG_B1w_vs_A1,400,6.636876525023538e-06,,,
ToxicChat,ToxicChat,all-mpnet-base-v2,2,A1_raw,400,0.9356,0.9461955604751534,0.635,0.75
ToxicChat,ToxicChat,all-mpnet-base-v2,2,B1_raw,400,0.9645500000000001,0.9702324992676871,0.81,0.865
ToxicChat,ToxicChat,all-mpnet-base-v2,2,B1b_SigmaT,400,1.0,1.0,1.0,1.0
ToxicChat,ToxicChat,all-mpnet-base-v2,2,B1w_SigmaW,400,1.0,1.0,1.0,1.0
ToxicChat,ToxicChat,all-mpnet-base-v2,2,DELONG_B1w_vs_A1,400,8.127380812794627e-08,,,
ToxicChat,XSTest,all-mpnet-base-v2,2,A1_raw,400,0.728175,0.7475476856548762,0.105,0.3
ToxicChat,XSTest,all-mpnet-base-v2,2,B1_raw,400,0.7538750000000001,0.7577438247147343,0.085,0.305
ToxicChat,XSTest,all-mpnet-base-v2,2,B1b_SigmaT,400,0.775475,0.7734192934550796,0.07,0.345
ToxicChat,XSTest,all-mpnet-base-v2,2,B1w_SigmaW,400,0.7835750000000001,0.7859521377204404,0.08,0.35
ToxicChat,XSTest,all-mpnet-base-v2,2,DELONG_B1w_vs_A1,400,0.0023721550692410442,,,
ToxicChat,AdvBench,all-mpnet-base-v2,2,A1_raw,400,0.850625,0.795132998527426,0.035,0.295
ToxicChat,AdvBench,all-mpnet-base-v2,2,B1_raw,400,0.9235749999999999,0.8988021222960947,0.21,0.52
ToxicChat,AdvBench,all-mpnet-base-v2,2,B1b_SigmaT,400,0.9871,0.9883236139649171,0.82,0.925
ToxicChat,AdvBench,all-mpnet-base-v2,2,B1w_SigmaW,400,0.98735,0.9886753636595825,0.885,0.935
ToxicChat,AdvBench,all-mpnet-base-v2,2,DELONG_B1w_vs_A1,400,1.219024881038422e-13,,,
ToxicChat,HarmBench,all-mpnet-base-v2,2,A1_raw,400,0.7509250000000001,0.6977295471584053,0.02,0.175
ToxicChat,HarmBench,all-mpnet-base-v2,2,B1_raw,400,0.8498,0.8094810565287334,0.065,0.33
ToxicChat,HarmBench,all-mpnet-base-v2,2,B1b_SigmaT,400,0.915275,0.9115505947804879,0.38,0.675
ToxicChat,HarmBench,all-mpnet-base-v2,2,B1w_SigmaW,400,0.92155,0.9163530931359397,0.38,0.69
ToxicChat,HarmBench,all-mpnet-base-v2,2,DELONG_B1w_vs_A1,400,4.884981308350689e-15,,,
ToxicChat,Wild,all-mpnet-base-v2,3,A1_raw,400,0.6967749999999999,0.6751459286596968,0.045,0.17
ToxicChat,Wild,all-mpnet-base-v2,3,B1_raw,400,0.7629000000000001,0.7471554640143359,0.035,0.225
ToxicChat,Wild,all-mpnet-base-v2,3,B1b_SigmaT,400,0.8171999999999999,0.7858683861713192,0.015,0.385
ToxicChat,Wild,all-mpnet-base-v2,3,B1w_SigmaW,400,0.7974000000000001,0.7661717724339856,0.015,0.35
ToxicChat,Wild,all-mpnet-base-v2,3,DELONG_B1w_vs_A1,400,3.6709783268751295e-06,,,
ToxicChat,ToxicChat,all-mpnet-base-v2,3,A1_raw,400,0.93835,0.9450282226664943,0.57,0.74
ToxicChat,ToxicChat,all-mpnet-base-v2,3,B1_raw,400,0.972,0.9736657395310317,0.69,0.865
ToxicChat,ToxicChat,all-mpnet-base-v2,3,B1b_SigmaT,400,1.0,1.0,1.0,1.0
ToxicChat,ToxicChat,all-mpnet-base-v2,3,B1w_SigmaW,400,1.0,1.0,1.0,1.0
ToxicChat,ToxicChat,all-mpnet-base-v2,3,DELONG_B1w_vs_A1,400,2.197141024673499e-08,,,
ToxicChat,XSTest,all-mpnet-base-v2,3,A1_raw,400,0.727825,0.7506044183204094,0.145,0.3
ToxicChat,XSTest,all-mpnet-base-v2,3,B1_raw,400,0.7553000000000001,0.7633179172482543,0.065,0.325
ToxicChat,XSTest,all-mpnet-base-v2,3,B1b_SigmaT,400,0.767825,0.7796209531322214,0.28,0.395
ToxicChat,XSTest,all-mpnet-base-v2,3,B1w_SigmaW,400,0.7773000000000001,0.7916834665690836,0.245,0.44
ToxicChat,XSTest,all-mpnet-base-v2,3,DELONG_B1w_vs_A1,400,0.004391650810405823,,,
ToxicChat,AdvBench,all-mpnet-base-v2,3,A1_raw,400,0.8615750000000001,0.804259730912218,0.045,0.29
ToxicChat,AdvBench,all-mpnet-base-v2,3,B1_raw,400,0.9200499999999999,0.8907155200986654,0.19,0.4
ToxicChat,AdvBench,all-mpnet-base-v2,3,B1b_SigmaT,400,0.967925,0.9688424775519424,0.64,0.785
ToxicChat,AdvBench,all-mpnet-base-v2,3,B1w_SigmaW,400,0.97165,0.9719359973813324,0.635,0.835
ToxicChat,AdvBench,all-mpnet-base-v2,3,DELONG_B1w_vs_A1,400,6.07711658773269e-11,,,
ToxicChat,HarmBench,all-mpnet-base-v2,3,A1_raw,400,0.7586750000000001,0.7112378838475291,0.055,0.155
ToxicChat,HarmBench,all-mpnet-base-v2,3,B1_raw,400,0.861175,0.8255858474587572,0.11,0.34
ToxicChat,HarmBench,all-mpnet-base-v2,3,B1b_SigmaT,400,0.86705,0.8713020657471449,0.26,0.54
ToxicChat,HarmBench,all-mpnet-base-v2,3,B1w_SigmaW,400,0.8814250000000001,0.8802392300366693,0.27,0.465
ToxicChat,HarmBench,all-mpnet-base-v2,3,DELONG_B1w_vs_A1,400,1.7979669753032113e-08,,,
ToxicChat,Wild,all-mpnet-base-v2,4,A1_raw,400,0.6915000000000001,0.6878480626032073,0.075,0.15
ToxicChat,Wild,all-mpnet-base-v2,4,B1_raw,400,0.7419749999999999,0.7236047895363047,0.075,0.23
ToxicChat,Wild,all-mpnet-base-v2,4,B1b_SigmaT,400,0.77035,0.7642456533237456,0.155,0.215
ToxicChat,Wild,all-mpnet-base-v2,4,B1w_SigmaW,400,0.771425,0.763561747403114,0.115,0.23
ToxicChat,Wild,all-mpnet-base-v2,4,DELONG_B1w_vs_A1,400,0.00021305778711533385,,,
ToxicChat,ToxicChat,all-mpnet-base-v2,4,A1_raw,400,0.9084,0.9122189101940666,0.375,0.655
ToxicChat,ToxicChat,all-mpnet-base-v2,4,B1_raw,400,0.9489,0.9485810328373345,0.505,0.695
ToxicChat,ToxicChat,all-mpnet-base-v2,4,B1b_SigmaT,400,1.0,1.0,1.0,1.0
ToxicChat,ToxicChat,all-mpnet-base-v2,4,B1w_SigmaW,400,0.999975,0.9999751243781094,1.0,1.0
ToxicChat,ToxicChat,all-mpnet-base-v2,4,DELONG_B1w_vs_A1,400,2.4246094021407316e-10,,,
ToxicChat,XSTest,all-mpnet-base-v2,4,A1_raw,400,0.707525,0.7080877872090081,0.02,0.235
ToxicChat,XSTest,all-mpnet-base-v2,4,B1_raw,400,0.7337,0.7357476296999723,0.08,0.225
ToxicChat,XSTest,all-mpnet-base-v2,4,B1b_SigmaT,400,0.727425,0.7591546650548975,0.205,0.305
ToxicChat,XSTest,all-mpnet-base-v2,4,B1w_SigmaW,400,0.7495499999999999,0.7853285903603106,0.245,0.36
ToxicChat,XSTest,all-mpnet-base-v2,4,DELONG_B1w_vs_A1,400,0.05144588071787526,,,
ToxicChat,AdvBench,all-mpnet-base-v2,4,A1_raw,400,0.823575,0.7282630302382047,0.03,0.095
ToxicChat,AdvBench,all-mpnet-base-v2,4,B1_raw,400,0.8935,0.846369208858883,0.115,0.275
ToxicChat,AdvBench,all-mpnet-base-v2,4,B1b_SigmaT,400,0.9648249999999999,0.9661670669322504,0.575,0.87
ToxicChat,AdvBench,all-mpnet-base-v2,4,B1w_SigmaW,400,0.974675,0.9759426798281235,0.675,0.9
ToxicChat,AdvBench,all-mpnet-base-v2,4,DELONG_B1w_vs_A1,400,2.3427926265640053e-12,,,
ToxicChat,HarmBench,all-mpnet-base-v2,4,A1_raw,400,0.7609250000000001,0.7067701103545154,0.025,0.15
ToxicChat,HarmBench,all-mpnet-base-v2,4,B1_raw,400,0.860625,0.8293984569982465,0.1,0.32
ToxicChat,HarmBench,all-mpnet-base-v2,4,B1b_SigmaT,400,0.8186749999999999,0.8482538696210031,0.395,0.47
ToxicChat,HarmBench,all-mpnet-base-v2,4,B1w_SigmaW,400,0.8636749999999999,0.8797349975885089,0.445,0.56
ToxicChat,HarmBench,all-mpnet-base-v2,4,DELONG_B1w_vs_A1,400,9.698759241172361e-05,,,
ToxicChat,Wild,bge-base-en-v1.5,0,A1_raw,400,0.6820625,0.6807879161639726,0.07,0.15
ToxicChat,Wild,bge-base-en-v1.5,0,B1_raw,400,0.7188124999999999,0.688337526606857,0.055,0.16
ToxicChat,Wild,bge-base-en-v1.5,0,B1b_SigmaT,400,0.7410875,0.7422417566591835,0.15,0.245
ToxicChat,Wild,bge-base-en-v1.5,0,B1w_SigmaW,400,0.738525,0.7364747365852262,0.13,0.205
ToxicChat,Wild,bge-base-en-v1.5,0,DELONG_B1w_vs_A1,400,0.01768588642796831,,,
ToxicChat,ToxicChat,bge-base-en-v1.5,0,A1_raw,400,0.887925,0.899603487889932,0.45,0.585
ToxicChat,ToxicChat,bge-base-en-v1.5,0,B1_raw,400,0.9477,0.9485972721250565,0.545,0.755
ToxicChat,ToxicChat,bge-base-en-v1.5,0,B1b_SigmaT,400,0.999925,0.9999249987499688,1.0,1.0
ToxicChat,ToxicChat,bge-base-en-v1.5,0,B1w_SigmaW,400,0.999,0.998893581662822,1.0,1.0
ToxicChat,ToxicChat,bge-base-en-v1.5,0,DELONG_B1w_vs_A1,400,3.836486683894691e-12,,,
ToxicChat,XSTest,bge-base-en-v1.5,0,A1_raw,400,0.7683000000000001,0.7621960927638335,0.085,0.26
ToxicChat,XSTest,bge-base-en-v1.5,0,B1_raw,400,0.6664249999999999,0.6580364462696293,0.03,0.15
ToxicChat,XSTest,bge-base-en-v1.5,0,B1b_SigmaT,400,0.67885,0.7060102893557363,0.1,0.22
ToxicChat,XSTest,bge-base-en-v1.5,0,B1w_SigmaW,400,0.712875,0.7402379592366627,0.16,0.31
ToxicChat,XSTest,bge-base-en-v1.5,0,DELONG_B1w_vs_A1,400,0.047620824480500756,,,
ToxicChat,AdvBench,bge-base-en-v1.5,0,A1_raw,400,0.750025,0.7035100523605416,0.025,0.125
ToxicChat,AdvBench,bge-base-en-v1.5,0,B1_raw,400,0.7954,0.7781037555034492,0.105,0.265
ToxicChat,AdvBench,bge-base-en-v1.5,0,B1b_SigmaT,400,0.9185749999999999,0.9300279527919386,0.55,0.685
ToxicChat,AdvBench,bge-base-en-v1.5,0,B1w_SigmaW,400,0.92785,0.9379530260697972,0.58,0.695
ToxicChat,AdvBench,bge-base-en-v1.5,0,DELONG_B1w_vs_A1,400,4.440892098500626e-16,,,
ToxicChat,HarmBench,bge-base-en-v1.5,0,A1_raw,400,0.6893,0.6441323074412805,0.045,0.105
ToxicChat,HarmBench,bge-base-en-v1.5,0,B1_raw,400,0.6828500000000001,0.6890783969874219,0.13,0.195
ToxicChat,HarmBench,bge-base-en-v1.5,0,B1b_SigmaT,400,0.77125,0.8092509079180492,0.315,0.42
ToxicChat,HarmBench,bge-base-en-v1.5,0,B1w_SigmaW,400,0.7867249999999999,0.8205806023762554,0.355,0.46
ToxicChat,HarmBench,bge-base-en-v1.5,0,DELONG_B1w_vs_A1,400,0.0009572709083218722,,,
ToxicChat,Wild,bge-base-en-v1.5,1,A1_raw,400,0.6839625,0.6899084963099056,0.055,0.22
ToxicChat,Wild,bge-base-en-v1.5,1,B1_raw,400,0.7250375,0.7183160559075876,0.025,0.3
ToxicChat,Wild,bge-base-en-v1.5,1,B1b_SigmaT,400,0.78695,0.8044001060052667,0.185,0.38
ToxicChat,Wild,bge-base-en-v1.5,1,B1w_SigmaW,400,0.78955,0.8061532138326033,0.185,0.36
ToxicChat,Wild,bge-base-en-v1.5,1,DELONG_B1w_vs_A1,400,1.4475663620450163e-05,,,
ToxicChat,ToxicChat,bge-base-en-v1.5,1,A1_raw,400,0.88905,0.9016399993181562,0.41,0.645
ToxicChat,ToxicChat,bge-base-en-v1.5,1,B1_raw,400,0.95635,0.9597385553753053,0.65,0.755
ToxicChat,ToxicChat,bge-base-en-v1.5,1,B1b_SigmaT,400,0.999975,0.9999751243781094,1.0,1.0
ToxicChat,ToxicChat,bge-base-en-v1.5,1,B1w_SigmaW,400,0.99995,0.9999501243781095,1.0,1.0
ToxicChat,ToxicChat,bge-base-en-v1.5,1,DELONG_B1w_vs_A1,400,2.593103509695993e-11,,,
ToxicChat,XSTest,bge-base-en-v1.5,1,A1_raw,400,0.76775,0.7607734389106572,0.065,0.235
ToxicChat,XSTest,bge-base-en-v1.5,1,B1_raw,400,0.6747000000000001,0.6672716095968185,0.04,0.16
ToxicChat,XSTest,bge-base-en-v1.5,1,B1b_SigmaT,400,0.74315,0.7365401609012716,0.08,0.22
ToxicChat,XSTest,bge-base-en-v1.5,1,B1w_SigmaW,400,0.7577749999999999,0.7543343770851259,0.08,0.29
ToxicChat,XSTest,bge-base-en-v1.5,1,DELONG_B1w_vs_A1,400,0.6826563110262711,,,
ToxicChat,AdvBench,bge-base-en-v1.5,1,A1_raw,400,0.7449749999999999,0.6761731978219087,0.035,0.085
ToxicChat,AdvBench,bge-base-en-v1.5,1,B1_raw,400,0.75325,0.7322483831997058,0.1,0.19
ToxicChat,AdvBench,bge-base-en-v1.5,1,B1b_SigmaT,400,0.97295,0.9759431662816098,0.65,0.9
ToxicChat,AdvBench,bge-base-en-v1.5,1,B1w_SigmaW,400,0.9771000000000001,0.9793537184550922,0.69,0.915
ToxicChat,AdvBench,bge-base-en-v1.5,1,DELONG_B1w_vs_A1,400,0.0,,,
ToxicChat,HarmBench,bge-base-en-v1.5,1,A1_raw,400,0.7336,0.7037993665142512,0.065,0.125
ToxicChat,HarmBench,bge-base-en-v1.5,1,B1_raw,400,0.71385,0.7208937238678954,0.115,0.19
ToxicChat,HarmBench,bge-base-en-v1.5,1,B1b_SigmaT,400,0.8945,0.8985741230698671,0.37,0.56
ToxicChat,HarmBench,bge-base-en-v1.5,1,B1w_SigmaW,400,0.90055,0.9043682470348463,0.4,0.59
ToxicChat,HarmBench,bge-base-en-v1.5,1,DELONG_B1w_vs_A1,400,1.0210894352269406e-09,,,
ToxicChat,Wild,bge-base-en-v1.5,2,A1_raw,400,0.683325,0.6681997584845613,0.045,0.115
ToxicChat,Wild,bge-base-en-v1.5,2,B1_raw,400,0.702625,0.6769677608218683,0.055,0.13
ToxicChat,Wild,bge-base-en-v1.5,2,B1b_SigmaT,400,0.7834,0.7659154191207114,0.085,0.325
ToxicChat,Wild,bge-base-en-v1.5,2,B1w_SigmaW,400,0.78525,0.7599731148496442,0.06,0.27
ToxicChat,Wild,bge-base-en-v1.5,2,DELONG_B1w_vs_A1,400,5.182515216350936e-05,,,
ToxicChat,ToxicChat,bge-base-en-v1.5,2,A1_raw,400,0.884825,0.9033923362426244,0.475,0.605
ToxicChat,ToxicChat,bge-base-en-v1.5,2,B1_raw,400,0.9565250000000001,0.9595450090371958,0.675,0.81
ToxicChat,ToxicChat,bge-base-en-v1.5,2,B1b_SigmaT,400,1.0,1.0,1.0,1.0
ToxicChat,ToxicChat,bge-base-en-v1.5,2,B1w_SigmaW,400,1.0,1.0,1.0,1.0
ToxicChat,ToxicChat,bge-base-en-v1.5,2,DELONG_B1w_vs_A1,400,9.150236124355615e-12,,,
ToxicChat,XSTest,bge-base-en-v1.5,2,A1_raw,400,0.7653750000000001,0.7654292402962164,0.155,0.24
ToxicChat,XSTest,bge-base-en-v1.5,2,B1_raw,400,0.673475,0.6583605050645805,0.035,0.145
ToxicChat,XSTest,bge-base-en-v1.5,2,B1b_SigmaT,400,0.7153999999999999,0.7407808513218487,0.145,0.265
ToxicChat,XSTest,bge-base-en-v1.5,2,B1w_SigmaW,400,0.714275,0.7322927093038178,0.08,0.255
ToxicChat,XSTest,bge-base-en-v1.5,2,DELONG_B1w_vs_A1,400,0.035169934712248496,,,
ToxicChat,AdvBench,bge-base-en-v1.5,2,A1_raw,400,0.7162249999999999,0.654221615638619,0.03,0.09
ToxicChat,AdvBench,bge-base-en-v1.5,2,B1_raw,400,0.7692,0.7388067963987541,0.075,0.2
ToxicChat,AdvBench,bge-base-en-v1.5,2,B1b_SigmaT,400,0.9710249999999999,0.9752693545427935,0.685,0.92
ToxicChat,AdvBench,bge-base-en-v1.5,2,B1w_SigmaW,400,0.9677,0.9723796743433711,0.65,0.895
ToxicChat,AdvBench,bge-base-en-v1.5,2,DELONG_B1w_vs_A1,400,0.0,,,
ToxicChat,HarmBench,bge-base-en-v1.5,2,A1_raw,400,0.7210499999999999,0.6970811875223315,0.07,0.165
ToxicChat,HarmBench,bge-base-en-v1.5,2,B1_raw,400,0.717675,0.6990267267649407,0.075,0.17
ToxicChat,HarmBench,bge-base-en-v1.5,2,B1b_SigmaT,400,0.88385,0.8863635479842205,0.3,0.6
ToxicChat,HarmBench,bge-base-en-v1.5,2,B1w_SigmaW,400,0.891425,0.8915640214159011,0.265,0.545
ToxicChat,HarmBench,bge-base-en-v1.5,2,DELONG_B1w_vs_A1,400,1.1269940536351442e-10,,,
ToxicChat,Wild,bge-base-en-v1.5,3,A1_raw,400,0.6785125000000001,0.6614360561234385,0.025,0.145
ToxicChat,Wild,bge-base-en-v1.5,3,B1_raw,400,0.7264875,0.7335493885939337,0.125,0.215
ToxicChat,Wild,bge-base-en-v1.5,3,B1b_SigmaT,400,0.8021249999999999,0.790212826450734,0.075,0.29
ToxicChat,Wild,bge-base-en-v1.5,3,B1w_SigmaW,400,0.7999999999999999,0.7899513730261924,0.05,0.315
ToxicChat,Wild,bge-base-en-v1.5,3,DELONG_B1w_vs_A1,400,1.8819875946540776e-06,,,
ToxicChat,ToxicChat,bge-base-en-v1.5,3,A1_raw,400,0.8864500000000001,0.8921547197643676,0.42,0.495
ToxicChat,ToxicChat,bge-base-en-v1.5,3,B1_raw,400,0.95985,0.9619068680765057,0.625,0.78
ToxicChat,ToxicChat,bge-base-en-v1.5,3,B1b_SigmaT,400,1.0,1.0,1.0,1.0
ToxicChat,ToxicChat,bge-base-en-v1.5,3,B1w_SigmaW,400,1.0,1.0,1.0,1.0
ToxicChat,ToxicChat,bge-base-en-v1.5,3,DELONG_B1w_vs_A1,400,9.030554082301023e-13,,,
ToxicChat,XSTest,bge-base-en-v1.5,3,A1_raw,400,0.769425,0.7621661528908508,0.075,0.245
ToxicChat,XSTest,bge-base-en-v1.5,3,B1_raw,400,0.6567749999999999,0.637232330869223,0.025,0.14
ToxicChat,XSTest,bge-base-en-v1.5,3,B1b_SigmaT,400,0.6812,0.663003998197198,0.03,0.15
ToxicChat,XSTest,bge-base-en-v1.5,3,B1w_SigmaW,400,0.6912,0.6767190607649936,0.045,0.185
ToxicChat,XSTest,bge-base-en-v1.5,3,DELONG_B1w_vs_A1,400,0.0045074741858632805,,,
ToxicChat,AdvBench,bge-base-en-v1.5,3,A1_raw,400,0.6981,0.6293668375359059,0.02,0.065
ToxicChat,AdvBench,bge-base-en-v1.5,3,B1_raw,400,0.70505,0.6954943118770648,0.065,0.205
ToxicChat,AdvBench,bge-base-en-v1.5,3,B1b_SigmaT,400,0.9007499999999999,0.9091115999618982,0.38,0.645
ToxicChat,AdvBench,bge-base-en-v1.5,3,B1w_SigmaW,400,0.9061000000000001,0.9124245910528691,0.425,0.635
ToxicChat,AdvBench,bge-base-en-v1.5,3,DELONG_B1w_vs_A1,400,2.220446049250313e-16,,,
ToxicChat,HarmBench,bge-base-en-v1.5,3,A1_raw,400,0.7089,0.6770888760449358,0.06,0.14
ToxicChat,HarmBench,bge-base-en-v1.5,3,B1_raw,400,0.7163250000000001,0.7129524755198567,0.09,0.23
ToxicChat,HarmBench,bge-base-en-v1.5,3,B1b_SigmaT,400,0.84145,0.855336812133886,0.325,0.475
ToxicChat,HarmBench,bge-base-en-v1.5,3,B1w_SigmaW,400,0.858,0.8679911036152697,0.325,0.485
ToxicChat,HarmBench,bge-base-en-v1.5,3,DELONG_B1w_vs_A1,400,1.2464849152848956e-09,,,
ToxicChat,Wild,bge-base-en-v1.5,4,A1_raw,400,0.6774749999999999,0.6667175956303285,0.03,0.165
ToxicChat,Wild,bge-base-en-v1.5,4,B1_raw,400,0.7141499999999998,0.6793565679070079,0.045,0.145
ToxicChat,Wild,bge-base-en-v1.5,4,B1b_SigmaT,400,0.794125,0.7644184136796432,0.105,0.225
ToxicChat,Wild,bge-base-en-v1.5,4,B1w_SigmaW,400,0.7980750000000001,0.7702628396227239,0.095,0.18
ToxicChat,Wild,bge-base-en-v1.5,4,DELONG_B1w_vs_A1,400,4.769631991585754e-07,,,
ToxicChat,ToxicChat,bge-base-en-v1.5,4,A1_raw,400,0.8787499999999999,0.8886815424555703,0.365,0.49
ToxicChat,ToxicChat,bge-base-en-v1.5,4,B1_raw,400,0.940325,0.9424746468518753,0.465,0.725
ToxicChat,ToxicChat,bge-base-en-v1.5,4,B1b_SigmaT,400,1.0,1.0,1.0,1.0
ToxicChat,ToxicChat,bge-base-en-v1.5,4,B1w_SigmaW,400,1.0,1.0,1.0,1.0
ToxicChat,ToxicChat,bge-base-en-v1.5,4,DELONG_B1w_vs_A1,400,1.220579193272897e-12,,,
ToxicChat,XSTest,bge-base-en-v1.5,4,A1_raw,400,0.75095,0.736648918956095,0.06,0.23
ToxicChat,XSTest,bge-base-en-v1.5,4,B1_raw,400,0.6472,0.6273940639391729,0.025,0.165
ToxicChat,XSTest,bge-base-en-v1.5,4,B1b_SigmaT,400,0.6761375000000001,0.6898281839435988,0.055,0.15
ToxicChat,XSTest,bge-base-en-v1.5,4,B1w_SigmaW,400,0.701375,0.7156889957014789,0.08,0.16
ToxicChat,XSTest,bge-base-en-v1.5,4,DELONG_B1w_vs_A1,400,0.061962893622903525,,,
ToxicChat,AdvBench,bge-base-en-v1.5,4,A1_raw,400,0.696525,0.6274845806294611,0.015,0.09
ToxicChat,AdvBench,bge-base-en-v1.5,4,B1_raw,400,0.708475,0.6957642588824358,0.07,0.18
ToxicChat,AdvBench,bge-base-en-v1.5,4,B1b_SigmaT,400,0.92905,0.9135062290707914,0.33,0.57
ToxicChat,AdvBench,bge-base-en-v1.5,4,B1w_SigmaW,400,0.9438,0.9320045888039928,0.38,0.64
ToxicChat,AdvBench,bge-base-en-v1.5,4,DELONG_B1w_vs_A1,400,0.0,,,
ToxicChat,HarmBench,bge-base-en-v1.5,4,A1_raw,400,0.69955,0.6685026453604321,0.05,0.15
ToxicChat,HarmBench,bge-base-en-v1.5,4,B1_raw,400,0.65425,0.6638583183682893,0.12,0.18
ToxicChat,HarmBench,bge-base-en-v1.5,4,B1b_SigmaT,400,0.81145,0.8186412575661526,0.18,0.365
ToxicChat,HarmBench,bge-base-en-v1.5,4,B1w_SigmaW,400,0.804775,0.8188294950325549,0.215,0.375
ToxicChat,HarmBench,bge-base-en-v1.5,4,DELONG_B1w_vs_A1,400,0.0012521029157286367,,,
ToxicChat,Wild,bge-large-en-v1.5,0,A1_raw,400,0.7111375000000001,0.7193661552283637,0.045,0.25
ToxicChat,Wild,bge-large-en-v1.5,0,B1_raw,400,0.7259125000000001,0.7164908132221026,0.125,0.22
ToxicChat,Wild,bge-large-en-v1.5,0,B1b_SigmaT,400,0.7601499999999999,0.7286596667097791,0.05,0.225
ToxicChat,Wild,bge-large-en-v1.5,0,B1w_SigmaW,400,0.7629125,0.7375512967989121,0.07,0.195
ToxicChat,Wild,bge-large-en-v1.5,0,DELONG_B1w_vs_A1,400,0.030291559280247737,,,
ToxicChat,ToxicChat,bge-large-en-v1.5,0,A1_raw,400,0.8915,0.9008662271845018,0.375,0.57
ToxicChat,ToxicChat,bge-large-en-v1.5,0,B1_raw,400,0.9550000000000001,0.9537447585196042,0.545,0.745
ToxicChat,ToxicChat,bge-large-en-v1.5,0,B1b_SigmaT,400,1.0,1.0,1.0,1.0
ToxicChat,ToxicChat,bge-large-en-v1.5,0,B1w_SigmaW,400,1.0,1.0,1.0,1.0
ToxicChat,ToxicChat,bge-large-en-v1.5,0,DELONG_B1w_vs_A1,400,4.7883919052083e-12,,,
ToxicChat,XSTest,bge-large-en-v1.5,0,A1_raw,400,0.7498750000000001,0.7336981272553371,0.03,0.215
ToxicChat,XSTest,bge-large-en-v1.5,0,B1_raw,400,0.6995750000000001,0.6974039272200891,0.075,0.155
ToxicChat,XSTest,bge-large-en-v1.5,0,B1b_SigmaT,400,0.6977749999999999,0.7258912811550653,0.12,0.315
ToxicChat,XSTest,bge-large-en-v1.5,0,B1w_SigmaW,400,0.7297250000000002,0.7565221593956767,0.145,0.355
ToxicChat,XSTest,bge-large-en-v1.5,0,DELONG_B1w_vs_A1,400,0.4651525566227823,,,
ToxicChat,AdvBench,bge-large-en-v1.5,0,A1_raw,400,0.85885,0.7917954750403773,0.035,0.21
ToxicChat,AdvBench,bge-large-en-v1.5,0,B1_raw,400,0.900075,0.8673706271566183,0.11,0.44
ToxicChat,AdvBench,bge-large-en-v1.5,0,B1b_SigmaT,400,0.910675,0.9175991530190128,0.47,0.545
ToxicChat,AdvBench,bge-large-en-v1.5,0,B1w_SigmaW,400,0.9294,0.9373466368957675,0.595,0.645
ToxicChat,AdvBench,bge-large-en-v1.5,0,DELONG_B1w_vs_A1,400,0.00032618465365263916,,,
ToxicChat,HarmBench,bge-large-en-v1.5,0,A1_raw,400,0.74675,0.7058216629219877,0.045,0.175
ToxicChat,HarmBench,bge-large-en-v1.5,0,B1_raw,400,0.7655750000000001,0.7517175211739113,0.12,0.23
ToxicChat,HarmBench,bge-large-en-v1.5,0,B1b_SigmaT,400,0.7840374999999999,0.8155980881231584,0.195,0.45
ToxicChat,HarmBench,bge-large-en-v1.5,0,B1w_SigmaW,400,0.80155,0.8311590939575038,0.24,0.485
ToxicChat,HarmBench,bge-large-en-v1.5,0,DELONG_B1w_vs_A1,400,0.047910492561620055,,,
ToxicChat,Wild,bge-large-en-v1.5,1,A1_raw,400,0.6575374999999999,0.6889122845988958,0.085,0.275
ToxicChat,Wild,bge-large-en-v1.5,1,B1_raw,400,0.7127625,0.7181659996202259,0.06,0.235
ToxicChat,Wild,bge-large-en-v1.5,1,B1b_SigmaT,400,0.7905749999999999,0.800136614740879,0.2,0.34
ToxicChat,Wild,bge-large-en-v1.5,1,B1w_SigmaW,400,0.7877624999999999,0.7981181393342143,0.18,0.29
ToxicChat,Wild,bge-large-en-v1.5,1,DELONG_B1w_vs_A1,400,1.7956099496174716e-07,,,
ToxicChat,ToxicChat,bge-large-en-v1.5,1,A1_raw,400,0.8908999999999999,0.9029966587663822,0.4,0.615
ToxicChat,ToxicChat,bge-large-en-v1.5,1,B1_raw,400,0.95425,0.9559138063562959,0.54,0.73
ToxicChat,ToxicChat,bge-large-en-v1.5,1,B1b_SigmaT,400,0.999975,0.9999751243781094,1.0,1.0
ToxicChat,ToxicChat,bge-large-en-v1.5,1,B1w_SigmaW,400,0.999975,0.9999751243781094,1.0,1.0
ToxicChat,ToxicChat,bge-large-en-v1.5,1,DELONG_B1w_vs_A1,400,1.7930767981511053e-11,,,
ToxicChat,XSTest,bge-large-en-v1.5,1,A1_raw,400,0.7459499999999999,0.7381327416714701,0.07,0.16
ToxicChat,XSTest,bge-large-en-v1.5,1,B1_raw,400,0.686525,0.6729199756590798,0.045,0.165
ToxicChat,XSTest,bge-large-en-v1.5,1,B1b_SigmaT,400,0.7094750000000001,0.7110835768892116,0.135,0.205
ToxicChat,XSTest,bge-large-en-v1.5,1,B1w_SigmaW,400,0.72285,0.7304498497240642,0.14,0.22
ToxicChat,XSTest,bge-large-en-v1.5,1,DELONG_B1w_vs_A1,400,0.38506654636521676,,,
ToxicChat,AdvBench,bge-large-en-v1.5,1,A1_raw,400,0.84125,0.759342762387507,0.025,0.095
ToxicChat,AdvBench,bge-large-en-v1.5,1,B1_raw,400,0.8648,0.7895610067144043,0.01,0.155
ToxicChat,AdvBench,bge-large-en-v1.5,1,B1b_SigmaT,400,0.9858250000000001,0.9840476029367937,0.755,0.91
ToxicChat,AdvBench,bge-large-en-v1.5,1,B1w_SigmaW,400,0.9892,0.9887151429105524,0.745,0.93
ToxicChat,AdvBench,bge-large-en-v1.5,1,DELONG_B1w_vs_A1,400,5.437872374614017e-13,,,
ToxicChat,HarmBench,bge-large-en-v1.5,1,A1_raw,400,0.77515,0.7373975380662505,0.045,0.22
ToxicChat,HarmBench,bge-large-en-v1.5,1,B1_raw,400,0.7838,0.7604727582552746,0.105,0.245
ToxicChat,HarmBench,bge-large-en-v1.5,1,B1b_SigmaT,400,0.8740750000000002,0.8898476242670639,0.425,0.56
ToxicChat,HarmBench,bge-large-en-v1.5,1,B1w_SigmaW,400,0.875675,0.8938806180557678,0.41,0.59
ToxicChat,HarmBench,bge-large-en-v1.5,1,DELONG_B1w_vs_A1,400,0.00032075949405330206,,,
ToxicChat,Wild,bge-large-en-v1.5,2,A1_raw,400,0.673825,0.6733013126519439,0.05,0.2
ToxicChat,Wild,bge-large-en-v1.5,2,B1_raw,400,0.688,0.67944143916942,0.1,0.155
ToxicChat,Wild,bge-large-en-v1.5,2,B1b_SigmaT,400,0.797925,0.8029717119878441,0.135,0.345
ToxicChat,Wild,bge-large-en-v1.5,2,B1w_SigmaW,400,0.794925,0.7893795601184137,0.085,0.315
ToxicChat,Wild,bge-large-en-v1.5,2,DELONG_B1w_vs_A1,400,1.0844895184103365e-06,,,
ToxicChat,ToxicChat,bge-large-en-v1.5,2,A1_raw,400,0.888975,0.90711765515711,0.485,0.635
ToxicChat,ToxicChat,bge-large-en-v1.5,2,B1_raw,400,0.9580249999999999,0.9604666604103022,0.585,0.765
ToxicChat,ToxicChat,bge-large-en-v1.5,2,B1b_SigmaT,400,1.0,1.0,1.0,1.0
ToxicChat,ToxicChat,bge-large-en-v1.5,2,B1w_SigmaW,400,1.0,1.0,1.0,1.0
ToxicChat,ToxicChat,bge-large-en-v1.5,2,DELONG_B1w_vs_A1,400,2.854005920482905e-11,,,
ToxicChat,XSTest,bge-large-en-v1.5,2,A1_raw,400,0.7458750000000001,0.7232942206970914,0.035,0.21
ToxicChat,XSTest,bge-large-en-v1.5,2,B1_raw,400,0.6955,0.6838241941346833,0.055,0.17
ToxicChat,XSTest,bge-large-en-v1.5,2,B1b_SigmaT,400,0.7111500000000001,0.7242676843777673,0.125,0.26
ToxicChat,XSTest,bge-large-en-v1.5,2,B1w_SigmaW,400,0.726675,0.7360026990770582,0.175,0.27
ToxicChat,XSTest,bge-large-en-v1.5,2,DELONG_B1w_vs_A1,400,0.42857307502991615,,,
ToxicChat,AdvBench,bge-large-en-v1.5,2,A1_raw,400,0.82775,0.7552005796506163,0.035,0.15
ToxicChat,AdvBench,bge-large-en-v1.5,2,B1_raw,400,0.882475,0.8214847946443857,0.035,0.39
ToxicChat,AdvBench,bge-large-en-v1.5,2,B1b_SigmaT,400,0.965275,0.9704642589905034,0.745,0.825
ToxicChat,AdvBench,bge-large-en-v1.5,2,B1w_SigmaW,400,0.9679749999999999,0.9729691937106208,0.75,0.815
ToxicChat,AdvBench,bge-large-en-v1.5,2,DELONG_B1w_vs_A1,400,1.522182380142567e-11,,,
ToxicChat,HarmBench,bge-large-en-v1.5,2,A1_raw,400,0.7721750000000001,0.7410586401284405,0.04,0.265
ToxicChat,HarmBench,bge-large-en-v1.5,2,B1_raw,400,0.774025,0.7341671754450277,0.065,0.175
ToxicChat,HarmBench,bge-large-en-v1.5,2,B1b_SigmaT,400,0.89725,0.8941527313239328,0.25,0.555
ToxicChat,HarmBench,bge-large-en-v1.5,2,B1w_SigmaW,400,0.8998,0.8949043736980454,0.25,0.565
ToxicChat,HarmBench,bge-large-en-v1.5,2,DELONG_B1w_vs_A1,400,2.3537809967777434e-07,,,
ToxicChat,Wild,bge-large-en-v1.5,3,A1_raw,400,0.6929624999999999,0.6856469435741596,0.035,0.195
ToxicChat,Wild,bge-large-en-v1.5,3,B1_raw,400,0.7359875,0.7429598721080357,0.135,0.23
ToxicChat,Wild,bge-large-en-v1.5,3,B1b_SigmaT,400,0.8081999999999999,0.8093826198930267,0.155,0.33
ToxicChat,Wild,bge-large-en-v1.5,3,B1w_SigmaW,400,0.8147000000000001,0.8198743871810623,0.145,0.37
ToxicChat,Wild,bge-large-en-v1.5,3,DELONG_B1w_vs_A1,400,9.221946470905351e-07,,,
ToxicChat,ToxicChat,bge-large-en-v1.5,3,A1_raw,400,0.888525,0.8953101324650061,0.39,0.51
ToxicChat,ToxicChat,bge-large-en-v1.5,3,B1_raw,400,0.9616,0.9613110403455453,0.58,0.76
ToxicChat,ToxicChat,bge-large-en-v1.5,3,B1b_SigmaT,400,1.0,1.0,1.0,1.0
ToxicChat,ToxicChat,bge-large-en-v1.5,3,B1w_SigmaW,400,1.0,1.0,1.0,1.0
ToxicChat,ToxicChat,bge-large-en-v1.5,3,DELONG_B1w_vs_A1,400,8.972822485020515e-13,,,
ToxicChat,XSTest,bge-large-en-v1.5,3,A1_raw,400,0.74665,0.730680970666901,0.035,0.225
ToxicChat,XSTest,bge-large-en-v1.5,3,B1_raw,400,0.6919749999999998,0.6836725041299138,0.05,0.19
ToxicChat,XSTest,bge-large-en-v1.5,3,B1b_SigmaT,400,0.7431,0.7646274731607474,0.14,0.315
ToxicChat,XSTest,bge-large-en-v1.5,3,B1w_SigmaW,400,0.7593249999999999,0.7789115003521734,0.125,0.315
ToxicChat,XSTest,bge-large-en-v1.5,3,DELONG_B1w_vs_A1,400,0.6060913280543265,,,
ToxicChat,AdvBench,bge-large-en-v1.5,3,A1_raw,400,0.8093750000000001,0.7189011763839925,0.01,0.07
ToxicChat,AdvBench,bge-large-en-v1.5,3,B1_raw,400,0.8630249999999999,0.8251995508723997,0.07,0.37
ToxicChat,AdvBench,bge-large-en-v1.5,3,B1b_SigmaT,400,0.9733499999999999,0.9774229681267796,0.815,0.87
ToxicChat,AdvBench,bge-large-en-v1.5,3,B1w_SigmaW,400,0.9801,0.9833715340433276,0.835,0.915
ToxicChat,AdvBench,bge-large-en-v1.5,3,DELONG_B1w_vs_A1,400,1.3322676295501878e-14,,,
ToxicChat,HarmBench,bge-large-en-v1.5,3,A1_raw,400,0.7605,0.7186525376939014,0.045,0.18
ToxicChat,HarmBench,bge-large-en-v1.5,3,B1_raw,400,0.77125,0.7429287283889215,0.07,0.21
ToxicChat,HarmBench,bge-large-en-v1.5,3,B1b_SigmaT,400,0.84385,0.8623692984169431,0.36,0.54
ToxicChat,HarmBench,bge-large-en-v1.5,3,B1w_SigmaW,400,0.8625999999999998,0.8768024942570352,0.335,0.575
ToxicChat,HarmBench,bge-large-en-v1.5,3,DELONG_B1w_vs_A1,400,5.9382085736636725e-05,,,
ToxicChat,Wild,bge-large-en-v1.5,4,A1_raw,400,0.6733499999999999,0.6804318235397405,0.04,0.21
ToxicChat,Wild,bge-large-en-v1.5,4,B1_raw,400,0.721075,0.6943568931462047,0.055,0.135
ToxicChat,Wild,bge-large-en-v1.5,4,B1b_SigmaT,400,0.78775,0.7578483540382228,0.065,0.24
ToxicChat,Wild,bge-large-en-v1.5,4,B1w_SigmaW,400,0.7863,0.7572307479909594,0.05,0.305
ToxicChat,Wild,bge-large-en-v1.5,4,DELONG_B1w_vs_A1,400,3.7632323695024894e-06,,,
ToxicChat,ToxicChat,bge-large-en-v1.5,4,A1_raw,400,0.8792,0.890596889925105,0.36,0.59
ToxicChat,ToxicChat,bge-large-en-v1.5,4,B1_raw,400,0.945075,0.9437852081775286,0.425,0.725
ToxicChat,ToxicChat,bge-large-en-v1.5,4,B1b_SigmaT,400,1.0,1.0,1.0,1.0
ToxicChat,ToxicChat,bge-large-en-v1.5,4,B1w_SigmaW,400,1.0,1.0,1.0,1.0
ToxicChat,ToxicChat,bge-large-en-v1.5,4,DELONG_B1w_vs_A1,400,7.487344078072056e-13,,,
ToxicChat,XSTest,bge-large-en-v1.5,4,A1_raw,400,0.7298,0.7035282378127166,0.025,0.13
ToxicChat,XSTest,bge-large-en-v1.5,4,B1_raw,400,0.6627999999999998,0.6446273253881388,0.03,0.135
ToxicChat,XSTest,bge-large-en-v1.5,4,B1b_SigmaT,400,0.7126750000000001,0.741291031941264,0.15,0.295
ToxicChat,XSTest,bge-large-en-v1.5,4,B1w_SigmaW,400,0.724775,0.7580069651043817,0.155,0.31
ToxicChat,XSTest,bge-large-en-v1.5,4,DELONG_B1w_vs_A1,400,0.8437051796056383,,,
ToxicChat,AdvBench,bge-large-en-v1.5,4,A1_raw,400,0.7992250000000001,0.6978093276393462,0.005,0.05
ToxicChat,AdvBench,bge-large-en-v1.5,4,B1_raw,400,0.81895,0.7435033042944499,0.025,0.085
ToxicChat,AdvBench,bge-large-en-v1.5,4,B1b_SigmaT,400,0.9492999999999999,0.9482869891573809,0.495,0.725
ToxicChat,AdvBench,bge-large-en-v1.5,4,B1w_SigmaW,400,0.96585,0.9654024907872357,0.59,0.775
ToxicChat,AdvBench,bge-large-en-v1.5,4,DELONG_B1w_vs_A1,400,1.1235457009206584e-13,,,
ToxicChat,HarmBench,bge-large-en-v1.5,4,A1_raw,400,0.7532,0.7051571834300009,0.02,0.22
ToxicChat,HarmBench,bge-large-en-v1.5,4,B1_raw,400,0.75115,0.719907186179059,0.07,0.14
ToxicChat,HarmBench,bge-large-en-v1.5,4,B1b_SigmaT,400,0.825475,0.8559109162210184,0.395,0.5
ToxicChat,HarmBench,bge-large-en-v1.5,4,B1w_SigmaW,400,0.8275750000000001,0.8598065476193053,0.415,0.54
ToxicChat,HarmBench,bge-large-en-v1.5,4,DELONG_B1w_vs_A1,400,0.010442672426757893,,,
ToxicChat,Wild,Qwen3-Embedding-8B,0,A1_raw,400,0.7926124999999999,0.7909700382657655,0.12,0.315
ToxicChat,Wild,Qwen3-Embedding-8B,0,B1_raw,400,0.7773125000000001,0.7788725586438476,0.19,0.315
ToxicChat,Wild,Qwen3-Embedding-8B,0,B1b_SigmaT,400,0.7771,0.7635915286474958,0.105,0.255
ToxicChat,Wild,Qwen3-Embedding-8B,0,B1w_SigmaW,400,0.7883,0.7780601341726228,0.14,0.265
ToxicChat,Wild,Qwen3-Embedding-8B,0,DELONG_B1w_vs_A1,400,0.8365702037373277,,,
ToxicChat,ToxicChat,Qwen3-Embedding-8B,0,A1_raw,400,0.8266499999999999,0.8325577293148271,0.215,0.375
ToxicChat,ToxicChat,Qwen3-Embedding-8B,0,B1_raw,400,0.9653999999999999,0.9658933105861822,0.62,0.77
ToxicChat,ToxicChat,Qwen3-Embedding-8B,0,B1b_SigmaT,400,1.0,1.0,1.0,1.0
ToxicChat,ToxicChat,Qwen3-Embedding-8B,0,B1w_SigmaW,400,1.0,1.0,1.0,1.0
ToxicChat,ToxicChat,Qwen3-Embedding-8B,0,DELONG_B1w_vs_A1,400,0.0,,,
ToxicChat,XSTest,Qwen3-Embedding-8B,0,A1_raw,400,0.728675,0.7433942227934558,0.105,0.29
ToxicChat,XSTest,Qwen3-Embedding-8B,0,B1_raw,400,0.74415,0.7416063352389453,0.08,0.205
ToxicChat,XSTest,Qwen3-Embedding-8B,0,B1b_SigmaT,400,0.76855,0.7703464648600231,0.215,0.35
ToxicChat,XSTest,Qwen3-Embedding-8B,0,B1w_SigmaW,400,0.7825,0.7844483849620782,0.155,0.45
ToxicChat,XSTest,Qwen3-Embedding-8B,0,DELONG_B1w_vs_A1,400,0.045988711622471756,,,
ToxicChat,AdvBench,Qwen3-Embedding-8B,0,A1_raw,400,0.863725,0.8129833358371059,0.045,0.455
ToxicChat,AdvBench,Qwen3-Embedding-8B,0,B1_raw,400,0.9725750000000001,0.9554507370666807,0.15,0.915
ToxicChat,AdvBench,Qwen3-Embedding-8B,0,B1b_SigmaT,400,0.9801,0.9800670742882716,0.695,0.895
ToxicChat,AdvBench,Qwen3-Embedding-8B,0,B1w_SigmaW,400,0.9899,0.9897826658267771,0.755,0.935
ToxicChat,AdvBench,Qwen3-Embedding-8B,0,DELONG_B1w_vs_A1,400,2.4089619188316647e-12,,,
ToxicChat,HarmBench,Qwen3-Embedding-8B,0,A1_raw,400,0.649975,0.6631613365558648,0.055,0.16
ToxicChat,HarmBench,Qwen3-Embedding-8B,0,B1_raw,400,0.8757,0.8551891729274631,0.075,0.45
ToxicChat,HarmBench,Qwen3-Embedding-8B,0,B1b_SigmaT,400,0.88115,0.880527803432356,0.31,0.52
ToxicChat,HarmBench,Qwen3-Embedding-8B,0,B1w_SigmaW,400,0.8924500000000001,0.8931357794372943,0.345,0.53
ToxicChat,HarmBench,Qwen3-Embedding-8B,0,DELONG_B1w_vs_A1,400,0.0,,,
ToxicChat,Wild,Qwen3-Embedding-8B,1,A1_raw,400,0.7638999999999999,0.781741164085766,0.175,0.35
ToxicChat,Wild,Qwen3-Embedding-8B,1,B1_raw,400,0.7811250000000001,0.784751887954372,0.085,0.305
ToxicChat,Wild,Qwen3-Embedding-8B,1,B1b_SigmaT,400,0.80385,0.8050264784838292,0.135,0.36
ToxicChat,Wild,Qwen3-Embedding-8B,1,B1w_SigmaW,400,0.806325,0.8087336165811355,0.115,0.37
ToxicChat,Wild,Qwen3-Embedding-8B,1,DELONG_B1w_vs_A1,400,0.03339695761323935,,,
ToxicChat,ToxicChat,Qwen3-Embedding-8B,1,A1_raw,400,0.8351,0.847187981109396,0.315,0.47
ToxicChat,ToxicChat,Qwen3-Embedding-8B,1,B1_raw,400,0.9678,0.9691735706705017,0.69,0.79
ToxicChat,ToxicChat,Qwen3-Embedding-8B,1,B1b_SigmaT,400,1.0,1.0,1.0,1.0
ToxicChat,ToxicChat,Qwen3-Embedding-8B,1,B1w_SigmaW,400,1.0,1.0,1.0,1.0
ToxicChat,ToxicChat,Qwen3-Embedding-8B,1,DELONG_B1w_vs_A1,400,0.0,,,
ToxicChat,XSTest,Qwen3-Embedding-8B,1,A1_raw,400,0.7247,0.7314634390274329,0.065,0.28
ToxicChat,XSTest,Qwen3-Embedding-8B,1,B1_raw,400,0.726,0.7153288763385589,0.045,0.2
ToxicChat,XSTest,Qwen3-Embedding-8B,1,B1b_SigmaT,400,0.7447,0.7562295995594552,0.17,0.28
ToxicChat,XSTest,Qwen3-Embedding-8B,1,B1w_SigmaW,400,0.775025,0.7869648813125368,0.165,0.37
ToxicChat,XSTest,Qwen3-Embedding-8B,1,DELONG_B1w_vs_A1,400,0.06217878385999742,,,
ToxicChat,AdvBench,Qwen3-Embedding-8B,1,A1_raw,400,0.837075,0.7909065305258236,0.085,0.195
ToxicChat,AdvBench,Qwen3-Embedding-8B,1,B1_raw,400,0.950475,0.9215985496219736,0.125,0.645
ToxicChat,AdvBench,Qwen3-Embedding-8B,1,B1b_SigmaT,400,0.9949749999999999,0.9955140064733929,0.94,0.985
ToxicChat,AdvBench,Qwen3-Embedding-8B,1,B1w_SigmaW,400,0.9975999999999999,0.9978290789191719,0.97,0.985
ToxicChat,AdvBench,Qwen3-Embedding-8B,1,DELONG_B1w_vs_A1,400,1.3322676295501878e-15,,,
ToxicChat,HarmBench,Qwen3-Embedding-8B,1,A1_raw,400,0.660375,0.6830530686779276,0.075,0.205
ToxicChat,HarmBench,Qwen3-Embedding-8B,1,B1_raw,400,0.876975,0.8602255901731017,0.215,0.43
ToxicChat,HarmBench,Qwen3-Embedding-8B,1,B1b_SigmaT,400,0.8620500000000001,0.8927901169671194,0.34,0.685
ToxicChat,HarmBench,Qwen3-Embedding-8B,1,B1w_SigmaW,400,0.8874250000000001,0.9121612799812856,0.425,0.725
ToxicChat,HarmBench,Qwen3-Embedding-8B,1,DELONG_B1w_vs_A1,400,1.0638823155773025e-11,,,
ToxicChat,Wild,Qwen3-Embedding-8B,2,A1_raw,400,0.7725749999999999,0.7830029032957332,0.14,0.375
ToxicChat,Wild,Qwen3-Embedding-8B,2,B1_raw,400,0.794,0.768379756647376,0.07,0.265
ToxicChat,Wild,Qwen3-Embedding-8B,2,B1b_SigmaT,400,0.833625,0.8352777660868848,0.185,0.34
ToxicChat,Wild,Qwen3-Embedding-8B,2,B1w_SigmaW,400,0.84145,0.8403328826716776,0.195,0.325
ToxicChat,Wild,Qwen3-Embedding-8B,2,DELONG_B1w_vs_A1,400,0.0008724432880102828,,,
ToxicChat,ToxicChat,Qwen3-Embedding-8B,2,A1_raw,400,0.806375,0.8182392646724099,0.28,0.375
ToxicChat,ToxicChat,Qwen3-Embedding-8B,2,B1_raw,400,0.96855,0.9690780667161829,0.685,0.79
ToxicChat,ToxicChat,Qwen3-Embedding-8B,2,B1b_SigmaT,400,1.0,1.0,1.0,1.0
ToxicChat,ToxicChat,Qwen3-Embedding-8B,2,B1w_SigmaW,400,1.0,1.0,1.0,1.0
ToxicChat,ToxicChat,Qwen3-Embedding-8B,2,DELONG_B1w_vs_A1,400,0.0,,,
ToxicChat,XSTest,Qwen3-Embedding-8B,2,A1_raw,400,0.7338,0.7649902671321686,0.21,0.345
ToxicChat,XSTest,Qwen3-Embedding-8B,2,B1_raw,400,0.728275,0.7137145469612454,0.045,0.21
ToxicChat,XSTest,Qwen3-Embedding-8B,2,B1b_SigmaT,400,0.7530249999999999,0.7627674772664618,0.125,0.335
ToxicChat,XSTest,Qwen3-Embedding-8B,2,B1w_SigmaW,400,0.75515,0.7649807409963405,0.12,0.355
ToxicChat,XSTest,Qwen3-Embedding-8B,2,DELONG_B1w_vs_A1,400,0.373939339623955,,,
ToxicChat,AdvBench,Qwen3-Embedding-8B,2,A1_raw,400,0.8454999999999999,0.7620246110486802,0.0,0.15
ToxicChat,AdvBench,Qwen3-Embedding-8B,2,B1_raw,400,0.9743250000000001,0.9678080530985133,0.545,0.875
ToxicChat,AdvBench,Qwen3-Embedding-8B,2,B1b_SigmaT,400,0.99865,0.9986995640913867,0.975,0.99
ToxicChat,AdvBench,Qwen3-Embedding-8B,2,B1w_SigmaW,400,0.9986999999999999,0.9987456258490114,0.975,0.99
ToxicChat,AdvBench,Qwen3-Embedding-8B,2,DELONG_B1w_vs_A1,400,4.3298697960381105e-14,,,
ToxicChat,HarmBench,Qwen3-Embedding-8B,2,A1_raw,400,0.6568250000000001,0.6675397227937985,0.05,0.18
ToxicChat,HarmBench,Qwen3-Embedding-8B,2,B1_raw,400,0.8820999999999999,0.8581161524434681,0.15,0.41
ToxicChat,HarmBench,Qwen3-Embedding-8B,2,B1b_SigmaT,400,0.9174000000000001,0.9273800695276387,0.56,0.67
ToxicChat,HarmBench,Qwen3-Embedding-8B,2,B1w_SigmaW,400,0.919225,0.9296820884151311,0.54,0.685
ToxicChat,HarmBench,Qwen3-Embedding-8B,2,DELONG_B1w_vs_A1,400,0.0,,,
ToxicChat,Wild,Qwen3-Embedding-8B,3,A1_raw,400,0.8302875000000001,0.8285588388599401,0.205,0.45
ToxicChat,Wild,Qwen3-Embedding-8B,3,B1_raw,400,0.7991625,0.8188820767049283,0.2,0.415
ToxicChat,Wild,Qwen3-Embedding-8B,3,B1b_SigmaT,400,0.8417250000000001,0.834983699942953,0.155,0.41
ToxicChat,Wild,Qwen3-Embedding-8B,3,B1w_SigmaW,400,0.8493249999999999,0.8447793215771057,0.215,0.415
ToxicChat,Wild,Qwen3-Embedding-8B,3,DELONG_B1w_vs_A1,400,0.3992133296310325,,,
ToxicChat,ToxicChat,Qwen3-Embedding-8B,3,A1_raw,400,0.8020499999999999,0.8032186455879677,0.225,0.355
ToxicChat,ToxicChat,Qwen3-Embedding-8B,3,B1_raw,400,0.9733499999999999,0.9747598130553274,0.755,0.81
ToxicChat,ToxicChat,Qwen3-Embedding-8B,3,B1b_SigmaT,400,1.0,1.0,1.0,1.0
ToxicChat,ToxicChat,Qwen3-Embedding-8B,3,B1w_SigmaW,400,1.0,1.0,1.0,1.0
ToxicChat,ToxicChat,Qwen3-Embedding-8B,3,DELONG_B1w_vs_A1,400,0.0,,,
ToxicChat,XSTest,Qwen3-Embedding-8B,3,A1_raw,400,0.7370249999999999,0.7647435576997943,0.16,0.365
ToxicChat,XSTest,Qwen3-Embedding-8B,3,B1_raw,400,0.735925,0.7212002568705999,0.06,0.205
ToxicChat,XSTest,Qwen3-Embedding-8B,3,B1b_SigmaT,400,0.75385,0.772612707402133,0.13,0.315
ToxicChat,XSTest,Qwen3-Embedding-8B,3,B1w_SigmaW,400,0.77,0.7869860222192804,0.145,0.355
ToxicChat,XSTest,Qwen3-Embedding-8B,3,DELONG_B1w_vs_A1,400,0.18012977490802995,,,
ToxicChat,AdvBench,Qwen3-Embedding-8B,3,A1_raw,400,0.8662000000000001,0.8208437484824397,0.085,0.24
ToxicChat,AdvBench,Qwen3-Embedding-8B,3,B1_raw,400,0.9701249999999999,0.9642940717106968,0.48,0.865
ToxicChat,AdvBench,Qwen3-Embedding-8B,3,B1b_SigmaT,400,0.9964249999999999,0.9968396283344688,0.94,0.985
ToxicChat,AdvBench,Qwen3-Embedding-8B,3,B1w_SigmaW,400,0.99725,0.9976521425955709,0.97,0.985
ToxicChat,AdvBench,Qwen3-Embedding-8B,3,DELONG_B1w_vs_A1,400,1.1155520951433573e-12,,,
ToxicChat,HarmBench,Qwen3-Embedding-8B,3,A1_raw,400,0.688725,0.6933356111163149,0.07,0.215
ToxicChat,HarmBench,Qwen3-Embedding-8B,3,B1_raw,400,0.9004999999999999,0.8897533202876751,0.23,0.52
ToxicChat,HarmBench,Qwen3-Embedding-8B,3,B1b_SigmaT,400,0.9377749999999999,0.9418756479207547,0.495,0.715
ToxicChat,HarmBench,Qwen3-Embedding-8B,3,B1w_SigmaW,400,0.9479,0.9525135062998777,0.625,0.73
ToxicChat,HarmBench,Qwen3-Embedding-8B,3,DELONG_B1w_vs_A1,400,0.0,,,
ToxicChat,Wild,Qwen3-Embedding-8B,4,A1_raw,400,0.7078125,0.7192888881032382,0.15,0.23
ToxicChat,Wild,Qwen3-Embedding-8B,4,B1_raw,400,0.7570375,0.737441094611334,0.08,0.255
ToxicChat,Wild,Qwen3-Embedding-8B,4,B1b_SigmaT,400,0.7788875,0.7646611192123764,0.115,0.265
ToxicChat,Wild,Qwen3-Embedding-8B,4,B1w_SigmaW,400,0.7763875,0.7651971761632961,0.105,0.28
ToxicChat,Wild,Qwen3-Embedding-8B,4,DELONG_B1w_vs_A1,400,0.0016334902874910462,,,
ToxicChat,ToxicChat,Qwen3-Embedding-8B,4,A1_raw,400,0.8441750000000001,0.8483009373296099,0.26,0.41
ToxicChat,ToxicChat,Qwen3-Embedding-8B,4,B1_raw,400,0.963075,0.9636179115471294,0.665,0.725
ToxicChat,ToxicChat,Qwen3-Embedding-8B,4,B1b_SigmaT,400,1.0,1.0,1.0,1.0
ToxicChat,ToxicChat,Qwen3-Embedding-8B,4,B1w_SigmaW,400,1.0,1.0,1.0,1.0
ToxicChat,ToxicChat,Qwen3-Embedding-8B,4,DELONG_B1w_vs_A1,400,6.661338147750939e-16,,,
ToxicChat,XSTest,Qwen3-Embedding-8B,4,A1_raw,400,0.7173499999999999,0.7261624401701332,0.07,0.26
ToxicChat,XSTest,Qwen3-Embedding-8B,4,B1_raw,400,0.708075,0.6849958549167714,0.05,0.125
ToxicChat,XSTest,Qwen3-Embedding-8B,4,B1b_SigmaT,400,0.721225,0.7472188414313099,0.095,0.315
ToxicChat,XSTest,Qwen3-Embedding-8B,4,B1w_SigmaW,400,0.7342500000000001,0.75755696243345,0.115,0.315
ToxicChat,XSTest,Qwen3-Embedding-8B,4,DELONG_B1w_vs_A1,400,0.5231234070557305,,,
ToxicChat,AdvBench,Qwen3-Embedding-8B,4,A1_raw,400,0.8478749999999999,0.7763720375719022,0.005,0.17
ToxicChat,AdvBench,Qwen3-Embedding-8B,4,B1_raw,400,0.9437249999999999,0.9159578049349282,0.135,0.6
ToxicChat,AdvBench,Qwen3-Embedding-8B,4,B1b_SigmaT,400,0.980875,0.9832366474159968,0.835,0.885
ToxicChat,AdvBench,Qwen3-Embedding-8B,4,B1w_SigmaW,400,0.985725,0.9872996235057623,0.88,0.93
ToxicChat,AdvBench,Qwen3-Embedding-8B,4,DELONG_B1w_vs_A1,400,6.954437026251981e-13,,,
ToxicChat,HarmBench,Qwen3-Embedding-8B,4,A1_raw,400,0.6456,0.6559204374640782,0.04,0.15
ToxicChat,HarmBench,Qwen3-Embedding-8B,4,B1_raw,400,0.8674,0.8408921179650796,0.19,0.35
ToxicChat,HarmBench,Qwen3-Embedding-8B,4,B1b_SigmaT,400,0.9010750000000001,0.9085928361480109,0.38,0.635
ToxicChat,HarmBench,Qwen3-Embedding-8B,4,B1w_SigmaW,400,0.8909499999999999,0.9017464865477346,0.35,0.635
ToxicChat,HarmBench,Qwen3-Embedding-8B,4,DELONG_B1w_vs_A1,400,0.0,,,
XSTest,Wild,all-mpnet-base-v2,0,A1_raw,400,0.7019249999999999,0.6750545066647728,0.04,0.175
XSTest,Wild,all-mpnet-base-v2,0,B1_raw,400,0.6079749999999999,0.6361668405607528,0.085,0.145
XSTest,Wild,all-mpnet-base-v2,0,B1b_SigmaT,400,0.5743750000000001,0.5712632301538855,0.015,0.13
XSTest,Wild,all-mpnet-base-v2,0,B1w_SigmaW,400,0.5822500000000002,0.5871920672095354,0.03,0.16
XSTest,Wild,all-mpnet-base-v2,0,DELONG_B1w_vs_A1,400,0.00011804711633134346,,,
XSTest,ToxicChat,all-mpnet-base-v2,0,A1_raw,400,0.8424749999999999,0.827318625414275,0.185,0.33
XSTest,ToxicChat,all-mpnet-base-v2,0,B1_raw,400,0.86395,0.8499658281465376,0.225,0.405
XSTest,ToxicChat,all-mpnet-base-v2,0,B1b_SigmaT,400,0.6431250000000001,0.685976273482721,0.115,0.245
XSTest,ToxicChat,all-mpnet-base-v2,0,B1w_SigmaW,400,0.6792,0.7073518977562789,0.135,0.235
XSTest,ToxicChat,all-mpnet-base-v2,0,DELONG_B1w_vs_A1,400,1.9594859068661208e-10,,,
XSTest,XSTest,all-mpnet-base-v2,0,A1_raw,400,0.7742749999999999,0.8223036707276684,0.32,0.505
XSTest,XSTest,all-mpnet-base-v2,0,B1_raw,400,0.834525,0.857701154985762,0.35,0.54
XSTest,XSTest,all-mpnet-base-v2,0,B1b_SigmaT,400,1.0,1.0,1.0,1.0
XSTest,XSTest,all-mpnet-base-v2,0,B1w_SigmaW,400,0.999975,0.9999751243781094,1.0,1.0
XSTest,XSTest,all-mpnet-base-v2,0,DELONG_B1w_vs_A1,400,0.0,,,
XSTest,AdvBench,all-mpnet-base-v2,0,A1_raw,400,0.993475,0.9940780698436054,0.925,0.97
XSTest,AdvBench,all-mpnet-base-v2,0,B1_raw,400,0.992475,0.992774728527367,0.97,0.97
XSTest,AdvBench,all-mpnet-base-v2,0,B1b_SigmaT,400,0.9703,0.974672329837553,0.69,0.885
XSTest,AdvBench,all-mpnet-base-v2,0,B1w_SigmaW,400,0.974175,0.9790464201424876,0.73,0.92
XSTest,AdvBench,all-mpnet-base-v2,0,DELONG_B1w_vs_A1,400,0.013670433992944764,,,
XSTest,HarmBench,all-mpnet-base-v2,0,A1_raw,400,0.8100750000000001,0.8388585652059543,0.335,0.465
XSTest,HarmBench,all-mpnet-base-v2,0,B1_raw,400,0.910125,0.9072296283562774,0.41,0.58
XSTest,HarmBench,all-mpnet-base-v2,0,B1b_SigmaT,400,0.8728750000000001,0.8896465028021515,0.44,0.57
XSTest,HarmBench,all-mpnet-base-v2,0,B1w_SigmaW,400,0.87825,0.8911009017871679,0.41,0.585
XSTest,HarmBench,all-mpnet-base-v2,0,DELONG_B1w_vs_A1,400,0.0003350149482561626,,,
XSTest,Wild,all-mpnet-base-v2,1,A1_raw,400,0.7282624999999999,0.7154745556714104,0.05,0.215
XSTest,Wild,all-mpnet-base-v2,1,B1_raw,400,0.5690875,0.5897570864308522,0.045,0.1
XSTest,Wild,all-mpnet-base-v2,1,B1b_SigmaT,400,0.5723,0.5513347885302875,0.005,0.05
XSTest,Wild,all-mpnet-base-v2,1,B1w_SigmaW,400,0.5828,0.5603464093394706,0.0,0.06
XSTest,Wild,all-mpnet-base-v2,1,DELONG_B1w_vs_A1,400,5.560628688616731e-07,,,
XSTest,ToxicChat,all-mpnet-base-v2,1,A1_raw,400,0.848375,0.8395775470395324,0.195,0.41
XSTest,ToxicChat,all-mpnet-base-v2,1,B1_raw,400,0.851375,0.8518693512294708,0.245,0.41
XSTest,ToxicChat,all-mpnet-base-v2,1,B1b_SigmaT,400,0.6160749999999999,0.6343588076627684,0.065,0.165
XSTest,ToxicChat,all-mpnet-base-v2,1,B1w_SigmaW,400,0.6449,0.6585669504317622,0.08,0.215
XSTest,ToxicChat,all-mpnet-base-v2,1,DELONG_B1w_vs_A1,400,4.463096558993129e-14,,,
XSTest,XSTest,all-mpnet-base-v2,1,A1_raw,400,0.784425,0.829269884925757,0.32,0.545
XSTest,XSTest,all-mpnet-base-v2,1,B1_raw,400,0.8334750000000001,0.8556143730888905,0.285,0.5
XSTest,XSTest,all-mpnet-base-v2,1,B1b_SigmaT,400,1.0,1.0,1.0,1.0
XSTest,XSTest,all-mpnet-base-v2,1,B1w_SigmaW,400,0.999925,0.9999261083743842,0.995,1.0
XSTest,XSTest,all-mpnet-base-v2,1,DELONG_B1w_vs_A1,400,0.0,,,
XSTest,AdvBench,all-mpnet-base-v2,1,A1_raw,400,0.986075,0.9889375534380682,0.845,0.955
XSTest,AdvBench,all-mpnet-base-v2,1,B1_raw,400,0.9933750000000001,0.9933136746214857,0.915,0.97
XSTest,AdvBench,all-mpnet-base-v2,1,B1b_SigmaT,400,0.95705,0.9638360505944082,0.675,0.83
XSTest,AdvBench,all-mpnet-base-v2,1,B1w_SigmaW,400,0.967825,0.9720657057692679,0.72,0.865
XSTest,AdvBench,all-mpnet-base-v2,1,DELONG_B1w_vs_A1,400,0.025333441058541073,,,
XSTest,HarmBench,all-mpnet-base-v2,1,A1_raw,400,0.8261999999999999,0.8487036020565251,0.32,0.47
XSTest,HarmBench,all-mpnet-base-v2,1,B1_raw,400,0.9011,0.900880521963527,0.34,0.545
XSTest,HarmBench,all-mpnet-base-v2,1,B1b_SigmaT,400,0.828875,0.8500964550795369,0.33,0.46
XSTest,HarmBench,all-mpnet-base-v2,1,B1w_SigmaW,400,0.8422249999999998,0.8617713766695163,0.365,0.485
XSTest,HarmBench,all-mpnet-base-v2,1,DELONG_B1w_vs_A1,400,0.446869387020834,,,
XSTest,Wild,all-mpnet-base-v2,2,A1_raw,400,0.6891499999999999,0.6676867217561687,0.04,0.14
XSTest,Wild,all-mpnet-base-v2,2,B1_raw,400,0.5212,0.5431898136405773,0.03,0.07
XSTest,Wild,all-mpnet-base-v2,2,B1b_SigmaT,400,0.46525000000000005,0.4906154091271343,0.01,0.03
XSTest,Wild,all-mpnet-base-v2,2,B1w_SigmaW,400,0.47975,0.5006945636624873,0.01,0.03
XSTest,Wild,all-mpnet-base-v2,2,DELONG_B1w_vs_A1,400,1.0769829472678794e-11,,,
XSTest,ToxicChat,all-mpnet-base-v2,2,A1_raw,400,0.8803749999999999,0.8679546086688066,0.14,0.46
XSTest,ToxicChat,all-mpnet-base-v2,2,B1_raw,400,0.885725,0.8838149721585832,0.21,0.54
XSTest,ToxicChat,all-mpnet-base-v2,2,B1b_SigmaT,400,0.64225,0.6683558241047753,0.085,0.22
XSTest,ToxicChat,all-mpnet-base-v2,2,B1w_SigmaW,400,0.6696,0.6966192357356737,0.1,0.24
XSTest,ToxicChat,all-mpnet-base-v2,2,DELONG_B1w_vs_A1,400,2.220446049250313e-14,,,
XSTest,XSTest,all-mpnet-base-v2,2,A1_raw,400,0.784775,0.831024888946909,0.395,0.545
XSTest,XSTest,all-mpnet-base-v2,2,B1_raw,400,0.8322999999999999,0.8568632193845143,0.405,0.56
XSTest,XSTest,all-mpnet-base-v2,2,B1b_SigmaT,400,1.0,1.0,1.0,1.0
XSTest,XSTest,all-mpnet-base-v2,2,B1w_SigmaW,400,0.99995,0.999950495049505,1.0,1.0
XSTest,XSTest,all-mpnet-base-v2,2,DELONG_B1w_vs_A1,400,0.0,,,
XSTest,AdvBench,all-mpnet-base-v2,2,A1_raw,400,0.990625,0.9922363403944326,0.89,0.965
XSTest,AdvBench,all-mpnet-base-v2,2,B1_raw,400,0.99515,0.9954308444206127,0.93,0.98
XSTest,AdvBench,all-mpnet-base-v2,2,B1b_SigmaT,400,0.93135,0.9372189712959307,0.42,0.735
XSTest,AdvBench,all-mpnet-base-v2,2,B1w_SigmaW,400,0.9435499999999999,0.9502584507437811,0.5,0.785
XSTest,AdvBench,all-mpnet-base-v2,2,DELONG_B1w_vs_A1,400,4.329417604820307e-05,,,
XSTest,HarmBench,all-mpnet-base-v2,2,A1_raw,400,0.81105,0.8307676629259784,0.24,0.45
XSTest,HarmBench,all-mpnet-base-v2,2,B1_raw,400,0.8956500000000001,0.8905182888484741,0.33,0.51
XSTest,HarmBench,all-mpnet-base-v2,2,B1b_SigmaT,400,0.8142,0.8184307746221775,0.215,0.38
XSTest,HarmBench,all-mpnet-base-v2,2,B1w_SigmaW,400,0.8184499999999999,0.82668655595809,0.255,0.39
XSTest,HarmBench,all-mpnet-base-v2,2,DELONG_B1w_vs_A1,400,0.7434214968217945,,,
XSTest,Wild,all-mpnet-base-v2,3,A1_raw,400,0.7102499999999999,0.6798641552823333,0.025,0.12
XSTest,Wild,all-mpnet-base-v2,3,B1_raw,400,0.5871000000000001,0.5881518503503128,0.025,0.075
XSTest,Wild,all-mpnet-base-v2,3,B1b_SigmaT,400,0.507525,0.5074972951030008,0.02,0.04
XSTest,Wild,all-mpnet-base-v2,3,B1w_SigmaW,400,0.52355,0.5209388371873607,0.015,0.045
XSTest,Wild,all-mpnet-base-v2,3,DELONG_B1w_vs_A1,400,1.5965118116412214e-10,,,
XSTest,ToxicChat,all-mpnet-base-v2,3,A1_raw,400,0.856075,0.8423766877170112,0.19,0.37
XSTest,ToxicChat,all-mpnet-base-v2,3,B1_raw,400,0.8645250000000001,0.8606875563736924,0.25,0.405
XSTest,ToxicChat,all-mpnet-base-v2,3,B1b_SigmaT,400,0.599575,0.6604323667337495,0.18,0.215
XSTest,ToxicChat,all-mpnet-base-v2,3,B1w_SigmaW,400,0.632825,0.6842674373509082,0.17,0.255
XSTest,ToxicChat,all-mpnet-base-v2,3,DELONG_B1w_vs_A1,400,1.5543122344752192e-15,,,
XSTest,XSTest,all-mpnet-base-v2,3,A1_raw,400,0.780625,0.8270838073816277,0.32,0.545
XSTest,XSTest,all-mpnet-base-v2,3,B1_raw,400,0.836125,0.8618559578941418,0.33,0.575
XSTest,XSTest,all-mpnet-base-v2,3,B1b_SigmaT,400,1.0,1.0,1.0,1.0
XSTest,XSTest,all-mpnet-base-v2,3,B1w_SigmaW,400,0.999925,0.9999261083743842,0.995,1.0
XSTest,XSTest,all-mpnet-base-v2,3,DELONG_B1w_vs_A1,400,0.0,,,
XSTest,AdvBench,all-mpnet-base-v2,3,A1_raw,400,0.986575,0.9875016906404466,0.815,0.93
XSTest,AdvBench,all-mpnet-base-v2,3,B1_raw,400,0.9939749999999999,0.993536975820545,0.85,0.98
XSTest,AdvBench,all-mpnet-base-v2,3,B1b_SigmaT,400,0.965725,0.9618290870580415,0.48,0.77
XSTest,AdvBench,all-mpnet-base-v2,3,B1w_SigmaW,400,0.9712249999999999,0.9676953205635661,0.49,0.835
XSTest,AdvBench,all-mpnet-base-v2,3,DELONG_B1w_vs_A1,400,0.057340949504098404,,,
XSTest,HarmBench,all-mpnet-base-v2,3,A1_raw,400,0.8263,0.840685730019646,0.215,0.455
XSTest,HarmBench,all-mpnet-base-v2,3,B1_raw,400,0.90235,0.8934301781623832,0.29,0.56
XSTest,HarmBench,all-mpnet-base-v2,3,B1b_SigmaT,400,0.824775,0.8393131140178164,0.28,0.43
XSTest,HarmBench,all-mpnet-base-v2,3,B1w_SigmaW,400,0.8333999999999999,0.848904592459799,0.33,0.47
XSTest,HarmBench,all-mpnet-base-v2,3,DELONG_B1w_vs_A1,400,0.725087487227495,,,
XSTest,Wild,all-mpnet-base-v2,4,A1_raw,400,0.69765,0.6460854178124236,0.005,0.08
XSTest,Wild,all-mpnet-base-v2,4,B1_raw,400,0.5962999999999999,0.5973274410399585,0.025,0.13
XSTest,Wild,all-mpnet-base-v2,4,B1b_SigmaT,400,0.577175,0.5802221338458353,0.01,0.115
XSTest,Wild,all-mpnet-base-v2,4,B1w_SigmaW,400,0.5746249999999999,0.5791673390607146,0.04,0.125
XSTest,Wild,all-mpnet-base-v2,4,DELONG_B1w_vs_A1,400,0.00010276898234073961,,,
XSTest,ToxicChat,all-mpnet-base-v2,4,A1_raw,400,0.8524749999999999,0.8436794157033992,0.205,0.41
XSTest,ToxicChat,all-mpnet-base-v2,4,B1_raw,400,0.8522249999999999,0.8522211519886598,0.22,0.365
XSTest,ToxicChat,all-mpnet-base-v2,4,B1b_SigmaT,400,0.579375,0.6467511477169805,0.14,0.23
XSTest,ToxicChat,all-mpnet-base-v2,4,B1w_SigmaW,400,0.581825,0.6461664049321447,0.15,0.205
XSTest,ToxicChat,all-mpnet-base-v2,4,DELONG_B1w_vs_A1,400,0.0,,,
XSTest,XSTest,all-mpnet-base-v2,4,A1_raw,400,0.7756000000000001,0.8252491380001353,0.32,0.545
XSTest,XSTest,all-mpnet-base-v2,4,B1_raw,400,0.833125,0.8598107467512559,0.355,0.565
XSTest,XSTest,all-mpnet-base-v2,4,B1b_SigmaT,400,1.0,1.0,1.0,1.0
XSTest,XSTest,all-mpnet-base-v2,4,B1w_SigmaW,400,1.0,1.0,1.0,1.0
XSTest,XSTest,all-mpnet-base-v2,4,DELONG_B1w_vs_A1,400,0.0,,,
XSTest,AdvBench,all-mpnet-base-v2,4,A1_raw,400,0.986475,0.9885904274746024,0.865,0.94
XSTest,AdvBench,all-mpnet-base-v2,4,B1_raw,400,0.9958500000000001,0.9961004855610557,0.97,0.98
XSTest,AdvBench,all-mpnet-base-v2,4,B1b_SigmaT,400,0.9475750000000001,0.9407177817705282,0.41,0.72
XSTest,AdvBench,all-mpnet-base-v2,4,B1w_SigmaW,400,0.9594499999999999,0.9538534066608083,0.435,0.755
XSTest,AdvBench,all-mpnet-base-v2,4,DELONG_B1w_vs_A1,400,0.0037194202593284764,,,
XSTest,HarmBench,all-mpnet-base-v2,4,A1_raw,400,0.81275,0.8301212723531961,0.265,0.435
XSTest,HarmBench,all-mpnet-base-v2,4,B1_raw,400,0.898825,0.8953892409595707,0.36,0.52
XSTest,HarmBench,all-mpnet-base-v2,4,B1b_SigmaT,400,0.837575,0.85269647659177,0.31,0.51
XSTest,HarmBench,all-mpnet-base-v2,4,B1w_SigmaW,400,0.837225,0.8543846926102308,0.335,0.51
XSTest,HarmBench,all-mpnet-base-v2,4,DELONG_B1w_vs_A1,400,0.2561601452757629,,,
XSTest,Wild,bge-base-en-v1.5,0,A1_raw,400,0.6664875000000001,0.6706165156008758,0.06,0.18
XSTest,Wild,bge-base-en-v1.5,0,B1_raw,400,0.5462874999999999,0.5184557265982207,0.01,0.045
XSTest,Wild,bge-base-en-v1.5,0,B1b_SigmaT,400,0.6027374999999999,0.5657329433615019,0.005,0.04
XSTest,Wild,bge-base-en-v1.5,0,B1w_SigmaW,400,0.6164125,0.5800882857409484,0.005,0.055
XSTest,Wild,bge-base-en-v1.5,0,DELONG_B1w_vs_A1,400,0.14339662753169957,,,
XSTest,ToxicChat,bge-base-en-v1.5,0,A1_raw,400,0.8101999999999999,0.8201324256921894,0.195,0.385
XSTest,ToxicChat,bge-base-en-v1.5,0,B1_raw,400,0.7275749999999999,0.7162845353328167,0.09,0.185
XSTest,ToxicChat,bge-base-en-v1.5,0,B1b_SigmaT,400,0.529725,0.559616049023806,0.05,0.105
XSTest,ToxicChat,bge-base-en-v1.5,0,B1w_SigmaW,400,0.5792,0.5948600978160173,0.06,0.12
XSTest,ToxicChat,bge-base-en-v1.5,0,DELONG_B1w_vs_A1,400,2.353672812205332e-14,,,
XSTest,XSTest,bge-base-en-v1.5,0,A1_raw,400,0.806125,0.8355709663015067,0.345,0.435
XSTest,XSTest,bge-base-en-v1.5,0,B1_raw,400,0.8415000000000001,0.8546307674639282,0.325,0.53
XSTest,XSTest,bge-base-en-v1.5,0,B1b_SigmaT,400,1.0,1.0,1.0,1.0
XSTest,XSTest,bge-base-en-v1.5,0,B1w_SigmaW,400,1.0,1.0,1.0,1.0
XSTest,XSTest,bge-base-en-v1.5,0,DELONG_B1w_vs_A1,400,0.0,,,
XSTest,AdvBench,bge-base-en-v1.5,0,A1_raw,400,0.962625,0.9652157996184693,0.63,0.81
XSTest,AdvBench,bge-base-en-v1.5,0,B1_raw,400,0.9782000000000001,0.9810130094339395,0.72,0.915
XSTest,AdvBench,bge-base-en-v1.5,0,B1b_SigmaT,400,0.8871249999999998,0.894580773795864,0.355,0.515
XSTest,AdvBench,bge-base-en-v1.5,0,B1w_SigmaW,400,0.9087500000000001,0.9171979946203815,0.45,0.6
XSTest,AdvBench,bge-base-en-v1.5,0,DELONG_B1w_vs_A1,400,0.0001290219136482751,,,
XSTest,HarmBench,bge-base-en-v1.5,0,A1_raw,400,0.8290500000000001,0.8122114623868045,0.165,0.29
XSTest,HarmBench,bge-base-en-v1.5,0,B1_raw,400,0.8184,0.8154126046069095,0.235,0.375
XSTest,HarmBench,bge-base-en-v1.5,0,B1b_SigmaT,400,0.669,0.6955103261874056,0.07,0.275
XSTest,HarmBench,bge-base-en-v1.5,0,B1w_SigmaW,400,0.701925,0.7232248001518441,0.11,0.3
XSTest,HarmBench,bge-base-en-v1.5,0,DELONG_B1w_vs_A1,400,1.3877399704931292e-06,,,
XSTest,Wild,bge-base-en-v1.5,1,A1_raw,400,0.6660625,0.6604788796381942,0.025,0.21
XSTest,Wild,bge-base-en-v1.5,1,B1_raw,400,0.48938750000000003,0.49977237812210706,0.035,0.055
XSTest,Wild,bge-base-en-v1.5,1,B1b_SigmaT,400,0.573625,0.5584405850272613,0.005,0.07
XSTest,Wild,bge-base-en-v1.5,1,B1w_SigmaW,400,0.58065,0.5675998855826002,0.01,0.08
XSTest,Wild,bge-base-en-v1.5,1,DELONG_B1w_vs_A1,400,0.005967976101008077,,,
XSTest,ToxicChat,bge-base-en-v1.5,1,A1_raw,400,0.795325,0.8127007241414128,0.155,0.43
XSTest,ToxicChat,bge-base-en-v1.5,1,B1_raw,400,0.75465,0.7531435740295607,0.1,0.255
XSTest,ToxicChat,bge-base-en-v1.5,1,B1b_SigmaT,400,0.5851,0.6110335315634058,0.075,0.145
XSTest,ToxicChat,bge-base-en-v1.5,1,B1w_SigmaW,400,0.6118250000000001,0.629783152675575,0.07,0.16
XSTest,ToxicChat,bge-base-en-v1.5,1,DELONG_B1w_vs_A1,400,1.959319817501637e-09,,,
XSTest,XSTest,bge-base-en-v1.5,1,A1_raw,400,0.812325,0.8367717268848356,0.3,0.47
XSTest,XSTest,bge-base-en-v1.5,1,B1_raw,400,0.838475,0.8507363614940807,0.3,0.47
XSTest,XSTest,bge-base-en-v1.5,1,B1b_SigmaT,400,1.0,1.0,1.0,1.0
XSTest,XSTest,bge-base-en-v1.5,1,B1w_SigmaW,400,1.0,1.0,1.0,1.0
XSTest,XSTest,bge-base-en-v1.5,1,DELONG_B1w_vs_A1,400,0.0,,,
XSTest,AdvBench,bge-base-en-v1.5,1,A1_raw,400,0.9548249999999999,0.9563984731242673,0.585,0.785
XSTest,AdvBench,bge-base-en-v1.5,1,B1_raw,400,0.9757750000000001,0.9781026338244952,0.72,0.915
XSTest,AdvBench,bge-base-en-v1.5,1,B1b_SigmaT,400,0.890525,0.9055434484472149,0.39,0.61
XSTest,AdvBench,bge-base-en-v1.5,1,B1w_SigmaW,400,0.916925,0.9294145775735934,0.55,0.725
XSTest,AdvBench,bge-base-en-v1.5,1,DELONG_B1w_vs_A1,400,0.0038529525362784867,,,
XSTest,HarmBench,bge-base-en-v1.5,1,A1_raw,400,0.850425,0.8460105109763428,0.265,0.43
XSTest,HarmBench,bge-base-en-v1.5,1,B1_raw,400,0.83115,0.8309575720908418,0.245,0.45
XSTest,HarmBench,bge-base-en-v1.5,1,B1b_SigmaT,400,0.694025,0.7450153535106069,0.24,0.35
XSTest,HarmBench,bge-base-en-v1.5,1,B1w_SigmaW,400,0.7402,0.7773757683969162,0.265,0.405
XSTest,HarmBench,bge-base-en-v1.5,1,DELONG_B1w_vs_A1,400,1.1163723498075484e-05,,,
XSTest,Wild,bge-base-en-v1.5,2,A1_raw,400,0.6721750000000001,0.6518868877337747,0.025,0.1
XSTest,Wild,bge-base-en-v1.5,2,B1_raw,400,0.5124,0.49954630093780944,0.01,0.02
XSTest,Wild,bge-base-en-v1.5,2,B1b_SigmaT,400,0.531775,0.509402436384714,0.0,0.025
XSTest,Wild,bge-base-en-v1.5,2,B1w_SigmaW,400,0.552025,0.5237575022966675,0.0,0.035
XSTest,Wild,bge-base-en-v1.5,2,DELONG_B1w_vs_A1,400,0.0003585335345799301,,,
XSTest,ToxicChat,bge-base-en-v1.5,2,A1_raw,400,0.789175,0.8106102703641906,0.335,0.415
XSTest,ToxicChat,bge-base-en-v1.5,2,B1_raw,400,0.7571249999999999,0.7467607002997599,0.11,0.225
XSTest,ToxicChat,bge-base-en-v1.5,2,B1b_SigmaT,400,0.5591499999999999,0.5892411119090968,0.105,0.135
XSTest,ToxicChat,bge-base-en-v1.5,2,B1w_SigmaW,400,0.6014,0.6258479172980134,0.105,0.135
XSTest,ToxicChat,bge-base-en-v1.5,2,DELONG_B1w_vs_A1,400,1.3455883518531664e-08,,,
XSTest,XSTest,bge-base-en-v1.5,2,A1_raw,400,0.8042499999999999,0.8285048423660051,0.29,0.435
XSTest,XSTest,bge-base-en-v1.5,2,B1_raw,400,0.8360249999999999,0.8513092226665016,0.345,0.5
XSTest,XSTest,bge-base-en-v1.5,2,B1b_SigmaT,400,1.0,1.0,1.0,1.0
XSTest,XSTest,bge-base-en-v1.5,2,B1w_SigmaW,400,1.0,1.0,1.0,1.0
XSTest,XSTest,bge-base-en-v1.5,2,DELONG_B1w_vs_A1,400,0.0,,,
XSTest,AdvBench,bge-base-en-v1.5,2,A1_raw,400,0.949275,0.9514138214438319,0.56,0.75
XSTest,AdvBench,bge-base-en-v1.5,2,B1_raw,400,0.975275,0.9788759706703632,0.73,0.925
XSTest,AdvBench,bge-base-en-v1.5,2,B1b_SigmaT,400,0.8802,0.8993122406161529,0.405,0.635
XSTest,AdvBench,bge-base-en-v1.5,2,B1w_SigmaW,400,0.9031,0.9202630118009051,0.525,0.685
XSTest,AdvBench,bge-base-en-v1.5,2,DELONG_B1w_vs_A1,400,0.0016247804352846895,,,
XSTest,HarmBench,bge-base-en-v1.5,2,A1_raw,400,0.8533,0.8358250844226354,0.215,0.355
XSTest,HarmBench,bge-base-en-v1.5,2,B1_raw,400,0.8235750000000001,0.8153134938682417,0.175,0.36
XSTest,HarmBench,bge-base-en-v1.5,2,B1b_SigmaT,400,0.6925000000000001,0.6982861644135927,0.085,0.24
XSTest,HarmBench,bge-base-en-v1.5,2,B1w_SigmaW,400,0.730125,0.7305234740699945,0.11,0.23
XSTest,HarmBench,bge-base-en-v1.5,2,DELONG_B1w_vs_A1,400,3.128292249021669e-06,,,
XSTest,Wild,bge-base-en-v1.5,3,A1_raw,400,0.6759375,0.6523360327947321,0.025,0.14
XSTest,Wild,bge-base-en-v1.5,3,B1_raw,400,0.5238625,0.49971849443368543,0.01,0.025
XSTest,Wild,bge-base-en-v1.5,3,B1b_SigmaT,400,0.49063750000000006,0.4833920665671425,0.0,0.025
XSTest,Wild,bge-base-en-v1.5,3,B1w_SigmaW,400,0.5195,0.5016965523877406,0.0,0.035
XSTest,Wild,bge-base-en-v1.5,3,DELONG_B1w_vs_A1,400,1.9781403644003603e-06,,,
XSTest,ToxicChat,bge-base-en-v1.5,3,A1_raw,400,0.7846500000000001,0.7846778537172889,0.055,0.365
XSTest,ToxicChat,bge-base-en-v1.5,3,B1_raw,400,0.7299749999999999,0.7148596132739264,0.075,0.16
XSTest,ToxicChat,bge-base-en-v1.5,3,B1b_SigmaT,400,0.5321750000000001,0.5473695777624327,0.045,0.085
XSTest,ToxicChat,bge-base-en-v1.5,3,B1w_SigmaW,400,0.566975,0.5745755923391234,0.05,0.1
XSTest,ToxicChat,bge-base-en-v1.5,3,DELONG_B1w_vs_A1,400,2.495115225542577e-12,,,
XSTest,XSTest,bge-base-en-v1.5,3,A1_raw,400,0.8105500000000001,0.8377624759656548,0.345,0.455
XSTest,XSTest,bge-base-en-v1.5,3,B1_raw,400,0.843,0.8562265968527103,0.33,0.53
XSTest,XSTest,bge-base-en-v1.5,3,B1b_SigmaT,400,1.0,1.0,1.0,1.0
XSTest,XSTest,bge-base-en-v1.5,3,B1w_SigmaW,400,0.9999,0.9998997462247162,1.0,1.0
XSTest,XSTest,bge-base-en-v1.5,3,DELONG_B1w_vs_A1,400,0.0,,,
XSTest,AdvBench,bge-base-en-v1.5,3,A1_raw,400,0.9613749999999999,0.9631660451354487,0.61,0.765
XSTest,AdvBench,bge-base-en-v1.5,3,B1_raw,400,0.984975,0.9871114941490251,0.855,0.935
XSTest,AdvBench,bge-base-en-v1.5,3,B1b_SigmaT,400,0.916325,0.923034410261211,0.525,0.66
XSTest,AdvBench,bge-base-en-v1.5,3,B1w_SigmaW,400,0.936475,0.9429099841558208,0.64,0.71
XSTest,AdvBench,bge-base-en-v1.5,3,DELONG_B1w_vs_A1,400,0.02770312283041121,,,
XSTest,HarmBench,bge-base-en-v1.5,3,A1_raw,400,0.858475,0.8508810548381627,0.26,0.425
XSTest,HarmBench,bge-base-en-v1.5,3,B1_raw,400,0.8370499999999998,0.839857115437824,0.285,0.42
XSTest,HarmBench,bge-base-en-v1.5,3,B1b_SigmaT,400,0.7239,0.7565389183120456,0.23,0.34
XSTest,HarmBench,bge-base-en-v1.5,3,B1w_SigmaW,400,0.7586,0.7831773410157938,0.245,0.39
XSTest,HarmBench,bge-base-en-v1.5,3,DELONG_B1w_vs_A1,400,0.00014424184621075753,,,
XSTest,Wild,bge-base-en-v1.5,4,A1_raw,400,0.63735,0.6298059516625194,0.04,0.155
XSTest,Wild,bge-base-en-v1.5,4,B1_raw,400,0.512375,0.5097077239699883,0.025,0.075
XSTest,Wild,bge-base-en-v1.5,4,B1b_SigmaT,400,0.566925,0.5308247744735957,0.0,0.04
XSTest,Wild,bge-base-en-v1.5,4,B1w_SigmaW,400,0.5745250000000001,0.5367093126372077,0.0,0.05
XSTest,Wild,bge-base-en-v1.5,4,DELONG_B1w_vs_A1,400,0.044116561744258265,,,
XSTest,ToxicChat,bge-base-en-v1.5,4,A1_raw,400,0.79725,0.7949051380661873,0.135,0.33
XSTest,ToxicChat,bge-base-en-v1.5,4,B1_raw,400,0.7262,0.7204014046455924,0.12,0.175
XSTest,ToxicChat,bge-base-en-v1.5,4,B1b_SigmaT,400,0.6227,0.6157378257860902,0.06,0.115
XSTest,ToxicChat,bge-base-en-v1.5,4,B1w_SigmaW,400,0.6465000000000001,0.6355134387134601,0.065,0.125
XSTest,ToxicChat,bge-base-en-v1.5,4,DELONG_B1w_vs_A1,400,7.399381314332487e-07,,,
XSTest,XSTest,bge-base-en-v1.5,4,A1_raw,400,0.80045,0.8299964974335607,0.3,0.435
XSTest,XSTest,bge-base-en-v1.5,4,B1_raw,400,0.83915,0.8546529869414137,0.325,0.545
XSTest,XSTest,bge-base-en-v1.5,4,B1b_SigmaT,400,1.0,1.0,1.0,1.0
XSTest,XSTest,bge-base-en-v1.5,4,B1w_SigmaW,400,1.0,1.0,1.0,1.0
XSTest,XSTest,bge-base-en-v1.5,4,DELONG_B1w_vs_A1,400,0.0,,,
XSTest,AdvBench,bge-base-en-v1.5,4,A1_raw,400,0.9504999999999999,0.953370349287684,0.58,0.77
XSTest,AdvBench,bge-base-en-v1.5,4,B1_raw,400,0.9802250000000001,0.9822697308916213,0.76,0.91
XSTest,AdvBench,bge-base-en-v1.5,4,B1b_SigmaT,400,0.87885,0.8810025445481243,0.355,0.47
XSTest,AdvBench,bge-base-en-v1.5,4,B1w_SigmaW,400,0.906425,0.9088954527558204,0.375,0.57
XSTest,AdvBench,bge-base-en-v1.5,4,DELONG_B1w_vs_A1,400,0.0014543025964985912,,,
XSTest,HarmBench,bge-base-en-v1.5,4,A1_raw,400,0.83935,0.8173382087306845,0.125,0.25
XSTest,HarmBench,bge-base-en-v1.5,4,B1_raw,400,0.81225,0.8070308603314462,0.205,0.355
XSTest,HarmBench,bge-base-en-v1.5,4,B1b_SigmaT,400,0.650325,0.6724653625167959,0.135,0.23
XSTest,HarmBench,bge-base-en-v1.5,4,B1w_SigmaW,400,0.6882999999999999,0.7119896980872035,0.135,0.285
XSTest,HarmBench,bge-base-en-v1.5,4,DELONG_B1w_vs_A1,400,4.2603172101252085e-08,,,
XSTest,Wild,bge-large-en-v1.5,0,A1_raw,400,0.7135125000000001,0.7193859613087363,0.07,0.165
XSTest,Wild,bge-large-en-v1.5,0,B1_raw,400,0.5551875,0.5658396336083252,0.06,0.09
XSTest,Wild,bge-large-en-v1.5,0,B1b_SigmaT,400,0.639675,0.6279083625220225,0.01,0.155
XSTest,Wild,bge-large-en-v1.5,0,B1w_SigmaW,400,0.6380375,0.6245382885390388,0.01,0.16
XSTest,Wild,bge-large-en-v1.5,0,DELONG_B1w_vs_A1,400,0.00996031816200249,,,
XSTest,ToxicChat,bge-large-en-v1.5,0,A1_raw,400,0.817975,0.8215776096258303,0.165,0.39
XSTest,ToxicChat,bge-large-en-v1.5,0,B1_raw,400,0.7314499999999999,0.7250647930454788,0.115,0.255
XSTest,ToxicChat,bge-large-en-v1.5,0,B1b_SigmaT,400,0.64015,0.6381128337252328,0.055,0.165
XSTest,ToxicChat,bge-large-en-v1.5,0,B1w_SigmaW,400,0.6717000000000001,0.6638527965343929,0.055,0.165
XSTest,ToxicChat,bge-large-en-v1.5,0,DELONG_B1w_vs_A1,400,3.8876765140472003e-07,,,
XSTest,XSTest,bge-large-en-v1.5,0,A1_raw,400,0.799075,0.8378663698031112,0.345,0.51
XSTest,XSTest,bge-large-en-v1.5,0,B1_raw,400,0.8357249999999999,0.8582854986270634,0.415,0.555
XSTest,XSTest,bge-large-en-v1.5,0,B1b_SigmaT,400,1.0,1.0,1.0,1.0
XSTest,XSTest,bge-large-en-v1.5,0,B1w_SigmaW,400,1.0,1.0,1.0,1.0
XSTest,XSTest,bge-large-en-v1.5,0,DELONG_B1w_vs_A1,400,0.0,,,
XSTest,AdvBench,bge-large-en-v1.5,0,A1_raw,400,0.9902000000000001,0.990488040124854,0.845,0.945
XSTest,AdvBench,bge-large-en-v1.5,0,B1_raw,400,0.9869249999999999,0.9887451390219414,0.875,0.92
XSTest,AdvBench,bge-large-en-v1.5,0,B1b_SigmaT,400,0.9378749999999999,0.9404868519052622,0.515,0.705
XSTest,AdvBench,bge-large-en-v1.5,0,B1w_SigmaW,400,0.948675,0.9518977410239561,0.67,0.75
XSTest,AdvBench,bge-large-en-v1.5,0,DELONG_B1w_vs_A1,400,6.804367177037918e-06,,,
XSTest,HarmBench,bge-large-en-v1.5,0,A1_raw,400,0.87195,0.8751431945803106,0.345,0.48
XSTest,HarmBench,bge-large-en-v1.5,0,B1_raw,400,0.851175,0.8548452390073731,0.3,0.475
XSTest,HarmBench,bge-large-en-v1.5,0,B1b_SigmaT,400,0.8504250000000001,0.8517105544811321,0.315,0.48
XSTest,HarmBench,bge-large-en-v1.5,0,B1w_SigmaW,400,0.857,0.8569454661003169,0.335,0.49
XSTest,HarmBench,bge-large-en-v1.5,0,DELONG_B1w_vs_A1,400,0.43951582952176294,,,
XSTest,Wild,bge-large-en-v1.5,1,A1_raw,400,0.6787374999999999,0.6790206043996491,0.035,0.19
XSTest,Wild,bge-large-en-v1.5,1,B1_raw,400,0.5035375,0.51906362083898,0.04,0.055
XSTest,Wild,bge-large-en-v1.5,1,B1b_SigmaT,400,0.5703,0.5808043050232552,0.04,0.11
XSTest,Wild,bge-large-en-v1.5,1,B1w_SigmaW,400,0.5693625000000001,0.5861996401137483,0.055,0.095
XSTest,Wild,bge-large-en-v1.5,1,DELONG_B1w_vs_A1,400,0.0002423601220840066,,,
XSTest,ToxicChat,bge-large-en-v1.5,1,A1_raw,400,0.8184499999999999,0.8384209136300089,0.24,0.445
XSTest,ToxicChat,bge-large-en-v1.5,1,B1_raw,400,0.7284250000000001,0.730142701443449,0.105,0.215
XSTest,ToxicChat,bge-large-en-v1.5,1,B1b_SigmaT,400,0.5819749999999999,0.5971109716147416,0.06,0.095
XSTest,ToxicChat,bge-large-en-v1.5,1,B1w_SigmaW,400,0.616375,0.627468259179672,0.07,0.135
XSTest,ToxicChat,bge-large-en-v1.5,1,DELONG_B1w_vs_A1,400,6.967093568732707e-12,,,
XSTest,XSTest,bge-large-en-v1.5,1,A1_raw,400,0.8037249999999999,0.8390131014435798,0.325,0.51
XSTest,XSTest,bge-large-en-v1.5,1,B1_raw,400,0.835825,0.8568040212199993,0.385,0.55
XSTest,XSTest,bge-large-en-v1.5,1,B1b_SigmaT,400,1.0,1.0,1.0,1.0
XSTest,XSTest,bge-large-en-v1.5,1,B1w_SigmaW,400,1.0,1.0,1.0,1.0
XSTest,XSTest,bge-large-en-v1.5,1,DELONG_B1w_vs_A1,400,0.0,,,
XSTest,AdvBench,bge-large-en-v1.5,1,A1_raw,400,0.985775,0.9869967044810525,0.825,0.925
XSTest,AdvBench,bge-large-en-v1.5,1,B1_raw,400,0.9864250000000001,0.9880590143629678,0.885,0.925
XSTest,AdvBench,bge-large-en-v1.5,1,B1b_SigmaT,400,0.9098,0.9070330828476596,0.275,0.655
XSTest,AdvBench,bge-large-en-v1.5,1,B1w_SigmaW,400,0.926075,0.9251124956664395,0.325,0.705
XSTest,AdvBench,bge-large-en-v1.5,1,DELONG_B1w_vs_A1,400,3.8398765456193473e-07,,,
XSTest,HarmBench,bge-large-en-v1.5,1,A1_raw,400,0.8939000000000001,0.890066999176405,0.34,0.52
XSTest,HarmBench,bge-large-en-v1.5,1,B1_raw,400,0.8577499999999999,0.8553403200215621,0.28,0.495
XSTest,HarmBench,bge-large-en-v1.5,1,B1b_SigmaT,400,0.851175,0.8569563832755593,0.27,0.49
XSTest,HarmBench,bge-large-en-v1.5,1,B1w_SigmaW,400,0.8594999999999999,0.8653957124410991,0.31,0.52
XSTest,HarmBench,bge-large-en-v1.5,1,DELONG_B1w_vs_A1,400,0.08500779816341719,,,
XSTest,Wild,bge-large-en-v1.5,2,A1_raw,400,0.6994250000000001,0.6952697029511699,0.04,0.205
XSTest,Wild,bge-large-en-v1.5,2,B1_raw,400,0.5223749999999999,0.5359421834338156,0.025,0.08
XSTest,Wild,bge-large-en-v1.5,2,B1b_SigmaT,400,0.5738750000000001,0.5481496040938787,0.005,0.025
XSTest,Wild,bge-large-en-v1.5,2,B1w_SigmaW,400,0.5689500000000001,0.5483966063843979,0.005,0.05
XSTest,Wild,bge-large-en-v1.5,2,DELONG_B1w_vs_A1,400,2.6127592250402287e-05,,,
XSTest,ToxicChat,bge-large-en-v1.5,2,A1_raw,400,0.8187250000000001,0.8479805812269039,0.33,0.48
XSTest,ToxicChat,bge-large-en-v1.5,2,B1_raw,400,0.74345,0.755603733353755,0.15,0.315
XSTest,ToxicChat,bge-large-en-v1.5,2,B1b_SigmaT,400,0.6193249999999999,0.6458318556712191,0.095,0.19
XSTest,ToxicChat,bge-large-en-v1.5,2,B1w_SigmaW,400,0.6457,0.6721451111847851,0.12,0.245
XSTest,ToxicChat,bge-large-en-v1.5,2,DELONG_B1w_vs_A1,400,2.8824856279641153e-08,,,
XSTest,XSTest,bge-large-en-v1.5,2,A1_raw,400,0.80145,0.8352205259721964,0.325,0.51
XSTest,XSTest,bge-large-en-v1.5,2,B1_raw,400,0.8311250000000001,0.8537017334848727,0.405,0.565
XSTest,XSTest,bge-large-en-v1.5,2,B1b_SigmaT,400,1.0,1.0,1.0,1.0
XSTest,XSTest,bge-large-en-v1.5,2,B1w_SigmaW,400,1.0,1.0,1.0,1.0
XSTest,XSTest,bge-large-en-v1.5,2,DELONG_B1w_vs_A1,400,0.0,,,
XSTest,AdvBench,bge-large-en-v1.5,2,A1_raw,400,0.9889749999999999,0.9892294957652084,0.775,0.95
XSTest,AdvBench,bge-large-en-v1.5,2,B1_raw,400,0.98705,0.9889639782651569,0.87,0.95
XSTest,AdvBench,bge-large-en-v1.5,2,B1b_SigmaT,400,0.903425,0.9152227283905959,0.475,0.655
XSTest,AdvBench,bge-large-en-v1.5,2,B1w_SigmaW,400,0.922375,0.9326520883718215,0.535,0.695
XSTest,AdvBench,bge-large-en-v1.5,2,DELONG_B1w_vs_A1,400,3.714964913470453e-08,,,
XSTest,HarmBench,bge-large-en-v1.5,2,A1_raw,400,0.88805,0.8839265785109087,0.32,0.465
XSTest,HarmBench,bge-large-en-v1.5,2,B1_raw,400,0.85015,0.8423159166255653,0.215,0.435
XSTest,HarmBench,bge-large-en-v1.5,2,B1b_SigmaT,400,0.860675,0.8459894322423469,0.26,0.41
XSTest,HarmBench,bge-large-en-v1.5,2,B1w_SigmaW,400,0.8622000000000001,0.8475478016204842,0.17,0.455
XSTest,HarmBench,bge-large-en-v1.5,2,DELONG_B1w_vs_A1,400,0.18578873694682674,,,
XSTest,Wild,bge-large-en-v1.5,3,A1_raw,400,0.7153875,0.6927952127711929,0.035,0.135
XSTest,Wild,bge-large-en-v1.5,3,B1_raw,400,0.5318625,0.5259261878684038,0.005,0.07
XSTest,Wild,bge-large-en-v1.5,3,B1b_SigmaT,400,0.61715,0.5795381699182122,0.0,0.085
XSTest,Wild,bge-large-en-v1.5,3,B1w_SigmaW,400,0.60445,0.574049932674652,0.005,0.09
XSTest,Wild,bge-large-en-v1.5,3,DELONG_B1w_vs_A1,400,0.00016977817521679484,,,
XSTest,ToxicChat,bge-large-en-v1.5,3,A1_raw,400,0.8146249999999999,0.8257286218047042,0.17,0.45
XSTest,ToxicChat,bge-large-en-v1.5,3,B1_raw,400,0.729625,0.7326294847165594,0.125,0.205
XSTest,ToxicChat,bge-large-en-v1.5,3,B1b_SigmaT,400,0.592525,0.596179811188337,0.04,0.09
XSTest,ToxicChat,bge-large-en-v1.5,3,B1w_SigmaW,400,0.6222,0.6263146564419642,0.06,0.13
XSTest,ToxicChat,bge-large-en-v1.5,3,DELONG_B1w_vs_A1,400,7.79989406396453e-11,,,
XSTest,XSTest,bge-large-en-v1.5,3,A1_raw,400,0.8020499999999999,0.8399269292438819,0.345,0.525
XSTest,XSTest,bge-large-en-v1.5,3,B1_raw,400,0.8384,0.8620670588129704,0.425,0.59
XSTest,XSTest,bge-large-en-v1.5,3,B1b_SigmaT,400,1.0,1.0,1.0,1.0
XSTest,XSTest,bge-large-en-v1.5,3,B1w_SigmaW,400,1.0,1.0,1.0,1.0
XSTest,XSTest,bge-large-en-v1.5,3,DELONG_B1w_vs_A1,400,0.0,,,
XSTest,AdvBench,bge-large-en-v1.5,3,A1_raw,400,0.9884499999999999,0.9893021998507764,0.845,0.935
XSTest,AdvBench,bge-large-en-v1.5,3,B1_raw,400,0.9909000000000001,0.9919925127568999,0.925,0.95
XSTest,AdvBench,bge-large-en-v1.5,3,B1b_SigmaT,400,0.922875,0.9209995926745126,0.365,0.62
XSTest,AdvBench,bge-large-en-v1.5,3,B1w_SigmaW,400,0.93975,0.939588318424143,0.4,0.69
XSTest,AdvBench,bge-large-en-v1.5,3,DELONG_B1w_vs_A1,400,1.772912799014037e-06,,,
XSTest,HarmBench,bge-large-en-v1.5,3,A1_raw,400,0.8939,0.8986949003350275,0.46,0.535
XSTest,HarmBench,bge-large-en-v1.5,3,B1_raw,400,0.8458249999999999,0.8569566148846881,0.35,0.48
XSTest,HarmBench,bge-large-en-v1.5,3,B1b_SigmaT,400,0.8545750000000001,0.847025915246338,0.145,0.45
XSTest,HarmBench,bge-large-en-v1.5,3,B1w_SigmaW,400,0.858425,0.8564747235528419,0.215,0.515
XSTest,HarmBench,bge-large-en-v1.5,3,DELONG_B1w_vs_A1,400,0.07717932172437769,,,
XSTest,Wild,bge-large-en-v1.5,4,A1_raw,400,0.6680749999999999,0.6625885660844513,0.02,0.12
XSTest,Wild,bge-large-en-v1.5,4,B1_raw,400,0.52905,0.5290459012721281,0.03,0.065
XSTest,Wild,bge-large-en-v1.5,4,B1b_SigmaT,400,0.542625,0.5197336501902199,0.005,0.04
XSTest,Wild,bge-large-en-v1.5,4,B1w_SigmaW,400,0.540475,0.5174433487335384,0.0,0.04
XSTest,Wild,bge-large-en-v1.5,4,DELONG_B1w_vs_A1,400,2.7149830810424547e-05,,,
XSTest,ToxicChat,bge-large-en-v1.5,4,A1_raw,400,0.8093249999999999,0.820488089674955,0.215,0.41
XSTest,ToxicChat,bge-large-en-v1.5,4,B1_raw,400,0.7044999999999999,0.7055581685883808,0.11,0.17
XSTest,ToxicChat,bge-large-en-v1.5,4,B1b_SigmaT,400,0.61095,0.6245212955541412,0.075,0.125
XSTest,ToxicChat,bge-large-en-v1.5,4,B1w_SigmaW,400,0.625975,0.6413861715987782,0.09,0.16
XSTest,ToxicChat,bge-large-en-v1.5,4,DELONG_B1w_vs_A1,400,2.1910782077583235e-09,,,
XSTest,XSTest,bge-large-en-v1.5,4,A1_raw,400,0.7944250000000002,0.8355518106851505,0.345,0.51
XSTest,XSTest,bge-large-en-v1.5,4,B1_raw,400,0.8347,0.860130709306445,0.44,0.555
XSTest,XSTest,bge-large-en-v1.5,4,B1b_SigmaT,400,1.0,1.0,1.0,1.0
XSTest,XSTest,bge-large-en-v1.5,4,B1w_SigmaW,400,1.0,1.0,1.0,1.0
XSTest,XSTest,bge-large-en-v1.5,4,DELONG_B1w_vs_A1,400,0.0,,,
XSTest,AdvBench,bge-large-en-v1.5,4,A1_raw,400,0.9824999999999999,0.9833829974050314,0.78,0.885
XSTest,AdvBench,bge-large-en-v1.5,4,B1_raw,400,0.988225,0.9889320760094201,0.835,0.93
XSTest,AdvBench,bge-large-en-v1.5,4,B1b_SigmaT,400,0.925125,0.9259772713403717,0.395,0.635
XSTest,AdvBench,bge-large-en-v1.5,4,B1w_SigmaW,400,0.94205,0.9421658641211563,0.445,0.67
XSTest,AdvBench,bge-large-en-v1.5,4,DELONG_B1w_vs_A1,400,4.462901800428298e-05,,,
XSTest,HarmBench,bge-large-en-v1.5,4,A1_raw,400,0.8781,0.8724984718408266,0.32,0.46
XSTest,HarmBench,bge-large-en-v1.5,4,B1_raw,400,0.8435,0.8429433832957709,0.275,0.45
XSTest,HarmBench,bge-large-en-v1.5,4,B1b_SigmaT,400,0.8259000000000001,0.8327368861157756,0.165,0.52
XSTest,HarmBench,bge-large-en-v1.5,4,B1w_SigmaW,400,0.834,0.8382802678856311,0.175,0.48
XSTest,HarmBench,bge-large-en-v1.5,4,DELONG_B1w_vs_A1,400,0.01970244137651589,,,
XSTest,Wild,Qwen3-Embedding-8B,0,A1_raw,400,0.7675375,0.7655995712663648,0.115,0.3
XSTest,Wild,Qwen3-Embedding-8B,0,B1_raw,400,0.7826375000000001,0.7791314841231654,0.18,0.33
XSTest,Wild,Qwen3-Embedding-8B,0,B1b_SigmaT,400,0.6593875,0.6891036652398134,0.13,0.215
XSTest,Wild,Qwen3-Embedding-8B,0,B1w_SigmaW,400,0.664025,0.6930679915945326,0.105,0.22
XSTest,Wild,Qwen3-Embedding-8B,0,DELONG_B1w_vs_A1,400,4.6450329820313385e-06,,,
XSTest,ToxicChat,Qwen3-Embedding-8B,0,A1_raw,400,0.628325,0.6746047328716982,0.09,0.215
XSTest,ToxicChat,Qwen3-Embedding-8B,0,B1_raw,400,0.818025,0.8257568039955283,0.105,0.395
XSTest,ToxicChat,Qwen3-Embedding-8B,0,B1b_SigmaT,400,0.6958249999999999,0.7015027465363038,0.065,0.21
XSTest,ToxicChat,Qwen3-Embedding-8B,0,B1w_SigmaW,400,0.7016249999999999,0.7092716140591895,0.08,0.19
XSTest,ToxicChat,Qwen3-Embedding-8B,0,DELONG_B1w_vs_A1,400,0.005427977039040632,,,
XSTest,XSTest,Qwen3-Embedding-8B,0,A1_raw,400,0.7986249999999999,0.8437516082656538,0.445,0.57
XSTest,XSTest,Qwen3-Embedding-8B,0,B1_raw,400,0.897375,0.9068010095202187,0.445,0.645
XSTest,XSTest,Qwen3-Embedding-8B,0,B1b_SigmaT,400,1.0,1.0,1.0,1.0
XSTest,XSTest,Qwen3-Embedding-8B,0,B1w_SigmaW,400,1.0,1.0,1.0,1.0
XSTest,XSTest,Qwen3-Embedding-8B,0,DELONG_B1w_vs_A1,400,0.0,,,
XSTest,AdvBench,Qwen3-Embedding-8B,0,A1_raw,400,0.8921,0.8933621526092119,0.355,0.5
XSTest,AdvBench,Qwen3-Embedding-8B,0,B1_raw,400,0.9984999999999999,0.9986346224466192,0.98,0.99
XSTest,AdvBench,Qwen3-Embedding-8B,0,B1b_SigmaT,400,0.9479,0.9379777405312184,0.26,0.73
XSTest,AdvBench,Qwen3-Embedding-8B,0,B1w_SigmaW,400,0.95985,0.9525916002084869,0.33,0.795
XSTest,AdvBench,Qwen3-Embedding-8B,0,DELONG_B1w_vs_A1,400,5.093470054884364e-05,,,
XSTest,HarmBench,Qwen3-Embedding-8B,0,A1_raw,400,0.6461749999999999,0.6941230483069034,0.085,0.22
XSTest,HarmBench,Qwen3-Embedding-8B,0,B1_raw,400,0.8763,0.9057846669171967,0.455,0.645
XSTest,HarmBench,Qwen3-Embedding-8B,0,B1b_SigmaT,400,0.7907250000000001,0.8045741626602203,0.19,0.38
XSTest,HarmBench,Qwen3-Embedding-8B,0,B1w_SigmaW,400,0.806925,0.8239657053804766,0.22,0.45
XSTest,HarmBench,Qwen3-Embedding-8B,0,DELONG_B1w_vs_A1,400,3.0931990302462964e-10,,,
XSTest,Wild,Qwen3-Embedding-8B,1,A1_raw,400,0.720525,0.740334339636456,0.175,0.315
XSTest,Wild,Qwen3-Embedding-8B,1,B1_raw,400,0.7259249999999999,0.7335499900372943,0.105,0.27
XSTest,Wild,Qwen3-Embedding-8B,1,B1b_SigmaT,400,0.6071500000000001,0.6375017066471285,0.095,0.155
XSTest,Wild,Qwen3-Embedding-8B,1,B1w_SigmaW,400,0.612525,0.6428129934221138,0.095,0.16
XSTest,Wild,Qwen3-Embedding-8B,1,DELONG_B1w_vs_A1,400,2.983982543502961e-06,,,
XSTest,ToxicChat,Qwen3-Embedding-8B,1,A1_raw,400,0.6237625,0.6648639733679983,0.11,0.185
XSTest,ToxicChat,Qwen3-Embedding-8B,1,B1_raw,400,0.8053,0.8307028796518529,0.175,0.455
XSTest,ToxicChat,Qwen3-Embedding-8B,1,B1b_SigmaT,400,0.5923499999999999,0.6232626754947659,0.05,0.185
XSTest,ToxicChat,Qwen3-Embedding-8B,1,B1w_SigmaW,400,0.6004750000000001,0.6350255237681168,0.07,0.195
XSTest,ToxicChat,Qwen3-Embedding-8B,1,DELONG_B1w_vs_A1,400,0.3791741282746921,,,
XSTest,XSTest,Qwen3-Embedding-8B,1,A1_raw,400,0.8034250000000001,0.8419278530906126,0.43,0.565
XSTest,XSTest,Qwen3-Embedding-8B,1,B1_raw,400,0.889775,0.8991702905343026,0.43,0.62
XSTest,XSTest,Qwen3-Embedding-8B,1,B1b_SigmaT,400,1.0,1.0,1.0,1.0
XSTest,XSTest,Qwen3-Embedding-8B,1,B1w_SigmaW,400,1.0,1.0,1.0,1.0
XSTest,XSTest,Qwen3-Embedding-8B,1,DELONG_B1w_vs_A1,400,0.0,,,
XSTest,AdvBench,Qwen3-Embedding-8B,1,A1_raw,400,0.8736,0.8689075453374008,0.24,0.44
XSTest,AdvBench,Qwen3-Embedding-8B,1,B1_raw,400,0.998175,0.9984178871942053,0.98,0.99
XSTest,AdvBench,Qwen3-Embedding-8B,1,B1b_SigmaT,400,0.93945,0.9320537799307237,0.26,0.71
XSTest,AdvBench,Qwen3-Embedding-8B,1,B1w_SigmaW,400,0.9551000000000001,0.9500454278455381,0.345,0.785
XSTest,AdvBench,Qwen3-Embedding-8B,1,DELONG_B1w_vs_A1,400,2.558076119596464e-06,,,
XSTest,HarmBench,Qwen3-Embedding-8B,1,A1_raw,400,0.662075,0.7142423577134657,0.14,0.245
XSTest,HarmBench,Qwen3-Embedding-8B,1,B1_raw,400,0.8817250000000001,0.913880999841308,0.495,0.7
XSTest,HarmBench,Qwen3-Embedding-8B,1,B1b_SigmaT,400,0.813,0.8257229666927858,0.17,0.46
XSTest,HarmBench,Qwen3-Embedding-8B,1,B1w_SigmaW,400,0.8291999999999999,0.8469602370306684,0.195,0.505
XSTest,HarmBench,Qwen3-Embedding-8B,1,DELONG_B1w_vs_A1,400,8.589151612170554e-11,,,
XSTest,Wild,Qwen3-Embedding-8B,2,A1_raw,400,0.73645,0.7440739094365417,0.085,0.28
XSTest,Wild,Qwen3-Embedding-8B,2,B1_raw,400,0.748625,0.7448758287680828,0.08,0.285
XSTest,Wild,Qwen3-Embedding-8B,2,B1b_SigmaT,400,0.62045,0.6374089938953348,0.02,0.205
XSTest,Wild,Qwen3-Embedding-8B,2,B1w_SigmaW,400,0.6223749999999999,0.638047408741141,0.02,0.205
XSTest,Wild,Qwen3-Embedding-8B,2,DELONG_B1w_vs_A1,400,2.1870936398604712e-05,,,
XSTest,ToxicChat,Qwen3-Embedding-8B,2,A1_raw,400,0.597125,0.6308059958051695,0.06,0.185
XSTest,ToxicChat,Qwen3-Embedding-8B,2,B1_raw,400,0.7989999999999999,0.8287391723364252,0.23,0.465
XSTest,ToxicChat,Qwen3-Embedding-8B,2,B1b_SigmaT,400,0.60365,0.6340861368847186,0.065,0.18
XSTest,ToxicChat,Qwen3-Embedding-8B,2,B1w_SigmaW,400,0.6097,0.6417018589042084,0.075,0.18
XSTest,ToxicChat,Qwen3-Embedding-8B,2,DELONG_B1w_vs_A1,400,0.6681486135123551,,,
XSTest,XSTest,Qwen3-Embedding-8B,2,A1_raw,400,0.8022999999999999,0.8419171671341937,0.43,0.565
XSTest,XSTest,Qwen3-Embedding-8B,2,B1_raw,400,0.886825,0.8999565100567195,0.425,0.66
XSTest,XSTest,Qwen3-Embedding-8B,2,B1b_SigmaT,400,1.0,1.0,1.0,1.0
XSTest,XSTest,Qwen3-Embedding-8B,2,B1w_SigmaW,400,1.0,1.0,1.0,1.0
XSTest,XSTest,Qwen3-Embedding-8B,2,DELONG_B1w_vs_A1,400,0.0,,,
XSTest,AdvBench,Qwen3-Embedding-8B,2,A1_raw,400,0.874325,0.8566246170959122,0.12,0.39
XSTest,AdvBench,Qwen3-Embedding-8B,2,B1_raw,400,0.99805,0.9983793713789736,0.985,0.99
XSTest,AdvBench,Qwen3-Embedding-8B,2,B1b_SigmaT,400,0.8894,0.8957172040023883,0.305,0.61
XSTest,AdvBench,Qwen3-Embedding-8B,2,B1w_SigmaW,400,0.9145,0.921417624973262,0.445,0.68
XSTest,AdvBench,Qwen3-Embedding-8B,2,DELONG_B1w_vs_A1,400,0.0499697632256173,,,
XSTest,HarmBench,Qwen3-Embedding-8B,2,A1_raw,400,0.6381999999999999,0.6786100609062833,0.075,0.175
XSTest,HarmBench,Qwen3-Embedding-8B,2,B1_raw,400,0.8598500000000001,0.8935879739134374,0.435,0.63
XSTest,HarmBench,Qwen3-Embedding-8B,2,B1b_SigmaT,400,0.7442749999999999,0.7730229166611801,0.205,0.35
XSTest,HarmBench,Qwen3-Embedding-8B,2,B1w_SigmaW,400,0.7658000000000001,0.7950778814976697,0.265,0.365
XSTest,HarmBench,Qwen3-Embedding-8B,2,DELONG_B1w_vs_A1,400,4.2206668191546726e-06,,,
XSTest,Wild,Qwen3-Embedding-8B,3,A1_raw,400,0.7915874999999999,0.7840557217374382,0.14,0.335
XSTest,Wild,Qwen3-Embedding-8B,3,B1_raw,400,0.8014875,0.7937674481818076,0.09,0.355
XSTest,Wild,Qwen3-Embedding-8B,3,B1b_SigmaT,400,0.673225,0.6696432976757483,0.035,0.215
XSTest,Wild,Qwen3-Embedding-8B,3,B1w_SigmaW,400,0.6767250000000001,0.6747109984148407,0.035,0.205
XSTest,Wild,Qwen3-Embedding-8B,3,DELONG_B1w_vs_A1,400,1.71747713939574e-06,,,
XSTest,ToxicChat,Qwen3-Embedding-8B,3,A1_raw,400,0.604325,0.6272220131423898,0.06,0.145
XSTest,ToxicChat,Qwen3-Embedding-8B,3,B1_raw,400,0.8106749999999999,0.8294383230565506,0.2,0.425
XSTest,ToxicChat,Qwen3-Embedding-8B,3,B1b_SigmaT,400,0.5760500000000001,0.6161239290733257,0.09,0.135
XSTest,ToxicChat,Qwen3-Embedding-8B,3,B1w_SigmaW,400,0.586375,0.62868770984788,0.105,0.15
XSTest,ToxicChat,Qwen3-Embedding-8B,3,DELONG_B1w_vs_A1,400,0.4588905272056685,,,
XSTest,XSTest,Qwen3-Embedding-8B,3,A1_raw,400,0.8084250000000001,0.8505213918310508,0.485,0.57
XSTest,XSTest,Qwen3-Embedding-8B,3,B1_raw,400,0.8970250000000001,0.9071478254939662,0.44,0.67
XSTest,XSTest,Qwen3-Embedding-8B,3,B1b_SigmaT,400,1.0,1.0,1.0,1.0
XSTest,XSTest,Qwen3-Embedding-8B,3,B1w_SigmaW,400,1.0,1.0,1.0,1.0
XSTest,XSTest,Qwen3-Embedding-8B,3,DELONG_B1w_vs_A1,400,0.0,,,
XSTest,AdvBench,Qwen3-Embedding-8B,3,A1_raw,400,0.8858999999999999,0.8770109517469711,0.21,0.48
XSTest,AdvBench,Qwen3-Embedding-8B,3,B1_raw,400,0.999075,0.9991090836536148,0.98,0.995
XSTest,AdvBench,Qwen3-Embedding-8B,3,B1b_SigmaT,400,0.9453249999999999,0.9418714540661237,0.305,0.75
XSTest,AdvBench,Qwen3-Embedding-8B,3,B1w_SigmaW,400,0.9579,0.956960204184083,0.36,0.81
XSTest,AdvBench,Qwen3-Embedding-8B,3,DELONG_B1w_vs_A1,400,1.2730090404033945e-05,,,
XSTest,HarmBench,Qwen3-Embedding-8B,3,A1_raw,400,0.68315,0.71366102406911,0.085,0.22
XSTest,HarmBench,Qwen3-Embedding-8B,3,B1_raw,400,0.89165,0.91738985162716,0.555,0.695
XSTest,HarmBench,Qwen3-Embedding-8B,3,B1b_SigmaT,400,0.8269,0.8393696412884684,0.265,0.4
XSTest,HarmBench,Qwen3-Embedding-8B,3,B1w_SigmaW,400,0.8412750000000001,0.8557198438088993,0.335,0.485
XSTest,HarmBench,Qwen3-Embedding-8B,3,DELONG_B1w_vs_A1,400,2.045505986814078e-10,,,
XSTest,Wild,Qwen3-Embedding-8B,4,A1_raw,400,0.6667624999999999,0.6781166630130131,0.06,0.175
XSTest,Wild,Qwen3-Embedding-8B,4,B1_raw,400,0.6912625000000001,0.7097019184320599,0.135,0.255
XSTest,Wild,Qwen3-Embedding-8B,4,B1b_SigmaT,400,0.5973875,0.632283435527101,0.08,0.185
XSTest,Wild,Qwen3-Embedding-8B,4,B1w_SigmaW,400,0.5950875,0.6310541235343816,0.075,0.185
XSTest,Wild,Qwen3-Embedding-8B,4,DELONG_B1w_vs_A1,400,0.007831336089191732,,,
XSTest,ToxicChat,Qwen3-Embedding-8B,4,A1_raw,400,0.63605,0.6520331894463907,0.09,0.165
XSTest,ToxicChat,Qwen3-Embedding-8B,4,B1_raw,400,0.789725,0.8139348625066818,0.22,0.42
XSTest,ToxicChat,Qwen3-Embedding-8B,4,B1b_SigmaT,400,0.5906500000000001,0.6301179830822601,0.115,0.16
XSTest,ToxicChat,Qwen3-Embedding-8B,4,B1w_SigmaW,400,0.590825,0.6345451089788272,0.12,0.175
XSTest,ToxicChat,Qwen3-Embedding-8B,4,DELONG_B1w_vs_A1,400,0.08599830120095331,,,
XSTest,XSTest,Qwen3-Embedding-8B,4,A1_raw,400,0.7958500000000001,0.8389611858457415,0.435,0.565
XSTest,XSTest,Qwen3-Embedding-8B,4,B1_raw,400,0.895175,0.9049417032406961,0.47,0.67
XSTest,XSTest,Qwen3-Embedding-8B,4,B1b_SigmaT,400,1.0,1.0,1.0,1.0
XSTest,XSTest,Qwen3-Embedding-8B,4,B1w_SigmaW,400,1.0,1.0,1.0,1.0
XSTest,XSTest,Qwen3-Embedding-8B,4,DELONG_B1w_vs_A1,400,0.0,,,
XSTest,AdvBench,Qwen3-Embedding-8B,4,A1_raw,400,0.88155,0.8723235753672155,0.14,0.455
XSTest,AdvBench,Qwen3-Embedding-8B,4,B1_raw,400,0.9985250000000001,0.9987047900309975,0.98,0.995
XSTest,AdvBench,Qwen3-Embedding-8B,4,B1b_SigmaT,400,0.93615,0.925509890643077,0.23,0.685
XSTest,AdvBench,Qwen3-Embedding-8B,4,B1w_SigmaW,400,0.9467249999999999,0.9384284014785707,0.27,0.7
XSTest,AdvBench,Qwen3-Embedding-8B,4,DELONG_B1w_vs_A1,400,0.000223741175876091,,,
XSTest,HarmBench,Qwen3-Embedding-8B,4,A1_raw,400,0.6554,0.6823248162003055,0.08,0.15
XSTest,HarmBench,Qwen3-Embedding-8B,4,B1_raw,400,0.8591,0.8938836838013314,0.48,0.615
XSTest,HarmBench,Qwen3-Embedding-8B,4,B1b_SigmaT,400,0.7816500000000001,0.7959977669654491,0.185,0.36
XSTest,HarmBench,Qwen3-Embedding-8B,4,B1w_SigmaW,400,0.792675,0.8083412283738014,0.175,0.395
XSTest,HarmBench,Qwen3-Embedding-8B,4,DELONG_B1w_vs_A1,400,1.477024020868356e-07,,,
AdvBench,Wild,all-mpnet-base-v2,0,A1_raw,400,0.51115,0.5163339548209254,0.015,0.06
AdvBench,Wild,all-mpnet-base-v2,0,B1_raw,400,0.6606749999999999,0.6427000184294696,0.055,0.135
AdvBench,Wild,all-mpnet-base-v2,0,B1b_SigmaT,400,0.659975,0.650796314559478,0.025,0.19
AdvBench,Wild,all-mpnet-base-v2,0,B1w_SigmaW,400,0.6672500000000001,0.6534949578634993,0.03,0.155
AdvBench,Wild,all-mpnet-base-v2,0,DELONG_B1w_vs_A1,400,2.976687740741113e-08,,,
AdvBench,ToxicChat,all-mpnet-base-v2,0,A1_raw,400,0.7901499999999999,0.7790214373212647,0.155,0.265
AdvBench,ToxicChat,all-mpnet-base-v2,0,B1_raw,400,0.8014000000000001,0.7951068890535343,0.165,0.325
AdvBench,ToxicChat,all-mpnet-base-v2,0,B1b_SigmaT,400,0.7638750000000001,0.7731748394083685,0.175,0.295
AdvBench,ToxicChat,all-mpnet-base-v2,0,B1w_SigmaW,400,0.7826499999999998,0.7849878679337972,0.195,0.32
AdvBench,ToxicChat,all-mpnet-base-v2,0,DELONG_B1w_vs_A1,400,0.7496991374618385,,,
AdvBench,XSTest,all-mpnet-base-v2,0,A1_raw,400,0.7528250000000001,0.7744379100592563,0.095,0.39
AdvBench,XSTest,all-mpnet-base-v2,0,B1_raw,400,0.7746249999999999,0.8010171759965841,0.11,0.42
AdvBench,XSTest,all-mpnet-base-v2,0,B1b_SigmaT,400,0.7591,0.7887590226150158,0.15,0.385
AdvBench,XSTest,all-mpnet-base-v2,0,B1w_SigmaW,400,0.7743249999999999,0.7950364748633151,0.12,0.375
AdvBench,XSTest,all-mpnet-base-v2,0,DELONG_B1w_vs_A1,400,0.09775394205474996,,,
AdvBench,AdvBench,all-mpnet-base-v2,0,A1_raw,400,0.997025,0.9973170660340174,0.965,0.98
AdvBench,AdvBench,all-mpnet-base-v2,0,B1_raw,400,0.999375,0.9993811894618575,0.975,1.0
AdvBench,AdvBench,all-mpnet-base-v2,0,B1b_SigmaT,400,1.0,1.0,1.0,1.0
AdvBench,AdvBench,all-mpnet-base-v2,0,B1w_SigmaW,400,1.0,1.0,1.0,1.0
AdvBench,AdvBench,all-mpnet-base-v2,0,DELONG_B1w_vs_A1,400,0.038985385339127765,,,
AdvBench,HarmBench,all-mpnet-base-v2,0,A1_raw,400,0.8731749999999999,0.8659119474621174,0.3,0.45
AdvBench,HarmBench,all-mpnet-base-v2,0,B1_raw,400,0.958325,0.9546911062945836,0.5,0.795
AdvBench,HarmBench,all-mpnet-base-v2,0,B1b_SigmaT,400,0.931075,0.9393262048168853,0.565,0.74
AdvBench,HarmBench,all-mpnet-base-v2,0,B1w_SigmaW,400,0.9506000000000001,0.9529436157410567,0.575,0.71
AdvBench,HarmBench,all-mpnet-base-v2,0,DELONG_B1w_vs_A1,400,6.232681748485902e-07,,,
AdvBench,Wild,all-mpnet-base-v2,1,A1_raw,400,0.5329625,0.5309089734698957,0.02,0.065
AdvBench,Wild,all-mpnet-base-v2,1,B1_raw,400,0.6615625,0.6532198639733588,0.065,0.185
AdvBench,Wild,all-mpnet-base-v2,1,B1b_SigmaT,400,0.6415,0.6393398606005349,0.015,0.16
AdvBench,Wild,all-mpnet-base-v2,1,B1w_SigmaW,400,0.6563,0.6563440646621325,0.04,0.16
AdvBench,Wild,all-mpnet-base-v2,1,DELONG_B1w_vs_A1,400,2.7404191041080495e-05,,,
AdvBench,ToxicChat,all-mpnet-base-v2,1,A1_raw,400,0.8065000000000001,0.7996139089670664,0.12,0.355
AdvBench,ToxicChat,all-mpnet-base-v2,1,B1_raw,400,0.7900750000000001,0.800707983857218,0.265,0.43
AdvBench,ToxicChat,all-mpnet-base-v2,1,B1b_SigmaT,400,0.6786749999999999,0.7029416913346395,0.185,0.24
AdvBench,ToxicChat,all-mpnet-base-v2,1,B1w_SigmaW,400,0.693025,0.7168183725865401,0.175,0.265
AdvBench,ToxicChat,all-mpnet-base-v2,1,DELONG_B1w_vs_A1,400,1.2623724733984432e-05,,,
AdvBench,XSTest,all-mpnet-base-v2,1,A1_raw,400,0.7660250000000001,0.7834416350834301,0.115,0.375
AdvBench,XSTest,all-mpnet-base-v2,1,B1_raw,400,0.786025,0.804565861357722,0.11,0.375
AdvBench,XSTest,all-mpnet-base-v2,1,B1b_SigmaT,400,0.742375,0.7620972335642412,0.12,0.285
AdvBench,XSTest,all-mpnet-base-v2,1,B1w_SigmaW,400,0.76055,0.778539074764419,0.13,0.395
AdvBench,XSTest,all-mpnet-base-v2,1,DELONG_B1w_vs_A1,400,0.6871764813365753,,,
AdvBench,AdvBench,all-mpnet-base-v2,1,A1_raw,400,0.9957,0.9963556440904829,0.965,0.98
AdvBench,AdvBench,all-mpnet-base-v2,1,B1_raw,400,0.99875,0.9988122319252752,0.975,0.99
AdvBench,AdvBench,all-mpnet-base-v2,1,B1b_SigmaT,400,1.0,1.0,1.0,1.0
AdvBench,AdvBench,all-mpnet-base-v2,1,B1w_SigmaW,400,1.0,1.0,1.0,1.0
AdvBench,AdvBench,all-mpnet-base-v2,1,DELONG_B1w_vs_A1,400,0.045311646472293354,,,
AdvBench,HarmBench,all-mpnet-base-v2,1,A1_raw,400,0.8676249999999999,0.8647703608899393,0.28,0.45
AdvBench,HarmBench,all-mpnet-base-v2,1,B1_raw,400,0.954825,0.9535941217174294,0.545,0.68
AdvBench,HarmBench,all-mpnet-base-v2,1,B1b_SigmaT,400,0.92165,0.9336515372928683,0.6,0.705
AdvBench,HarmBench,all-mpnet-base-v2,1,B1w_SigmaW,400,0.9379,0.9451729402632502,0.63,0.73
AdvBench,HarmBench,all-mpnet-base-v2,1,DELONG_B1w_vs_A1,400,2.553166415397712e-06,,,
AdvBench,Wild,all-mpnet-base-v2,2,A1_raw,400,0.48865,0.49843502188030014,0.02,0.025
AdvBench,Wild,all-mpnet-base-v2,2,B1_raw,400,0.610025,0.6291510025746785,0.055,0.175
AdvBench,Wild,all-mpnet-base-v2,2,B1b_SigmaT,400,0.6399750000000001,0.6578231540685278,0.07,0.175
AdvBench,Wild,all-mpnet-base-v2,2,B1w_SigmaW,400,0.6454000000000001,0.6663984326124078,0.06,0.21
AdvBench,Wild,all-mpnet-base-v2,2,DELONG_B1w_vs_A1,400,5.905737252565046e-07,,,
AdvBench,ToxicChat,all-mpnet-base-v2,2,A1_raw,400,0.8486999999999999,0.8533603564741143,0.28,0.46
AdvBench,ToxicChat,all-mpnet-base-v2,2,B1_raw,400,0.832775,0.8474044862569184,0.26,0.465
AdvBench,ToxicChat,all-mpnet-base-v2,2,B1b_SigmaT,400,0.720275,0.7426605437305387,0.16,0.285
AdvBench,ToxicChat,all-mpnet-base-v2,2,B1w_SigmaW,400,0.7421499999999999,0.7667905018436589,0.175,0.325
AdvBench,ToxicChat,all-mpnet-base-v2,2,DELONG_B1w_vs_A1,400,1.9000853672457296e-05,,,
AdvBench,XSTest,all-mpnet-base-v2,2,A1_raw,400,0.7598,0.7902539765889179,0.14,0.41
AdvBench,XSTest,all-mpnet-base-v2,2,B1_raw,400,0.77905,0.8102969821451523,0.155,0.525
AdvBench,XSTest,all-mpnet-base-v2,2,B1b_SigmaT,400,0.7393249999999999,0.7786656283907276,0.14,0.42
AdvBench,XSTest,all-mpnet-base-v2,2,B1w_SigmaW,400,0.753525,0.7939683424765015,0.13,0.485
AdvBench,XSTest,all-mpnet-base-v2,2,DELONG_B1w_vs_A1,400,0.6193007159003401,,,
AdvBench,AdvBench,all-mpnet-base-v2,2,A1_raw,400,0.9962,0.9967911862261767,0.96,0.98
AdvBench,AdvBench,all-mpnet-base-v2,2,B1_raw,400,0.99905,0.9991281741507212,0.99,0.995
AdvBench,AdvBench,all-mpnet-base-v2,2,B1b_SigmaT,400,1.0,1.0,1.0,1.0
AdvBench,AdvBench,all-mpnet-base-v2,2,B1w_SigmaW,400,1.0,1.0,1.0,1.0
AdvBench,AdvBench,all-mpnet-base-v2,2,DELONG_B1w_vs_A1,400,0.06495085009084356,,,
AdvBench,HarmBench,all-mpnet-base-v2,2,A1_raw,400,0.82545,0.8137828130634507,0.185,0.325
AdvBench,HarmBench,all-mpnet-base-v2,2,B1_raw,400,0.936825,0.9325896545213319,0.425,0.62
AdvBench,HarmBench,all-mpnet-base-v2,2,B1b_SigmaT,400,0.9347,0.9407625911513315,0.6,0.685
AdvBench,HarmBench,all-mpnet-base-v2,2,B1w_SigmaW,400,0.94445,0.9488319952026574,0.625,0.73
AdvBench,HarmBench,all-mpnet-base-v2,2,DELONG_B1w_vs_A1,400,6.678124719883272e-11,,,
AdvBench,Wild,all-mpnet-base-v2,3,A1_raw,400,0.5473,0.5363845871990602,0.015,0.06
AdvBench,Wild,all-mpnet-base-v2,3,B1_raw,400,0.695875,0.6719919586187413,0.03,0.115
AdvBench,Wild,all-mpnet-base-v2,3,B1b_SigmaT,400,0.66835,0.6530282965102849,0.03,0.165
AdvBench,Wild,all-mpnet-base-v2,3,B1w_SigmaW,400,0.694175,0.6839655274661545,0.04,0.18
AdvBench,Wild,all-mpnet-base-v2,3,DELONG_B1w_vs_A1,400,3.122477469919005e-07,,,
AdvBench,ToxicChat,all-mpnet-base-v2,3,A1_raw,400,0.80085,0.7982248375121642,0.15,0.36
AdvBench,ToxicChat,all-mpnet-base-v2,3,B1_raw,400,0.80005,0.8118093460568552,0.17,0.37
AdvBench,ToxicChat,all-mpnet-base-v2,3,B1b_SigmaT,400,0.7419749999999999,0.7618489547585079,0.195,0.295
AdvBench,ToxicChat,all-mpnet-base-v2,3,B1w_SigmaW,400,0.7565499999999998,0.7733208441813919,0.175,0.285
AdvBench,ToxicChat,all-mpnet-base-v2,3,DELONG_B1w_vs_A1,400,0.06978829134389075,,,
AdvBench,XSTest,all-mpnet-base-v2,3,A1_raw,400,0.765125,0.7929133729969315,0.125,0.425
AdvBench,XSTest,all-mpnet-base-v2,3,B1_raw,400,0.7852250000000001,0.8089416960182634,0.115,0.47
AdvBench,XSTest,all-mpnet-base-v2,3,B1b_SigmaT,400,0.7732,0.790161222138573,0.145,0.415
AdvBench,XSTest,all-mpnet-base-v2,3,B1w_SigmaW,400,0.7867999999999999,0.7989808155488596,0.115,0.46
AdvBench,XSTest,all-mpnet-base-v2,3,DELONG_B1w_vs_A1,400,0.11887266671223262,,,
AdvBench,AdvBench,all-mpnet-base-v2,3,A1_raw,400,0.9947999999999999,0.9952646909925233,0.935,0.97
AdvBench,AdvBench,all-mpnet-base-v2,3,B1_raw,400,0.99875,0.9987730107214112,0.975,0.995
AdvBench,AdvBench,all-mpnet-base-v2,3,B1b_SigmaT,400,1.0,1.0,1.0,1.0
AdvBench,AdvBench,all-mpnet-base-v2,3,B1w_SigmaW,400,1.0,1.0,1.0,1.0
AdvBench,AdvBench,all-mpnet-base-v2,3,DELONG_B1w_vs_A1,400,0.019357806765592844,,,
AdvBench,HarmBench,all-mpnet-base-v2,3,A1_raw,400,0.85595,0.8459187345483741,0.215,0.375
AdvBench,HarmBench,all-mpnet-base-v2,3,B1_raw,400,0.9545750000000001,0.9525621721347995,0.49,0.75
AdvBench,HarmBench,all-mpnet-base-v2,3,B1b_SigmaT,400,0.94965,0.957777285702709,0.7,0.83
AdvBench,HarmBench,all-mpnet-base-v2,3,B1w_SigmaW,400,0.956925,0.9634755335252025,0.735,0.83
AdvBench,HarmBench,all-mpnet-base-v2,3,DELONG_B1w_vs_A1,400,4.353184479555239e-09,,,
AdvBench,Wild,all-mpnet-base-v2,4,A1_raw,400,0.522775,0.5401535901944013,0.015,0.115
AdvBench,Wild,all-mpnet-base-v2,4,B1_raw,400,0.631625,0.6316554158684806,0.015,0.19
AdvBench,Wild,all-mpnet-base-v2,4,B1b_SigmaT,400,0.5968500000000001,0.6015133375933504,0.05,0.09
AdvBench,Wild,all-mpnet-base-v2,4,B1w_SigmaW,400,0.606525,0.6078800033084336,0.025,0.095
AdvBench,Wild,all-mpnet-base-v2,4,DELONG_B1w_vs_A1,400,0.006900020036562982,,,
AdvBench,ToxicChat,all-mpnet-base-v2,4,A1_raw,400,0.8027749999999999,0.7931913742889254,0.105,0.275
AdvBench,ToxicChat,all-mpnet-base-v2,4,B1_raw,400,0.79385,0.8030088290060954,0.18,0.345
AdvBench,ToxicChat,all-mpnet-base-v2,4,B1b_SigmaT,400,0.6361,0.6679934565995904,0.13,0.195
AdvBench,ToxicChat,all-mpnet-base-v2,4,B1w_SigmaW,400,0.654275,0.6829135918906422,0.155,0.19
AdvBench,ToxicChat,all-mpnet-base-v2,4,DELONG_B1w_vs_A1,400,8.056552269763984e-08,,,
AdvBench,XSTest,all-mpnet-base-v2,4,A1_raw,400,0.7498499999999999,0.775945180074549,0.115,0.415
AdvBench,XSTest,all-mpnet-base-v2,4,B1_raw,400,0.7716749999999999,0.8020909934121612,0.125,0.44
AdvBench,XSTest,all-mpnet-base-v2,4,B1b_SigmaT,400,0.7263999999999999,0.7639232984537612,0.145,0.355
AdvBench,XSTest,all-mpnet-base-v2,4,B1w_SigmaW,400,0.7416999999999999,0.7774471506417859,0.11,0.395
AdvBench,XSTest,all-mpnet-base-v2,4,DELONG_B1w_vs_A1,400,0.5210985946295021,,,
AdvBench,AdvBench,all-mpnet-base-v2,4,A1_raw,400,0.9968250000000001,0.9973691447186436,0.965,0.99
AdvBench,AdvBench,all-mpnet-base-v2,4,B1_raw,400,0.999375,0.9994199444376203,0.995,0.995
AdvBench,AdvBench,all-mpnet-base-v2,4,B1b_SigmaT,400,1.0,1.0,1.0,1.0
AdvBench,AdvBench,all-mpnet-base-v2,4,B1w_SigmaW,400,1.0,1.0,1.0,1.0
AdvBench,AdvBench,all-mpnet-base-v2,4,DELONG_B1w_vs_A1,400,0.11270149597369628,,,
AdvBench,HarmBench,all-mpnet-base-v2,4,A1_raw,400,0.84995,0.8383772190275418,0.18,0.375
AdvBench,HarmBench,all-mpnet-base-v2,4,B1_raw,400,0.9464750000000001,0.9434431562706945,0.52,0.655
AdvBench,HarmBench,all-mpnet-base-v2,4,B1b_SigmaT,400,0.914125,0.927428296738412,0.57,0.71
AdvBench,HarmBench,all-mpnet-base-v2,4,B1w_SigmaW,400,0.93425,0.9421004126136638,0.605,0.75
AdvBench,HarmBench,all-mpnet-base-v2,4,DELONG_B1w_vs_A1,400,1.1183513271006973e-06,,,
AdvBench,Wild,bge-base-en-v1.5,0,A1_raw,400,0.5899875000000001,0.5766072248453344,0.025,0.085
AdvBench,Wild,bge-base-en-v1.5,0,B1_raw,400,0.6806125000000001,0.6579534895769849,0.01,0.12
AdvBench,Wild,bge-base-en-v1.5,0,B1b_SigmaT,400,0.63665,0.6188252077793512,0.015,0.1
AdvBench,Wild,bge-base-en-v1.5,0,B1w_SigmaW,400,0.65065,0.6322472761689033,0.03,0.095
AdvBench,Wild,bge-base-en-v1.5,0,DELONG_B1w_vs_A1,400,0.07947202874238446,,,
AdvBench,ToxicChat,bge-base-en-v1.5,0,A1_raw,400,0.699375,0.6881813231255066,0.03,0.225
AdvBench,ToxicChat,bge-base-en-v1.5,0,B1_raw,400,0.6952499999999999,0.6600524851201341,0.02,0.13
AdvBench,ToxicChat,bge-base-en-v1.5,0,B1b_SigmaT,400,0.7697499999999999,0.7664251057040455,0.09,0.265
AdvBench,ToxicChat,bge-base-en-v1.5,0,B1w_SigmaW,400,0.77505,0.7705647400164365,0.105,0.3
AdvBench,ToxicChat,bge-base-en-v1.5,0,DELONG_B1w_vs_A1,400,0.013496353992766164,,,
AdvBench,XSTest,bge-base-en-v1.5,0,A1_raw,400,0.774325,0.7832483263809118,0.185,0.33
AdvBench,XSTest,bge-base-en-v1.5,0,B1_raw,400,0.7581749999999999,0.7748552243018436,0.14,0.27
AdvBench,XSTest,bge-base-en-v1.5,0,B1b_SigmaT,400,0.7277500000000001,0.7517267299966145,0.16,0.28
AdvBench,XSTest,bge-base-en-v1.5,0,B1w_SigmaW,400,0.7333000000000001,0.7574914730023258,0.125,0.36
AdvBench,XSTest,bge-base-en-v1.5,0,DELONG_B1w_vs_A1,400,0.025008940677903047,,,
AdvBench,AdvBench,bge-base-en-v1.5,0,A1_raw,400,0.993375,0.9946009320293896,0.935,0.975
AdvBench,AdvBench,bge-base-en-v1.5,0,B1_raw,400,0.999175,0.9992136119832049,0.99,0.995
AdvBench,AdvBench,bge-base-en-v1.5,0,B1b_SigmaT,400,1.0,1.0,1.0,1.0
AdvBench,AdvBench,bge-base-en-v1.5,0,B1w_SigmaW,400,1.0,1.0,1.0,1.0
AdvBench,AdvBench,bge-base-en-v1.5,0,DELONG_B1w_vs_A1,400,0.03412613346637272,,,
AdvBench,HarmBench,bge-base-en-v1.5,0,A1_raw,400,0.8621,0.860073779081597,0.25,0.42
AdvBench,HarmBench,bge-base-en-v1.5,0,B1_raw,400,0.909775,0.902323194611172,0.335,0.6
AdvBench,HarmBench,bge-base-en-v1.5,0,B1b_SigmaT,400,0.924925,0.9247819723552627,0.3,0.67
AdvBench,HarmBench,bge-base-en-v1.5,0,B1w_SigmaW,400,0.934075,0.9361264955296446,0.39,0.695
AdvBench,HarmBench,bge-base-en-v1.5,0,DELONG_B1w_vs_A1,400,1.6472677910828182e-05,,,
AdvBench,Wild,bge-base-en-v1.5,1,A1_raw,400,0.5266625,0.5383584657118426,0.05,0.09
AdvBench,Wild,bge-base-en-v1.5,1,B1_raw,400,0.6588125,0.64736990822232,0.04,0.15
AdvBench,Wild,bge-base-en-v1.5,1,B1b_SigmaT,400,0.6313125,0.6347796787133384,0.025,0.15
AdvBench,Wild,bge-base-en-v1.5,1,B1w_SigmaW,400,0.6300625,0.6191193873148281,0.02,0.12
AdvBench,Wild,bge-base-en-v1.5,1,DELONG_B1w_vs_A1,400,0.005884995747435395,,,
AdvBench,ToxicChat,bge-base-en-v1.5,1,A1_raw,400,0.6738,0.677318521891322,0.06,0.175
AdvBench,ToxicChat,bge-base-en-v1.5,1,B1_raw,400,0.6631999999999999,0.6537641947612136,0.045,0.17
AdvBench,ToxicChat,bge-base-en-v1.5,1,B1b_SigmaT,400,0.6568,0.6555681964265515,0.065,0.17
AdvBench,ToxicChat,bge-base-en-v1.5,1,B1w_SigmaW,400,0.668575,0.6638178581895475,0.08,0.15
AdvBench,ToxicChat,bge-base-en-v1.5,1,DELONG_B1w_vs_A1,400,0.8718224132260501,,,
AdvBench,XSTest,bge-base-en-v1.5,1,A1_raw,400,0.7770250000000001,0.772433353776137,0.09,0.29
AdvBench,XSTest,bge-base-en-v1.5,1,B1_raw,400,0.76465,0.7742641031897108,0.14,0.3
AdvBench,XSTest,bge-base-en-v1.5,1,B1b_SigmaT,400,0.6853750000000001,0.7077922891795254,0.14,0.23
AdvBench,XSTest,bge-base-en-v1.5,1,B1w_SigmaW,400,0.7223499999999999,0.7412048776997034,0.125,0.27
AdvBench,XSTest,bge-base-en-v1.5,1,DELONG_B1w_vs_A1,400,0.012462276053568644,,,
AdvBench,AdvBench,bge-base-en-v1.5,1,A1_raw,400,0.9955999999999999,0.9959102250891337,0.95,0.97
AdvBench,AdvBench,bge-base-en-v1.5,1,B1_raw,400,0.999,0.9990259294820023,0.975,1.0
AdvBench,AdvBench,bge-base-en-v1.5,1,B1b_SigmaT,400,1.0,1.0,1.0,1.0
AdvBench,AdvBench,bge-base-en-v1.5,1,B1w_SigmaW,400,1.0,1.0,1.0,1.0
AdvBench,AdvBench,bge-base-en-v1.5,1,DELONG_B1w_vs_A1,400,0.00967339368862885,,,
AdvBench,HarmBench,bge-base-en-v1.5,1,A1_raw,400,0.863575,0.8616703011871674,0.315,0.435
AdvBench,HarmBench,bge-base-en-v1.5,1,B1_raw,400,0.9082,0.9092307471432338,0.335,0.635
AdvBench,HarmBench,bge-base-en-v1.5,1,B1b_SigmaT,400,0.9538,0.9562261179672933,0.555,0.79
AdvBench,HarmBench,bge-base-en-v1.5,1,B1w_SigmaW,400,0.9569000000000001,0.959763542040242,0.65,0.79
AdvBench,HarmBench,bge-base-en-v1.5,1,DELONG_B1w_vs_A1,400,2.731964943158971e-08,,,
AdvBench,Wild,bge-base-en-v1.5,2,A1_raw,400,0.5582,0.547252879000363,0.015,0.085
AdvBench,Wild,bge-base-en-v1.5,2,B1_raw,400,0.641625,0.6547901052890179,0.035,0.245
AdvBench,Wild,bge-base-en-v1.5,2,B1b_SigmaT,400,0.65455,0.669150681382312,0.055,0.2
AdvBench,Wild,bge-base-en-v1.5,2,B1w_SigmaW,400,0.6765,0.6711773613984557,0.03,0.15
AdvBench,Wild,bge-base-en-v1.5,2,DELONG_B1w_vs_A1,400,0.0010352656544903027,,,
AdvBench,ToxicChat,bge-base-en-v1.5,2,A1_raw,400,0.7099500000000001,0.723253653265681,0.095,0.275
AdvBench,ToxicChat,bge-base-en-v1.5,2,B1_raw,400,0.6668499999999999,0.6800514548034464,0.125,0.205
AdvBench,ToxicChat,bge-base-en-v1.5,2,B1b_SigmaT,400,0.7330249999999999,0.755704266748076,0.185,0.285
AdvBench,ToxicChat,bge-base-en-v1.5,2,B1w_SigmaW,400,0.72015,0.7406929404712466,0.135,0.24
AdvBench,ToxicChat,bge-base-en-v1.5,2,DELONG_B1w_vs_A1,400,0.7529082298610126,,,
AdvBench,XSTest,bge-base-en-v1.5,2,A1_raw,400,0.769725,0.7602476486222878,0.08,0.28
AdvBench,XSTest,bge-base-en-v1.5,2,B1_raw,400,0.760875,0.7781639105193506,0.165,0.27
AdvBench,XSTest,bge-base-en-v1.5,2,B1b_SigmaT,400,0.7026749999999999,0.7062659871931023,0.075,0.205
AdvBench,XSTest,bge-base-en-v1.5,2,B1w_SigmaW,400,0.7223250000000001,0.7394852281200219,0.11,0.28
AdvBench,XSTest,bge-base-en-v1.5,2,DELONG_B1w_vs_A1,400,0.02568541463936569,,,
AdvBench,AdvBench,bge-base-en-v1.5,2,A1_raw,400,0.990275,0.9917093083869293,0.895,0.955
AdvBench,AdvBench,bge-base-en-v1.5,2,B1_raw,400,0.999,0.9990634022964393,0.985,0.99
AdvBench,AdvBench,bge-base-en-v1.5,2,B1b_SigmaT,400,1.0,1.0,1.0,1.0
AdvBench,AdvBench,bge-base-en-v1.5,2,B1w_SigmaW,400,1.0,1.0,1.0,1.0
AdvBench,AdvBench,bge-base-en-v1.5,2,DELONG_B1w_vs_A1,400,0.0056128109678328375,,,
AdvBench,HarmBench,bge-base-en-v1.5,2,A1_raw,400,0.830625,0.8197418368968246,0.21,0.35
AdvBench,HarmBench,bge-base-en-v1.5,2,B1_raw,400,0.8844,0.8796655231372095,0.2,0.6
AdvBench,HarmBench,bge-base-en-v1.5,2,B1b_SigmaT,400,0.948125,0.9483460251491931,0.5,0.715
AdvBench,HarmBench,bge-base-en-v1.5,2,B1w_SigmaW,400,0.951525,0.951786760775199,0.52,0.75
AdvBench,HarmBench,bge-base-en-v1.5,2,DELONG_B1w_vs_A1,400,3.940203718855173e-11,,,
AdvBench,Wild,bge-base-en-v1.5,3,A1_raw,400,0.5833625,0.5843057435852546,0.06,0.105
AdvBench,Wild,bge-base-en-v1.5,3,B1_raw,400,0.6941125,0.6780765996522218,0.02,0.155
AdvBench,Wild,bge-base-en-v1.5,3,B1b_SigmaT,400,0.68305,0.686718153051697,0.085,0.19
AdvBench,Wild,bge-base-en-v1.5,3,B1w_SigmaW,400,0.6982250000000001,0.6908763969567753,0.045,0.205
AdvBench,Wild,bge-base-en-v1.5,3,DELONG_B1w_vs_A1,400,0.0006259592499091582,,,
AdvBench,ToxicChat,bge-base-en-v1.5,3,A1_raw,400,0.6668250000000001,0.6673769056953363,0.05,0.14
AdvBench,ToxicChat,bge-base-en-v1.5,3,B1_raw,400,0.62995,0.6296415326197624,0.07,0.135
AdvBench,ToxicChat,bge-base-en-v1.5,3,B1b_SigmaT,400,0.74525,0.7472724314313449,0.105,0.265
AdvBench,ToxicChat,bge-base-en-v1.5,3,B1w_SigmaW,400,0.723225,0.7206052919433806,0.085,0.235
AdvBench,ToxicChat,bge-base-en-v1.5,3,DELONG_B1w_vs_A1,400,0.07114497756392923,,,
AdvBench,XSTest,bge-base-en-v1.5,3,A1_raw,400,0.7812,0.7910617005833591,0.2,0.31
AdvBench,XSTest,bge-base-en-v1.5,3,B1_raw,400,0.7582,0.7702232154451238,0.135,0.28
AdvBench,XSTest,bge-base-en-v1.5,3,B1b_SigmaT,400,0.751225,0.7518489967395363,0.17,0.265
AdvBench,XSTest,bge-base-en-v1.5,3,B1w_SigmaW,400,0.753225,0.7513170150578191,0.135,0.3
AdvBench,XSTest,bge-base-en-v1.5,3,DELONG_B1w_vs_A1,400,0.14704761361480534,,,
AdvBench,AdvBench,bge-base-en-v1.5,3,A1_raw,400,0.99325,0.9936800741465968,0.935,0.955
AdvBench,AdvBench,bge-base-en-v1.5,3,B1_raw,400,0.9987499999999999,0.9987404274857055,0.975,1.0
AdvBench,AdvBench,bge-base-en-v1.5,3,B1b_SigmaT,400,1.0,1.0,1.0,1.0
AdvBench,AdvBench,bge-base-en-v1.5,3,B1w_SigmaW,400,1.0,1.0,1.0,1.0
AdvBench,AdvBench,bge-base-en-v1.5,3,DELONG_B1w_vs_A1,400,0.0037961747884511787,,,
AdvBench,HarmBench,bge-base-en-v1.5,3,A1_raw,400,0.8519000000000001,0.8516961751438504,0.225,0.465
AdvBench,HarmBench,bge-base-en-v1.5,3,B1_raw,400,0.9146249999999999,0.9212420675715418,0.46,0.63
AdvBench,HarmBench,bge-base-en-v1.5,3,B1b_SigmaT,400,0.949425,0.9559087496843258,0.63,0.785
AdvBench,HarmBench,bge-base-en-v1.5,3,B1w_SigmaW,400,0.957175,0.9620907102967702,0.705,0.825
AdvBench,HarmBench,bge-base-en-v1.5,3,DELONG_B1w_vs_A1,400,2.462723802665323e-09,,,
AdvBench,Wild,bge-base-en-v1.5,4,A1_raw,400,0.560925,0.5581692937511439,0.015,0.08
AdvBench,Wild,bge-base-en-v1.5,4,B1_raw,400,0.621375,0.6118339383437812,0.02,0.145
AdvBench,Wild,bge-base-en-v1.5,4,B1b_SigmaT,400,0.6151249999999999,0.6121520895466337,0.04,0.13
AdvBench,Wild,bge-base-en-v1.5,4,B1w_SigmaW,400,0.630625,0.6266554540315039,0.03,0.145
AdvBench,Wild,bge-base-en-v1.5,4,DELONG_B1w_vs_A1,400,0.07116460586341233,,,
AdvBench,ToxicChat,bge-base-en-v1.5,4,A1_raw,400,0.674725,0.659606548720636,0.04,0.135
AdvBench,ToxicChat,bge-base-en-v1.5,4,B1_raw,400,0.641425,0.6260992236463783,0.07,0.14
AdvBench,ToxicChat,bge-base-en-v1.5,4,B1b_SigmaT,400,0.6621750000000001,0.6803314547847845,0.14,0.175
AdvBench,ToxicChat,bge-base-en-v1.5,4,B1w_SigmaW,400,0.67675,0.6871291491753553,0.125,0.205
AdvBench,ToxicChat,bge-base-en-v1.5,4,DELONG_B1w_vs_A1,400,0.9508908614712384,,,
AdvBench,XSTest,bge-base-en-v1.5,4,A1_raw,400,0.765425,0.7612245774577205,0.16,0.245
AdvBench,XSTest,bge-base-en-v1.5,4,B1_raw,400,0.7578999999999999,0.7745126671302413,0.15,0.28
AdvBench,XSTest,bge-base-en-v1.5,4,B1b_SigmaT,400,0.7029000000000001,0.7375976256396164,0.17,0.285
AdvBench,XSTest,bge-base-en-v1.5,4,B1w_SigmaW,400,0.722375,0.7509802273151331,0.2,0.315
AdvBench,XSTest,bge-base-en-v1.5,4,DELONG_B1w_vs_A1,400,0.05108888156254343,,,
AdvBench,AdvBench,bge-base-en-v1.5,4,A1_raw,400,0.994175,0.9948257841168753,0.94,0.965
AdvBench,AdvBench,bge-base-en-v1.5,4,B1_raw,400,0.9991500000000001,0.999174918425561,0.99,0.995
AdvBench,AdvBench,bge-base-en-v1.5,4,B1b_SigmaT,400,1.0,1.0,1.0,1.0
AdvBench,AdvBench,bge-base-en-v1.5,4,B1w_SigmaW,400,1.0,1.0,1.0,1.0
AdvBench,AdvBench,bge-base-en-v1.5,4,DELONG_B1w_vs_A1,400,0.013622563285544675,,,
AdvBench,HarmBench,bge-base-en-v1.5,4,A1_raw,400,0.8412999999999999,0.829161400786566,0.195,0.34
AdvBench,HarmBench,bge-base-en-v1.5,4,B1_raw,400,0.890025,0.8843713276402108,0.19,0.595
AdvBench,HarmBench,bge-base-en-v1.5,4,B1b_SigmaT,400,0.938775,0.9390219960335298,0.52,0.72
AdvBench,HarmBench,bge-base-en-v1.5,4,B1w_SigmaW,400,0.9520500000000001,0.9532932885464689,0.515,0.78
AdvBench,HarmBench,bge-base-en-v1.5,4,DELONG_B1w_vs_A1,400,4.94094254399613e-09,,,
AdvBench,Wild,bge-large-en-v1.5,0,A1_raw,400,0.6100874999999999,0.6159305597736866,0.065,0.1
AdvBench,Wild,bge-large-en-v1.5,0,B1_raw,400,0.6907125000000001,0.6562608037187724,0.025,0.11
AdvBench,Wild,bge-large-en-v1.5,0,B1b_SigmaT,400,0.671875,0.6456462189805205,0.02,0.12
AdvBench,Wild,bge-large-en-v1.5,0,B1w_SigmaW,400,0.6733125,0.6557168037448825,0.025,0.105
AdvBench,Wild,bge-large-en-v1.5,0,DELONG_B1w_vs_A1,400,0.04162739839551932,,,
AdvBench,ToxicChat,bge-large-en-v1.5,0,A1_raw,400,0.7578750000000001,0.7623782318719177,0.16,0.26
AdvBench,ToxicChat,bge-large-en-v1.5,0,B1_raw,400,0.7597499999999999,0.7330646384828592,0.08,0.21
AdvBench,ToxicChat,bge-large-en-v1.5,0,B1b_SigmaT,400,0.8168999999999998,0.7995560407862232,0.09,0.315
AdvBench,ToxicChat,bge-large-en-v1.5,0,B1w_SigmaW,400,0.8216749999999999,0.8028820373751748,0.125,0.31
AdvBench,ToxicChat,bge-large-en-v1.5,0,DELONG_B1w_vs_A1,400,0.013204319411821874,,,
AdvBench,XSTest,bge-large-en-v1.5,0,A1_raw,400,0.7616750000000001,0.7890603822256486,0.215,0.42
AdvBench,XSTest,bge-large-en-v1.5,0,B1_raw,400,0.76475,0.802392654422115,0.29,0.43
AdvBench,XSTest,bge-large-en-v1.5,0,B1b_SigmaT,400,0.69865,0.732692889428128,0.115,0.295
AdvBench,XSTest,bge-large-en-v1.5,0,B1w_SigmaW,400,0.7101999999999999,0.7535549257837312,0.16,0.305
AdvBench,XSTest,bge-large-en-v1.5,0,DELONG_B1w_vs_A1,400,0.009311441717582358,,,
AdvBench,AdvBench,bge-large-en-v1.5,0,A1_raw,400,0.9985999999999999,0.9986940433933186,0.98,0.995
AdvBench,AdvBench,bge-large-en-v1.5,0,B1_raw,400,0.9998,0.9998001105698116,1.0,1.0
AdvBench,AdvBench,bge-large-en-v1.5,0,B1b_SigmaT,400,1.0,1.0,1.0,1.0
AdvBench,AdvBench,bge-large-en-v1.5,0,B1w_SigmaW,400,1.0,1.0,1.0,1.0
AdvBench,AdvBench,bge-large-en-v1.5,0,DELONG_B1w_vs_A1,400,0.11738658613754804,,,
AdvBench,HarmBench,bge-large-en-v1.5,0,A1_raw,400,0.874475,0.8846778235100928,0.385,0.53
AdvBench,HarmBench,bge-large-en-v1.5,0,B1_raw,400,0.92805,0.924732009381719,0.375,0.675
AdvBench,HarmBench,bge-large-en-v1.5,0,B1b_SigmaT,400,0.8710249999999999,0.8969801651339557,0.42,0.645
AdvBench,HarmBench,bge-large-en-v1.5,0,B1w_SigmaW,400,0.8974,0.9118840682400551,0.485,0.635
AdvBench,HarmBench,bge-large-en-v1.5,0,DELONG_B1w_vs_A1,400,0.19421217215731512,,,
AdvBench,Wild,bge-large-en-v1.5,1,A1_raw,400,0.5596875,0.559679049257751,0.02,0.075
AdvBench,Wild,bge-large-en-v1.5,1,B1_raw,400,0.6632625000000001,0.6549637300539854,0.005,0.155
AdvBench,Wild,bge-large-en-v1.5,1,B1b_SigmaT,400,0.6371499999999999,0.6135179190790219,0.005,0.135
AdvBench,Wild,bge-large-en-v1.5,1,B1w_SigmaW,400,0.6547375,0.6300807904754746,0.015,0.1
AdvBench,Wild,bge-large-en-v1.5,1,DELONG_B1w_vs_A1,400,0.002671970510288002,,,
AdvBench,ToxicChat,bge-large-en-v1.5,1,A1_raw,400,0.7675749999999999,0.7805231514508599,0.17,0.315
AdvBench,ToxicChat,bge-large-en-v1.5,1,B1_raw,400,0.751025,0.7426640755614504,0.125,0.265
AdvBench,ToxicChat,bge-large-en-v1.5,1,B1b_SigmaT,400,0.766625,0.7654048626290457,0.14,0.21
AdvBench,ToxicChat,bge-large-en-v1.5,1,B1w_SigmaW,400,0.8007499999999999,0.7970788801934445,0.14,0.295
AdvBench,ToxicChat,bge-large-en-v1.5,1,DELONG_B1w_vs_A1,400,0.21401030186486247,,,
AdvBench,XSTest,bge-large-en-v1.5,1,A1_raw,400,0.7668,0.7828420646532008,0.11,0.43
AdvBench,XSTest,bge-large-en-v1.5,1,B1_raw,400,0.76975,0.8018542725999958,0.215,0.415
AdvBench,XSTest,bge-large-en-v1.5,1,B1b_SigmaT,400,0.6761000000000001,0.716379843817272,0.15,0.26
AdvBench,XSTest,bge-large-en-v1.5,1,B1w_SigmaW,400,0.7133499999999999,0.7556275024148419,0.17,0.305
AdvBench,XSTest,bge-large-en-v1.5,1,DELONG_B1w_vs_A1,400,0.008677094058049617,,,
AdvBench,AdvBench,bge-large-en-v1.5,1,A1_raw,400,0.99795,0.998024675677115,0.955,0.975
AdvBench,AdvBench,bge-large-en-v1.5,1,B1_raw,400,0.9992249999999999,0.9992482267787792,0.985,1.0
AdvBench,AdvBench,bge-large-en-v1.5,1,B1b_SigmaT,400,1.0,1.0,1.0,1.0
AdvBench,AdvBench,bge-large-en-v1.5,1,B1w_SigmaW,400,1.0,1.0,1.0,1.0
AdvBench,AdvBench,bge-large-en-v1.5,1,DELONG_B1w_vs_A1,400,0.02783231013540477,,,
AdvBench,HarmBench,bge-large-en-v1.5,1,A1_raw,400,0.880775,0.8840372644904627,0.375,0.59
AdvBench,HarmBench,bge-large-en-v1.5,1,B1_raw,400,0.9277749999999999,0.9265746321957004,0.4,0.695
AdvBench,HarmBench,bge-large-en-v1.5,1,B1b_SigmaT,400,0.901725,0.9259641829783384,0.705,0.73
AdvBench,HarmBench,bge-large-en-v1.5,1,B1w_SigmaW,400,0.9224749999999999,0.9367469934937674,0.695,0.76
AdvBench,HarmBench,bge-large-en-v1.5,1,DELONG_B1w_vs_A1,400,0.009283954959334206,,,
AdvBench,Wild,bge-large-en-v1.5,2,A1_raw,400,0.5796749999999999,0.5733452242804702,0.01,0.08
AdvBench,Wild,bge-large-en-v1.5,2,B1_raw,400,0.66515,0.6878437788022815,0.08,0.19
AdvBench,Wild,bge-large-en-v1.5,2,B1b_SigmaT,400,0.692575,0.7369501196636924,0.19,0.34
AdvBench,Wild,bge-large-en-v1.5,2,B1w_SigmaW,400,0.7115499999999999,0.7485079756782287,0.15,0.325
AdvBench,Wild,bge-large-en-v1.5,2,DELONG_B1w_vs_A1,400,5.150235513906587e-05,,,
AdvBench,ToxicChat,bge-large-en-v1.5,2,A1_raw,400,0.789275,0.8127384641790374,0.225,0.395
AdvBench,ToxicChat,bge-large-en-v1.5,2,B1_raw,400,0.76285,0.7820519596500766,0.255,0.34
AdvBench,ToxicChat,bge-large-en-v1.5,2,B1b_SigmaT,400,0.8051249999999999,0.8196309273510044,0.23,0.435
AdvBench,ToxicChat,bge-large-en-v1.5,2,B1w_SigmaW,400,0.8249249999999999,0.8340790099277755,0.22,0.435
AdvBench,ToxicChat,bge-large-en-v1.5,2,DELONG_B1w_vs_A1,400,0.16718538159802865,,,
AdvBench,XSTest,bge-large-en-v1.5,2,A1_raw,400,0.763875,0.7768448940911551,0.07,0.435
AdvBench,XSTest,bge-large-en-v1.5,2,B1_raw,400,0.772275,0.8063960030348736,0.215,0.45
AdvBench,XSTest,bge-large-en-v1.5,2,B1b_SigmaT,400,0.729625,0.7670708212163382,0.205,0.305
AdvBench,XSTest,bge-large-en-v1.5,2,B1w_SigmaW,400,0.7365,0.7854703104984823,0.24,0.385
AdvBench,XSTest,bge-large-en-v1.5,2,DELONG_B1w_vs_A1,400,0.16994652709056068,,,
AdvBench,AdvBench,bge-large-en-v1.5,2,A1_raw,400,0.9966999999999999,0.996983135176336,0.96,0.97
AdvBench,AdvBench,bge-large-en-v1.5,2,B1_raw,400,0.999725,0.9997369047619047,0.995,1.0
AdvBench,AdvBench,bge-large-en-v1.5,2,B1b_SigmaT,400,1.0,1.0,1.0,1.0
AdvBench,AdvBench,bge-large-en-v1.5,2,B1w_SigmaW,400,1.0,1.0,1.0,1.0
AdvBench,AdvBench,bge-large-en-v1.5,2,DELONG_B1w_vs_A1,400,0.02552458771048083,,,
AdvBench,HarmBench,bge-large-en-v1.5,2,A1_raw,400,0.85825,0.8633471137748234,0.29,0.54
AdvBench,HarmBench,bge-large-en-v1.5,2,B1_raw,400,0.8885000000000001,0.8935792167752535,0.29,0.66
AdvBench,HarmBench,bge-large-en-v1.5,2,B1b_SigmaT,400,0.911425,0.9298299354594524,0.675,0.715
AdvBench,HarmBench,bge-large-en-v1.5,2,B1w_SigmaW,400,0.925075,0.9376203347311157,0.655,0.735
AdvBench,HarmBench,bge-large-en-v1.5,2,DELONG_B1w_vs_A1,400,0.0001509402644432889,,,
AdvBench,Wild,bge-large-en-v1.5,3,A1_raw,400,0.6177125000000001,0.5920824016166749,0.01,0.075
AdvBench,Wild,bge-large-en-v1.5,3,B1_raw,400,0.7102875,0.682472606927504,0.03,0.145
AdvBench,Wild,bge-large-en-v1.5,3,B1b_SigmaT,400,0.7128,0.6972925185446593,0.045,0.17
AdvBench,Wild,bge-large-en-v1.5,3,B1w_SigmaW,400,0.7318875,0.7187193733727428,0.045,0.215
AdvBench,Wild,bge-large-en-v1.5,3,DELONG_B1w_vs_A1,400,0.00021762641973110952,,,
AdvBench,ToxicChat,bge-large-en-v1.5,3,A1_raw,400,0.747525,0.7741200523956787,0.2,0.365
AdvBench,ToxicChat,bge-large-en-v1.5,3,B1_raw,400,0.7153,0.734652994769375,0.16,0.29
AdvBench,ToxicChat,bge-large-en-v1.5,3,B1b_SigmaT,400,0.892675,0.8974059972299834,0.395,0.54
AdvBench,ToxicChat,bge-large-en-v1.5,3,B1w_SigmaW,400,0.8773500000000001,0.8812227481063686,0.395,0.545
AdvBench,ToxicChat,bge-large-en-v1.5,3,DELONG_B1w_vs_A1,400,9.825890900927448e-08,,,
AdvBench,XSTest,bge-large-en-v1.5,3,A1_raw,400,0.76985,0.7975282149654028,0.235,0.45
AdvBench,XSTest,bge-large-en-v1.5,3,B1_raw,400,0.769375,0.8016795735936253,0.2,0.415
AdvBench,XSTest,bge-large-en-v1.5,3,B1b_SigmaT,400,0.7348000000000001,0.7608357000069954,0.205,0.29
AdvBench,XSTest,bge-large-en-v1.5,3,B1w_SigmaW,400,0.73315,0.7599973234168835,0.19,0.305
AdvBench,XSTest,bge-large-en-v1.5,3,DELONG_B1w_vs_A1,400,0.05622074195117088,,,
AdvBench,AdvBench,bge-large-en-v1.5,3,A1_raw,400,0.9976750000000001,0.9977198698050436,0.94,0.99
AdvBench,AdvBench,bge-large-en-v1.5,3,B1_raw,400,0.999275,0.9992791287649565,0.985,1.0
AdvBench,AdvBench,bge-large-en-v1.5,3,B1b_SigmaT,400,1.0,1.0,1.0,1.0
AdvBench,AdvBench,bge-large-en-v1.5,3,B1w_SigmaW,400,1.0,1.0,1.0,1.0
AdvBench,AdvBench,bge-large-en-v1.5,3,DELONG_B1w_vs_A1,400,0.02155698616917645,,,
AdvBench,HarmBench,bge-large-en-v1.5,3,A1_raw,400,0.870175,0.8810450518278802,0.395,0.565
AdvBench,HarmBench,bge-large-en-v1.5,3,B1_raw,400,0.9172250000000001,0.9258669697985017,0.545,0.705
AdvBench,HarmBench,bge-large-en-v1.5,3,B1b_SigmaT,400,0.9626499999999999,0.9630254987031734,0.655,0.82
AdvBench,HarmBench,bge-large-en-v1.5,3,B1w_SigmaW,400,0.971775,0.9717880407115652,0.65,0.825
AdvBench,HarmBench,bge-large-en-v1.5,3,DELONG_B1w_vs_A1,400,4.0031089554304344e-11,,,
AdvBench,Wild,bge-large-en-v1.5,4,A1_raw,400,0.583275,0.5831391331464426,0.015,0.1
AdvBench,Wild,bge-large-en-v1.5,4,B1_raw,400,0.616425,0.6275900445766192,0.065,0.1
AdvBench,Wild,bge-large-en-v1.5,4,B1b_SigmaT,400,0.616175,0.6069218351784165,0.045,0.1
AdvBench,Wild,bge-large-en-v1.5,4,B1w_SigmaW,400,0.62165,0.6232098331446765,0.03,0.145
AdvBench,Wild,bge-large-en-v1.5,4,DELONG_B1w_vs_A1,400,0.2748223257123721,,,
AdvBench,ToxicChat,bge-large-en-v1.5,4,A1_raw,400,0.74605,0.7522889946054163,0.08,0.28
AdvBench,ToxicChat,bge-large-en-v1.5,4,B1_raw,400,0.714675,0.7114250508762019,0.115,0.225
AdvBench,ToxicChat,bge-large-en-v1.5,4,B1b_SigmaT,400,0.78715,0.7801004547814752,0.065,0.33
AdvBench,ToxicChat,bge-large-en-v1.5,4,B1w_SigmaW,400,0.78735,0.7820811963060408,0.08,0.365
AdvBench,ToxicChat,bge-large-en-v1.5,4,DELONG_B1w_vs_A1,400,0.14516092097093058,,,
AdvBench,XSTest,bge-large-en-v1.5,4,A1_raw,400,0.755025,0.7754207361027157,0.07,0.41
AdvBench,XSTest,bge-large-en-v1.5,4,B1_raw,400,0.768775,0.8091798295027481,0.31,0.44
AdvBench,XSTest,bge-large-en-v1.5,4,B1b_SigmaT,400,0.7186499999999999,0.7579151436634823,0.205,0.32
AdvBench,XSTest,bge-large-en-v1.5,4,B1w_SigmaW,400,0.726075,0.7715331992890445,0.215,0.365
AdvBench,XSTest,bge-large-en-v1.5,4,DELONG_B1w_vs_A1,400,0.13036303693619855,,,
AdvBench,AdvBench,bge-large-en-v1.5,4,A1_raw,400,0.9976,0.9977571350570004,0.945,0.99
AdvBench,AdvBench,bge-large-en-v1.5,4,B1_raw,400,0.9994999999999999,0.9995059863855781,0.99,1.0
AdvBench,AdvBench,bge-large-en-v1.5,4,B1b_SigmaT,400,1.0,1.0,1.0,1.0
AdvBench,AdvBench,bge-large-en-v1.5,4,B1w_SigmaW,400,1.0,1.0,1.0,1.0
AdvBench,AdvBench,bge-large-en-v1.5,4,DELONG_B1w_vs_A1,400,0.04481179230384669,,,
AdvBench,HarmBench,bge-large-en-v1.5,4,A1_raw,400,0.85195,0.8570633920071159,0.31,0.46
AdvBench,HarmBench,bge-large-en-v1.5,4,B1_raw,400,0.9057499999999999,0.9056186735575179,0.285,0.65
AdvBench,HarmBench,bge-large-en-v1.5,4,B1b_SigmaT,400,0.837,0.8808272086418325,0.59,0.655
AdvBench,HarmBench,bge-large-en-v1.5,4,B1w_SigmaW,400,0.87765,0.9023026005135952,0.595,0.68
AdvBench,HarmBench,bge-large-en-v1.5,4,DELONG_B1w_vs_A1,400,0.18060448259668505,,,
AdvBench,Wild,Qwen3-Embedding-8B,0,A1_raw,400,0.7846124999999999,0.7711948055076797,0.09,0.35
AdvBench,Wild,Qwen3-Embedding-8B,0,B1_raw,400,0.7827625,0.7699626085595361,0.055,0.35
AdvBench,Wild,Qwen3-Embedding-8B,0,B1b_SigmaT,400,0.7906,0.7755879679493936,0.025,0.395
AdvBench,Wild,Qwen3-Embedding-8B,0,B1w_SigmaW,400,0.7926625,0.776243283572055,0.02,0.39
AdvBench,Wild,Qwen3-Embedding-8B,0,DELONG_B1w_vs_A1,400,0.7030419151056848,,,
AdvBench,ToxicChat,Qwen3-Embedding-8B,0,A1_raw,400,0.7040250000000001,0.7515697152112971,0.255,0.32
AdvBench,ToxicChat,Qwen3-Embedding-8B,0,B1_raw,400,0.8802,0.8657332372192803,0.225,0.32
AdvBench,ToxicChat,Qwen3-Embedding-8B,0,B1b_SigmaT,400,0.879925,0.8665232753561627,0.15,0.465
AdvBench,ToxicChat,Qwen3-Embedding-8B,0,B1w_SigmaW,400,0.8936499999999999,0.882096403787946,0.18,0.515
AdvBench,ToxicChat,Qwen3-Embedding-8B,0,DELONG_B1w_vs_A1,400,2.0161650127192843e-13,,,
AdvBench,XSTest,Qwen3-Embedding-8B,0,A1_raw,400,0.772125,0.8072922071808729,0.29,0.445
AdvBench,XSTest,Qwen3-Embedding-8B,0,B1_raw,400,0.808725,0.8202608065787818,0.16,0.435
AdvBench,XSTest,Qwen3-Embedding-8B,0,B1b_SigmaT,400,0.8385250000000001,0.8532387479181502,0.19,0.505
AdvBench,XSTest,Qwen3-Embedding-8B,0,B1w_SigmaW,400,0.8356999999999999,0.851734135341476,0.235,0.51
AdvBench,XSTest,Qwen3-Embedding-8B,0,DELONG_B1w_vs_A1,400,0.00045946302097221725,,,
AdvBench,AdvBench,Qwen3-Embedding-8B,0,A1_raw,400,0.997325,0.9979968851131782,0.985,0.995
AdvBench,AdvBench,Qwen3-Embedding-8B,0,B1_raw,400,1.0,1.0,1.0,1.0
AdvBench,AdvBench,Qwen3-Embedding-8B,0,B1b_SigmaT,400,1.0,1.0,1.0,1.0
AdvBench,AdvBench,Qwen3-Embedding-8B,0,B1w_SigmaW,400,1.0,1.0,1.0,1.0
AdvBench,AdvBench,Qwen3-Embedding-8B,0,DELONG_B1w_vs_A1,400,0.2261830439651078,,,
AdvBench,HarmBench,Qwen3-Embedding-8B,0,A1_raw,400,0.7975749999999999,0.8487679437480375,0.425,0.55
AdvBench,HarmBench,Qwen3-Embedding-8B,0,B1_raw,400,0.943025,0.9512190928851318,0.685,0.78
AdvBench,HarmBench,Qwen3-Embedding-8B,0,B1b_SigmaT,400,0.9440999999999999,0.9508045459064318,0.695,0.745
AdvBench,HarmBench,Qwen3-Embedding-8B,0,B1w_SigmaW,400,0.9516249999999999,0.9566878176234568,0.71,0.75
AdvBench,HarmBench,Qwen3-Embedding-8B,0,DELONG_B1w_vs_A1,400,2.4424906541753444e-14,,,
AdvBench,Wild,Qwen3-Embedding-8B,1,A1_raw,400,0.7583500000000001,0.7624006914515549,0.155,0.295
AdvBench,Wild,Qwen3-Embedding-8B,1,B1_raw,400,0.765725,0.7712796744843241,0.12,0.345
AdvBench,Wild,Qwen3-Embedding-8B,1,B1b_SigmaT,400,0.77165,0.7829767183592151,0.145,0.32
AdvBench,Wild,Qwen3-Embedding-8B,1,B1w_SigmaW,400,0.766875,0.7783056710875094,0.145,0.315
AdvBench,Wild,Qwen3-Embedding-8B,1,DELONG_B1w_vs_A1,400,0.743310168233889,,,
AdvBench,ToxicChat,Qwen3-Embedding-8B,1,A1_raw,400,0.7046749999999999,0.7611023629690019,0.255,0.385
AdvBench,ToxicChat,Qwen3-Embedding-8B,1,B1_raw,400,0.8831,0.8914360682147797,0.38,0.635
AdvBench,ToxicChat,Qwen3-Embedding-8B,1,B1b_SigmaT,400,0.88235,0.8925698549466525,0.24,0.6
AdvBench,ToxicChat,Qwen3-Embedding-8B,1,B1w_SigmaW,400,0.8913749999999999,0.9020683298762898,0.28,0.645
AdvBench,ToxicChat,Qwen3-Embedding-8B,1,DELONG_B1w_vs_A1,400,4.489166816057377e-10,,,
AdvBench,XSTest,Qwen3-Embedding-8B,1,A1_raw,400,0.776775,0.7961834231423082,0.24,0.36
AdvBench,XSTest,Qwen3-Embedding-8B,1,B1_raw,400,0.8202499999999999,0.821623521826925,0.13,0.37
AdvBench,XSTest,Qwen3-Embedding-8B,1,B1b_SigmaT,400,0.8279,0.8487185490893501,0.235,0.465
AdvBench,XSTest,Qwen3-Embedding-8B,1,B1w_SigmaW,400,0.8297000000000001,0.8487421337015058,0.215,0.48
AdvBench,XSTest,Qwen3-Embedding-8B,1,DELONG_B1w_vs_A1,400,0.007798775417326764,,,
AdvBench,AdvBench,Qwen3-Embedding-8B,1,A1_raw,400,0.9978750000000001,0.9982049684610316,0.985,0.99
AdvBench,AdvBench,Qwen3-Embedding-8B,1,B1_raw,400,0.999875,0.9998780487804878,0.995,1.0
AdvBench,AdvBench,Qwen3-Embedding-8B,1,B1b_SigmaT,400,1.0,1.0,1.0,1.0
AdvBench,AdvBench,Qwen3-Embedding-8B,1,B1w_SigmaW,400,1.0,1.0,1.0,1.0
AdvBench,AdvBench,Qwen3-Embedding-8B,1,DELONG_B1w_vs_A1,400,0.14173843649847018,,,
AdvBench,HarmBench,Qwen3-Embedding-8B,1,A1_raw,400,0.8074999999999999,0.8593128224655084,0.43,0.565
AdvBench,HarmBench,Qwen3-Embedding-8B,1,B1_raw,400,0.941825,0.9517742893104448,0.665,0.79
AdvBench,HarmBench,Qwen3-Embedding-8B,1,B1b_SigmaT,400,0.9830999999999999,0.9841111627364871,0.805,0.905
AdvBench,HarmBench,Qwen3-Embedding-8B,1,B1w_SigmaW,400,0.9801500000000001,0.981516699396437,0.805,0.865
AdvBench,HarmBench,Qwen3-Embedding-8B,1,DELONG_B1w_vs_A1,400,5.861977570020827e-14,,,
AdvBench,Wild,Qwen3-Embedding-8B,2,A1_raw,400,0.7615249999999999,0.754356654597216,0.11,0.25
AdvBench,Wild,Qwen3-Embedding-8B,2,B1_raw,400,0.788425,0.7686158431962696,0.09,0.285
AdvBench,Wild,Qwen3-Embedding-8B,2,B1b_SigmaT,400,0.7970999999999999,0.7922379621295532,0.15,0.295
AdvBench,Wild,Qwen3-Embedding-8B,2,B1w_SigmaW,400,0.7997,0.7924993012098802,0.14,0.295
AdvBench,Wild,Qwen3-Embedding-8B,2,DELONG_B1w_vs_A1,400,0.13417072509732675,,,
AdvBench,ToxicChat,Qwen3-Embedding-8B,2,A1_raw,400,0.696125,0.7478525812532751,0.29,0.325
AdvBench,ToxicChat,Qwen3-Embedding-8B,2,B1_raw,400,0.9062,0.9019473509401263,0.34,0.61
AdvBench,ToxicChat,Qwen3-Embedding-8B,2,B1b_SigmaT,400,0.871375,0.862778630606418,0.17,0.435
AdvBench,ToxicChat,Qwen3-Embedding-8B,2,B1w_SigmaW,400,0.8818500000000001,0.8736386689722657,0.21,0.465
AdvBench,ToxicChat,Qwen3-Embedding-8B,2,DELONG_B1w_vs_A1,400,6.974576471918681e-11,,,
AdvBench,XSTest,Qwen3-Embedding-8B,2,A1_raw,400,0.77945,0.8053633432437307,0.23,0.42
AdvBench,XSTest,Qwen3-Embedding-8B,2,B1_raw,400,0.8199,0.8400003361351982,0.195,0.56
AdvBench,XSTest,Qwen3-Embedding-8B,2,B1b_SigmaT,400,0.8184500000000001,0.84367886006735,0.345,0.475
AdvBench,XSTest,Qwen3-Embedding-8B,2,B1w_SigmaW,400,0.8193499999999999,0.8456189061037441,0.295,0.475
AdvBench,XSTest,Qwen3-Embedding-8B,2,DELONG_B1w_vs_A1,400,0.034270478858408726,,,
AdvBench,AdvBench,Qwen3-Embedding-8B,2,A1_raw,400,0.9973749999999999,0.997658689595403,0.97,0.985
AdvBench,AdvBench,Qwen3-Embedding-8B,2,B1_raw,400,0.99995,0.999950495049505,1.0,1.0
AdvBench,AdvBench,Qwen3-Embedding-8B,2,B1b_SigmaT,400,1.0,1.0,1.0,1.0
AdvBench,AdvBench,Qwen3-Embedding-8B,2,B1w_SigmaW,400,1.0,1.0,1.0,1.0
AdvBench,AdvBench,Qwen3-Embedding-8B,2,DELONG_B1w_vs_A1,400,0.058377949529661244,,,
AdvBench,HarmBench,Qwen3-Embedding-8B,2,A1_raw,400,0.77965,0.8323481494153175,0.395,0.45
AdvBench,HarmBench,Qwen3-Embedding-8B,2,B1_raw,400,0.92145,0.9343422059446647,0.595,0.705
AdvBench,HarmBench,Qwen3-Embedding-8B,2,B1b_SigmaT,400,0.94695,0.9537831013867563,0.68,0.77
AdvBench,HarmBench,Qwen3-Embedding-8B,2,B1w_SigmaW,400,0.947025,0.9538270707584928,0.69,0.77
AdvBench,HarmBench,Qwen3-Embedding-8B,2,DELONG_B1w_vs_A1,400,1.7286172493413687e-12,,,
AdvBench,Wild,Qwen3-Embedding-8B,3,A1_raw,400,0.8241875,0.799175110140439,0.09,0.38
AdvBench,Wild,Qwen3-Embedding-8B,3,B1_raw,400,0.8092874999999999,0.7895485060508443,0.14,0.345
AdvBench,Wild,Qwen3-Embedding-8B,3,B1b_SigmaT,400,0.8031250000000001,0.802119907777084,0.125,0.355
AdvBench,Wild,Qwen3-Embedding-8B,3,B1w_SigmaW,400,0.8130499999999999,0.8087132243752178,0.135,0.375
AdvBench,Wild,Qwen3-Embedding-8B,3,DELONG_B1w_vs_A1,400,0.6156586841723379,,,
AdvBench,ToxicChat,Qwen3-Embedding-8B,3,A1_raw,400,0.681725,0.7324273766802478,0.235,0.285
AdvBench,ToxicChat,Qwen3-Embedding-8B,3,B1_raw,400,0.9011499999999999,0.9089684090139062,0.39,0.6
AdvBench,ToxicChat,Qwen3-Embedding-8B,3,B1b_SigmaT,400,0.9185500000000001,0.9236329936280022,0.39,0.645
AdvBench,ToxicChat,Qwen3-Embedding-8B,3,B1w_SigmaW,400,0.9206500000000001,0.9268289963003766,0.395,0.645
AdvBench,ToxicChat,Qwen3-Embedding-8B,3,DELONG_B1w_vs_A1,400,0.0,,,
AdvBench,XSTest,Qwen3-Embedding-8B,3,A1_raw,400,0.78485,0.8165573749767708,0.285,0.41
AdvBench,XSTest,Qwen3-Embedding-8B,3,B1_raw,400,0.8207499999999999,0.8247328537668475,0.13,0.38
AdvBench,XSTest,Qwen3-Embedding-8B,3,B1b_SigmaT,400,0.8234499999999999,0.8379423466571668,0.2,0.5
AdvBench,XSTest,Qwen3-Embedding-8B,3,B1w_SigmaW,400,0.828525,0.8433493972311007,0.21,0.52
AdvBench,XSTest,Qwen3-Embedding-8B,3,DELONG_B1w_vs_A1,400,0.018333766106639393,,,
AdvBench,AdvBench,Qwen3-Embedding-8B,3,A1_raw,400,0.99755,0.9978070920674194,0.97,0.985
AdvBench,AdvBench,Qwen3-Embedding-8B,3,B1_raw,400,1.0,1.0,1.0,1.0
AdvBench,AdvBench,Qwen3-Embedding-8B,3,B1b_SigmaT,400,1.0,1.0,1.0,1.0
AdvBench,AdvBench,Qwen3-Embedding-8B,3,B1w_SigmaW,400,1.0,1.0,1.0,1.0
AdvBench,AdvBench,Qwen3-Embedding-8B,3,DELONG_B1w_vs_A1,400,0.0644021211528174,,,
AdvBench,HarmBench,Qwen3-Embedding-8B,3,A1_raw,400,0.8130999999999999,0.8586460480754261,0.415,0.515
AdvBench,HarmBench,Qwen3-Embedding-8B,3,B1_raw,400,0.942425,0.9518109148028653,0.685,0.77
AdvBench,HarmBench,Qwen3-Embedding-8B,3,B1b_SigmaT,400,0.9713999999999999,0.9745344119126284,0.745,0.87
AdvBench,HarmBench,Qwen3-Embedding-8B,3,B1w_SigmaW,400,0.9786250000000001,0.9802196319818823,0.765,0.885
AdvBench,HarmBench,Qwen3-Embedding-8B,3,DELONG_B1w_vs_A1,400,1.1834977442504169e-13,,,
AdvBench,Wild,Qwen3-Embedding-8B,4,A1_raw,400,0.7025625,0.694666641450636,0.045,0.15
AdvBench,Wild,Qwen3-Embedding-8B,4,B1_raw,400,0.7363125,0.7216364319321507,0.09,0.235
AdvBench,Wild,Qwen3-Embedding-8B,4,B1b_SigmaT,400,0.7524375,0.748546847482255,0.035,0.27
AdvBench,Wild,Qwen3-Embedding-8B,4,B1w_SigmaW,400,0.7566625,0.7499858485335349,0.035,0.28
AdvBench,Wild,Qwen3-Embedding-8B,4,DELONG_B1w_vs_A1,400,0.03610399244620499,,,
AdvBench,ToxicChat,Qwen3-Embedding-8B,4,A1_raw,400,0.71745,0.7466918811565472,0.16,0.29
AdvBench,ToxicChat,Qwen3-Embedding-8B,4,B1_raw,400,0.8602750000000001,0.8588056395329893,0.24,0.425
AdvBench,ToxicChat,Qwen3-Embedding-8B,4,B1b_SigmaT,400,0.866225,0.8827381925686254,0.325,0.575
AdvBench,ToxicChat,Qwen3-Embedding-8B,4,B1w_SigmaW,400,0.873425,0.8902444603806013,0.325,0.59
AdvBench,ToxicChat,Qwen3-Embedding-8B,4,DELONG_B1w_vs_A1,400,2.2467911531265372e-08,,,
AdvBench,XSTest,Qwen3-Embedding-8B,4,A1_raw,400,0.766475,0.7966423816956288,0.25,0.405
AdvBench,XSTest,Qwen3-Embedding-8B,4,B1_raw,400,0.8104499999999999,0.8249598341535698,0.165,0.435
AdvBench,XSTest,Qwen3-Embedding-8B,4,B1b_SigmaT,400,0.7957000000000001,0.8166298226369604,0.245,0.375
AdvBench,XSTest,Qwen3-Embedding-8B,4,B1w_SigmaW,400,0.804225,0.824242027214859,0.28,0.385
AdvBench,XSTest,Qwen3-Embedding-8B,4,DELONG_B1w_vs_A1,400,0.07115439902797549,,,
AdvBench,AdvBench,Qwen3-Embedding-8B,4,A1_raw,400,0.998,0.99819919150162,0.975,0.985
AdvBench,AdvBench,Qwen3-Embedding-8B,4,B1_raw,400,0.9999,0.9999019607843137,0.995,1.0
AdvBench,AdvBench,Qwen3-Embedding-8B,4,B1b_SigmaT,400,1.0,1.0,1.0,1.0
AdvBench,AdvBench,Qwen3-Embedding-8B,4,B1w_SigmaW,400,1.0,1.0,1.0,1.0
AdvBench,AdvBench,Qwen3-Embedding-8B,4,DELONG_B1w_vs_A1,400,0.0859760249442485,,,
AdvBench,HarmBench,Qwen3-Embedding-8B,4,A1_raw,400,0.789425,0.8396711719141228,0.365,0.485
AdvBench,HarmBench,Qwen3-Embedding-8B,4,B1_raw,400,0.9309000000000001,0.9415503004274568,0.6,0.71
AdvBench,HarmBench,Qwen3-Embedding-8B,4,B1b_SigmaT,400,0.948725,0.9542221745127618,0.71,0.765
AdvBench,HarmBench,Qwen3-Embedding-8B,4,B1w_SigmaW,400,0.961975,0.9645136680601014,0.735,0.775
AdvBench,HarmBench,Qwen3-Embedding-8B,4,DELONG_B1w_vs_A1,400,4.3520742565306136e-14,,,
HarmBench,Wild,all-mpnet-base-v2,0,A1_raw,400,0.5074500000000001,0.51449976627334,0.025,0.07
HarmBench,Wild,all-mpnet-base-v2,0,B1_raw,400,0.6859999999999999,0.6616977939355149,0.035,0.135
HarmBench,Wild,all-mpnet-base-v2,0,B1b_SigmaT,400,0.55305,0.5682799207987952,0.03,0.135
HarmBench,Wild,all-mpnet-base-v2,0,B1w_SigmaW,400,0.5699,0.586630981903471,0.03,0.145
HarmBench,Wild,all-mpnet-base-v2,0,DELONG_B1w_vs_A1,400,0.06762720598920557,,,
HarmBench,ToxicChat,all-mpnet-base-v2,0,A1_raw,400,0.802975,0.7810839880473239,0.14,0.255
HarmBench,ToxicChat,all-mpnet-base-v2,0,B1_raw,400,0.8396499999999999,0.8254527741030745,0.15,0.365
HarmBench,ToxicChat,all-mpnet-base-v2,0,B1b_SigmaT,400,0.7519,0.7592568034755682,0.135,0.315
HarmBench,ToxicChat,all-mpnet-base-v2,0,B1w_SigmaW,400,0.767125,0.773765647977446,0.155,0.33
HarmBench,ToxicChat,all-mpnet-base-v2,0,DELONG_B1w_vs_A1,400,0.17177544575568637,,,
HarmBench,XSTest,all-mpnet-base-v2,0,A1_raw,400,0.75775,0.7773896806851628,0.06,0.435
HarmBench,XSTest,all-mpnet-base-v2,0,B1_raw,400,0.7997,0.8201885812229629,0.19,0.475
HarmBench,XSTest,all-mpnet-base-v2,0,B1b_SigmaT,400,0.821825,0.8162409703202689,0.135,0.43
HarmBench,XSTest,all-mpnet-base-v2,0,B1w_SigmaW,400,0.82925,0.8221807975662159,0.165,0.43
HarmBench,XSTest,all-mpnet-base-v2,0,DELONG_B1w_vs_A1,400,9.113514840919379e-05,,,
HarmBench,AdvBench,all-mpnet-base-v2,0,A1_raw,400,0.978125,0.9668569770530073,0.64,0.905
HarmBench,AdvBench,all-mpnet-base-v2,0,B1_raw,400,0.9956999999999999,0.9958338780891242,0.9,0.985
HarmBench,AdvBench,all-mpnet-base-v2,0,B1b_SigmaT,400,0.9974750000000001,0.9974881152784815,0.95,0.985
HarmBench,AdvBench,all-mpnet-base-v2,0,B1w_SigmaW,400,0.9983000000000001,0.9983520088393376,0.96,0.99
HarmBench,AdvBench,all-mpnet-base-v2,0,DELONG_B1w_vs_A1,400,0.00452666728179385,,,
HarmBench,HarmBench,all-mpnet-base-v2,0,A1_raw,400,0.9434,0.9377746697506628,0.43,0.685
HarmBench,HarmBench,all-mpnet-base-v2,0,B1_raw,400,0.990925,0.9914846428781215,0.86,0.96
HarmBench,HarmBench,all-mpnet-base-v2,0,B1b_SigmaT,400,1.0,1.0,1.0,1.0
HarmBench,HarmBench,all-mpnet-base-v2,0,B1w_SigmaW,400,1.0,1.0,1.0,1.0
HarmBench,HarmBench,all-mpnet-base-v2,0,DELONG_B1w_vs_A1,400,3.2070507449688535e-07,,,
HarmBench,Wild,all-mpnet-base-v2,1,A1_raw,400,0.5267124999999999,0.5259861885194361,0.01,0.07
HarmBench,Wild,all-mpnet-base-v2,1,B1_raw,400,0.6933625000000001,0.6504540317213102,0.02,0.115
HarmBench,Wild,all-mpnet-base-v2,1,B1b_SigmaT,400,0.565625,0.5474694864208157,0.015,0.06
HarmBench,Wild,all-mpnet-base-v2,1,B1w_SigmaW,400,0.5865,0.5681783833391223,0.015,0.06
HarmBench,Wild,all-mpnet-base-v2,1,DELONG_B1w_vs_A1,400,0.0638687721229183,,,
HarmBench,ToxicChat,all-mpnet-base-v2,1,A1_raw,400,0.83295,0.8145919152489167,0.1,0.36
HarmBench,ToxicChat,all-mpnet-base-v2,1,B1_raw,400,0.881775,0.8742297036352471,0.345,0.51
HarmBench,ToxicChat,all-mpnet-base-v2,1,B1b_SigmaT,400,0.8068000000000001,0.8081821503206196,0.155,0.395
HarmBench,ToxicChat,all-mpnet-base-v2,1,B1w_SigmaW,400,0.81875,0.8192735905628915,0.18,0.395
HarmBench,ToxicChat,all-mpnet-base-v2,1,DELONG_B1w_vs_A1,400,0.5682395710917867,,,
HarmBench,XSTest,all-mpnet-base-v2,1,A1_raw,400,0.75715,0.782613637799981,0.095,0.415
HarmBench,XSTest,all-mpnet-base-v2,1,B1_raw,400,0.793425,0.8127558957872937,0.19,0.445
HarmBench,XSTest,all-mpnet-base-v2,1,B1b_SigmaT,400,0.789,0.8045753791757606,0.1,0.47
HarmBench,XSTest,all-mpnet-base-v2,1,B1w_SigmaW,400,0.7998500000000001,0.8141587149857927,0.12,0.51
HarmBench,XSTest,all-mpnet-base-v2,1,DELONG_B1w_vs_A1,400,0.01742375735141355,,,
HarmBench,AdvBench,all-mpnet-base-v2,1,A1_raw,400,0.97995,0.9705442426694488,0.76,0.94
HarmBench,AdvBench,all-mpnet-base-v2,1,B1_raw,400,0.9938,0.9945992736622655,0.92,0.98
HarmBench,AdvBench,all-mpnet-base-v2,1,B1b_SigmaT,400,0.997525,0.9976121265201867,0.965,0.985
HarmBench,AdvBench,all-mpnet-base-v2,1,B1w_SigmaW,400,0.997975,0.9981073499495894,0.98,0.99
HarmBench,AdvBench,all-mpnet-base-v2,1,DELONG_B1w_vs_A1,400,0.004047372387612214,,,
HarmBench,HarmBench,all-mpnet-base-v2,1,A1_raw,400,0.946325,0.9467652021351877,0.455,0.755
HarmBench,HarmBench,all-mpnet-base-v2,1,B1_raw,400,0.991925,0.9927311699683143,0.895,0.97
HarmBench,HarmBench,all-mpnet-base-v2,1,B1b_SigmaT,400,1.0,1.0,1.0,1.0
HarmBench,HarmBench,all-mpnet-base-v2,1,B1w_SigmaW,400,1.0,1.0,1.0,1.0
HarmBench,HarmBench,all-mpnet-base-v2,1,DELONG_B1w_vs_A1,400,2.2757482143198615e-07,,,
HarmBench,Wild,all-mpnet-base-v2,2,A1_raw,400,0.484625,0.47528407944457085,0.005,0.025
HarmBench,Wild,all-mpnet-base-v2,2,B1_raw,400,0.6421999999999999,0.626719670958287,0.025,0.115
HarmBench,Wild,all-mpnet-base-v2,2,B1b_SigmaT,400,0.592425,0.5957023840337288,0.035,0.1
HarmBench,Wild,all-mpnet-base-v2,2,B1w_SigmaW,400,0.594525,0.6018270961901,0.03,0.13
HarmBench,Wild,all-mpnet-base-v2,2,DELONG_B1w_vs_A1,400,0.0012686525947200877,,,
HarmBench,ToxicChat,all-mpnet-base-v2,2,A1_raw,400,0.8707499999999999,0.8661580528051112,0.285,0.485
HarmBench,ToxicChat,all-mpnet-base-v2,2,B1_raw,400,0.868725,0.8666368085850324,0.26,0.51
HarmBench,ToxicChat,all-mpnet-base-v2,2,B1b_SigmaT,400,0.78835,0.7778122318317708,0.125,0.235
HarmBench,ToxicChat,all-mpnet-base-v2,2,B1w_SigmaW,400,0.8025499999999999,0.7899208806140904,0.155,0.275
HarmBench,ToxicChat,all-mpnet-base-v2,2,DELONG_B1w_vs_A1,400,0.004465845767454457,,,
HarmBench,XSTest,all-mpnet-base-v2,2,A1_raw,400,0.7496,0.7875170486026855,0.12,0.405
HarmBench,XSTest,all-mpnet-base-v2,2,B1_raw,400,0.7875000000000001,0.8159681567100144,0.345,0.44
HarmBench,XSTest,all-mpnet-base-v2,2,B1b_SigmaT,400,0.787625,0.7928313321482705,0.165,0.415
HarmBench,XSTest,all-mpnet-base-v2,2,B1w_SigmaW,400,0.8047249999999999,0.8095617724586961,0.185,0.42
HarmBench,XSTest,all-mpnet-base-v2,2,DELONG_B1w_vs_A1,400,0.007192708490202815,,,
HarmBench,AdvBench,all-mpnet-base-v2,2,A1_raw,400,0.97,0.9698164148219985,0.54,0.79
HarmBench,AdvBench,all-mpnet-base-v2,2,B1_raw,400,0.993025,0.9931738913080611,0.84,0.97
HarmBench,AdvBench,all-mpnet-base-v2,2,B1b_SigmaT,400,0.9964999999999999,0.9965690574699444,0.95,0.98
HarmBench,AdvBench,all-mpnet-base-v2,2,B1w_SigmaW,400,0.9976,0.9977114861655229,0.955,0.98
HarmBench,AdvBench,all-mpnet-base-v2,2,DELONG_B1w_vs_A1,400,5.320494214333671e-05,,,
HarmBench,HarmBench,all-mpnet-base-v2,2,A1_raw,400,0.936725,0.9325755310812187,0.41,0.69
HarmBench,HarmBench,all-mpnet-base-v2,2,B1_raw,400,0.9930749999999999,0.9933236566038195,0.885,0.965
HarmBench,HarmBench,all-mpnet-base-v2,2,B1b_SigmaT,400,1.0,1.0,1.0,1.0
HarmBench,HarmBench,all-mpnet-base-v2,2,B1w_SigmaW,400,1.0,1.0,1.0,1.0
HarmBench,HarmBench,all-mpnet-base-v2,2,DELONG_B1w_vs_A1,400,2.4937333087393654e-08,,,
HarmBench,Wild,all-mpnet-base-v2,3,A1_raw,400,0.5072500000000001,0.4916527951163603,0.0,0.035
HarmBench,Wild,all-mpnet-base-v2,3,B1_raw,400,0.663825,0.6333019586847528,0.035,0.09
HarmBench,Wild,all-mpnet-base-v2,3,B1b_SigmaT,400,0.5365249999999999,0.5314783727901682,0.02,0.075
HarmBench,Wild,all-mpnet-base-v2,3,B1w_SigmaW,400,0.559025,0.555723782503242,0.035,0.08
HarmBench,Wild,all-mpnet-base-v2,3,DELONG_B1w_vs_A1,400,0.1032102680012228,,,
HarmBench,ToxicChat,all-mpnet-base-v2,3,A1_raw,400,0.8439,0.8381273538241417,0.165,0.44
HarmBench,ToxicChat,all-mpnet-base-v2,3,B1_raw,400,0.862675,0.8621800898358826,0.22,0.475
HarmBench,ToxicChat,all-mpnet-base-v2,3,B1b_SigmaT,400,0.7635749999999999,0.771003644838595,0.15,0.315
HarmBench,ToxicChat,all-mpnet-base-v2,3,B1w_SigmaW,400,0.78775,0.7949385061348055,0.17,0.355
HarmBench,ToxicChat,all-mpnet-base-v2,3,DELONG_B1w_vs_A1,400,0.024903588718492964,,,
HarmBench,XSTest,all-mpnet-base-v2,3,A1_raw,400,0.7656000000000001,0.7913886617206853,0.095,0.42
HarmBench,XSTest,all-mpnet-base-v2,3,B1_raw,400,0.8061000000000001,0.8211624434437803,0.17,0.475
HarmBench,XSTest,all-mpnet-base-v2,3,B1b_SigmaT,400,0.8127500000000001,0.8206450164837791,0.135,0.5
HarmBench,XSTest,all-mpnet-base-v2,3,B1w_SigmaW,400,0.8197999999999999,0.8217778213499173,0.125,0.525
HarmBench,XSTest,all-mpnet-base-v2,3,DELONG_B1w_vs_A1,400,0.002411506668129171,,,
HarmBench,AdvBench,all-mpnet-base-v2,3,A1_raw,400,0.968825,0.96206359533868,0.455,0.88
HarmBench,AdvBench,all-mpnet-base-v2,3,B1_raw,400,0.9944999999999999,0.9943283022364846,0.89,0.99
HarmBench,AdvBench,all-mpnet-base-v2,3,B1b_SigmaT,400,0.994175,0.9941887729592149,0.945,0.985
HarmBench,AdvBench,all-mpnet-base-v2,3,B1w_SigmaW,400,0.995075,0.9950433360020697,0.965,0.995
HarmBench,AdvBench,all-mpnet-base-v2,3,DELONG_B1w_vs_A1,400,0.00012776742770426175,,,
HarmBench,HarmBench,all-mpnet-base-v2,3,A1_raw,400,0.942925,0.9368034171250983,0.34,0.705
HarmBench,HarmBench,all-mpnet-base-v2,3,B1_raw,400,0.9951749999999999,0.9951623821187623,0.885,0.985
HarmBench,HarmBench,all-mpnet-base-v2,3,B1b_SigmaT,400,1.0,1.0,1.0,1.0
HarmBench,HarmBench,all-mpnet-base-v2,3,B1w_SigmaW,400,1.0,1.0,1.0,1.0
HarmBench,HarmBench,all-mpnet-base-v2,3,DELONG_B1w_vs_A1,400,2.170578885518637e-07,,,
HarmBench,Wild,all-mpnet-base-v2,4,A1_raw,400,0.5100750000000001,0.5093304359927255,0.01,0.04
HarmBench,Wild,all-mpnet-base-v2,4,B1_raw,400,0.62905,0.6165332670188045,0.035,0.085
HarmBench,Wild,all-mpnet-base-v2,4,B1b_SigmaT,400,0.565675,0.5593216984994039,0.02,0.07
HarmBench,Wild,all-mpnet-base-v2,4,B1w_SigmaW,400,0.574275,0.572340592773942,0.025,0.055
HarmBench,Wild,all-mpnet-base-v2,4,DELONG_B1w_vs_A1,400,0.04942986380745684,,,
HarmBench,ToxicChat,all-mpnet-base-v2,4,A1_raw,400,0.8062250000000002,0.7630894388193107,0.045,0.17
HarmBench,ToxicChat,all-mpnet-base-v2,4,B1_raw,400,0.8440500000000001,0.8308729094756768,0.145,0.365
HarmBench,ToxicChat,all-mpnet-base-v2,4,B1b_SigmaT,400,0.7825,0.7760320154373633,0.18,0.29
HarmBench,ToxicChat,all-mpnet-base-v2,4,B1w_SigmaW,400,0.7931999999999999,0.7912106270035599,0.2,0.345
HarmBench,ToxicChat,all-mpnet-base-v2,4,DELONG_B1w_vs_A1,400,0.6136815719421509,,,
HarmBench,XSTest,all-mpnet-base-v2,4,A1_raw,400,0.7473749999999999,0.7674089389235794,0.07,0.415
HarmBench,XSTest,all-mpnet-base-v2,4,B1_raw,400,0.790875,0.8161794684286137,0.21,0.46
HarmBench,XSTest,all-mpnet-base-v2,4,B1b_SigmaT,400,0.8049499999999999,0.787437152704045,0.075,0.36
HarmBench,XSTest,all-mpnet-base-v2,4,B1w_SigmaW,400,0.815375,0.7996773775665473,0.07,0.395
HarmBench,XSTest,all-mpnet-base-v2,4,DELONG_B1w_vs_A1,400,0.0010258654845460846,,,
HarmBench,AdvBench,all-mpnet-base-v2,4,A1_raw,400,0.966625,0.9518672830921916,0.53,0.835
HarmBench,AdvBench,all-mpnet-base-v2,4,B1_raw,400,0.995475,0.99579928201393,0.92,0.97
HarmBench,AdvBench,all-mpnet-base-v2,4,B1b_SigmaT,400,0.996775,0.9969617831474593,0.945,0.985
HarmBench,AdvBench,all-mpnet-base-v2,4,B1w_SigmaW,400,0.9979,0.99801053843828,0.96,0.985
HarmBench,AdvBench,all-mpnet-base-v2,4,DELONG_B1w_vs_A1,400,0.00020791559598065668,,,
HarmBench,HarmBench,all-mpnet-base-v2,4,A1_raw,400,0.9405999999999999,0.9415167762833452,0.555,0.695
HarmBench,HarmBench,all-mpnet-base-v2,4,B1_raw,400,0.9938750000000001,0.9938477993044132,0.92,0.975
HarmBench,HarmBench,all-mpnet-base-v2,4,B1b_SigmaT,400,1.0,1.0,1.0,1.0
HarmBench,HarmBench,all-mpnet-base-v2,4,B1w_SigmaW,400,1.0,1.0,1.0,1.0
HarmBench,HarmBench,all-mpnet-base-v2,4,DELONG_B1w_vs_A1,400,4.110822970915251e-08,,,
HarmBench,Wild,bge-base-en-v1.5,0,A1_raw,400,0.5621625,0.566072072509551,0.015,0.095
HarmBench,Wild,bge-base-en-v1.5,0,B1_raw,400,0.6894625,0.663113406954128,0.04,0.125
HarmBench,Wild,bge-base-en-v1.5,0,B1b_SigmaT,400,0.5606749999999999,0.5536942595625101,0.0,0.095
HarmBench,Wild,bge-base-en-v1.5,0,B1w_SigmaW,400,0.5748,0.5655475378330592,0.015,0.09
HarmBench,Wild,bge-base-en-v1.5,0,DELONG_B1w_vs_A1,400,0.7292586984132308,,,
HarmBench,ToxicChat,bge-base-en-v1.5,0,A1_raw,400,0.6900249999999999,0.6867924386963632,0.075,0.235
HarmBench,ToxicChat,bge-base-en-v1.5,0,B1_raw,400,0.719675,0.6605986937638937,0.02,0.11
HarmBench,ToxicChat,bge-base-en-v1.5,0,B1b_SigmaT,400,0.657875,0.6606500225966749,0.085,0.2
HarmBench,ToxicChat,bge-base-en-v1.5,0,B1w_SigmaW,400,0.679175,0.6729262445730868,0.075,0.18
HarmBench,ToxicChat,bge-base-en-v1.5,0,DELONG_B1w_vs_A1,400,0.7398713607712502,,,
HarmBench,XSTest,bge-base-en-v1.5,0,A1_raw,400,0.7728249999999999,0.7637514153285263,0.07,0.255
HarmBench,XSTest,bge-base-en-v1.5,0,B1_raw,400,0.7501,0.754906863466716,0.09,0.25
HarmBench,XSTest,bge-base-en-v1.5,0,B1b_SigmaT,400,0.667625,0.633725493913802,0.02,0.125
HarmBench,XSTest,bge-base-en-v1.5,0,B1w_SigmaW,400,0.68845,0.6511548220260769,0.02,0.12
HarmBench,XSTest,bge-base-en-v1.5,0,DELONG_B1w_vs_A1,400,0.009296086818511906,,,
HarmBench,AdvBench,bge-base-en-v1.5,0,A1_raw,400,0.94005,0.9334355556051461,0.355,0.64
HarmBench,AdvBench,bge-base-en-v1.5,0,B1_raw,400,0.995725,0.9958308000213304,0.93,0.99
HarmBench,AdvBench,bge-base-en-v1.5,0,B1b_SigmaT,400,0.99775,0.9978026405855793,0.955,0.99
HarmBench,AdvBench,bge-base-en-v1.5,0,B1w_SigmaW,400,0.9982,0.9982555531575277,0.96,0.99
HarmBench,AdvBench,bge-base-en-v1.5,0,DELONG_B1w_vs_A1,400,1.5844156830979728e-07,,,
HarmBench,HarmBench,bge-base-en-v1.5,0,A1_raw,400,0.891,0.8855920363787012,0.335,0.44
HarmBench,HarmBench,bge-base-en-v1.5,0,B1_raw,400,0.98865,0.9888392063608172,0.87,0.945
HarmBench,HarmBench,bge-base-en-v1.5,0,B1b_SigmaT,400,1.0,1.0,1.0,1.0
HarmBench,HarmBench,bge-base-en-v1.5,0,B1w_SigmaW,400,1.0,1.0,1.0,1.0
HarmBench,HarmBench,bge-base-en-v1.5,0,DELONG_B1w_vs_A1,400,9.246381438288154e-12,,,
HarmBench,Wild,bge-base-en-v1.5,1,A1_raw,400,0.5009125000000001,0.5063645003253476,0.025,0.05
HarmBench,Wild,bge-base-en-v1.5,1,B1_raw,400,0.6545874999999999,0.6041101463260214,0.02,0.08
HarmBench,Wild,bge-base-en-v1.5,1,B1b_SigmaT,400,0.534075,0.5153470301530989,0.005,0.045
HarmBench,Wild,bge-base-en-v1.5,1,B1w_SigmaW,400,0.5645749999999999,0.5383156682381307,0.005,0.07
HarmBench,Wild,bge-base-en-v1.5,1,DELONG_B1w_vs_A1,400,0.06912599235065309,,,
HarmBench,ToxicChat,bge-base-en-v1.5,1,A1_raw,400,0.6643749999999999,0.6500056825204774,0.03,0.17
HarmBench,ToxicChat,bge-base-en-v1.5,1,B1_raw,400,0.7418,0.6854454071477347,0.015,0.165
HarmBench,ToxicChat,bge-base-en-v1.5,1,B1b_SigmaT,400,0.6773250000000001,0.6568764922298447,0.04,0.13
HarmBench,ToxicChat,bge-base-en-v1.5,1,B1w_SigmaW,400,0.714175,0.686514450943307,0.07,0.155
HarmBench,ToxicChat,bge-base-en-v1.5,1,DELONG_B1w_vs_A1,400,0.11455084541752725,,,
HarmBench,XSTest,bge-base-en-v1.5,1,A1_raw,400,0.7731,0.7501686618934545,0.02,0.2
HarmBench,XSTest,bge-base-en-v1.5,1,B1_raw,400,0.7559499999999999,0.769745153454916,0.085,0.315
HarmBench,XSTest,bge-base-en-v1.5,1,B1b_SigmaT,400,0.7418500000000001,0.7460656296234611,0.07,0.29
HarmBench,XSTest,bge-base-en-v1.5,1,B1w_SigmaW,400,0.76535,0.76625345377778,0.07,0.315
HarmBench,XSTest,bge-base-en-v1.5,1,DELONG_B1w_vs_A1,400,0.7530269859135954,,,
HarmBench,AdvBench,bge-base-en-v1.5,1,A1_raw,400,0.947225,0.936997289979301,0.305,0.58
HarmBench,AdvBench,bge-base-en-v1.5,1,B1_raw,400,0.9963,0.9965200818354202,0.955,0.985
HarmBench,AdvBench,bge-base-en-v1.5,1,B1b_SigmaT,400,0.9966499999999999,0.9970931930475799,0.965,0.99
HarmBench,AdvBench,bge-base-en-v1.5,1,B1w_SigmaW,400,0.99705,0.9974050685198399,0.955,0.99
HarmBench,AdvBench,bge-base-en-v1.5,1,DELONG_B1w_vs_A1,400,2.5913380046205248e-06,,,
HarmBench,HarmBench,bge-base-en-v1.5,1,A1_raw,400,0.9064749999999999,0.9101940528049067,0.41,0.575
HarmBench,HarmBench,bge-base-en-v1.5,1,B1_raw,400,0.990425,0.9916353875560548,0.88,0.95
HarmBench,HarmBench,bge-base-en-v1.5,1,B1b_SigmaT,400,1.0,1.0,1.0,1.0
HarmBench,HarmBench,bge-base-en-v1.5,1,B1w_SigmaW,400,1.0,1.0,1.0,1.0
HarmBench,HarmBench,bge-base-en-v1.5,1,DELONG_B1w_vs_A1,400,8.91617890630414e-11,,,
HarmBench,Wild,bge-base-en-v1.5,2,A1_raw,400,0.545625,0.5390145924093132,0.02,0.06
HarmBench,Wild,bge-base-en-v1.5,2,B1_raw,400,0.6452249999999999,0.6317086351461849,0.05,0.115
HarmBench,Wild,bge-base-en-v1.5,2,B1b_SigmaT,400,0.6762,0.672647305626904,0.07,0.16
HarmBench,Wild,bge-base-en-v1.5,2,B1w_SigmaW,400,0.676175,0.6779297945056407,0.085,0.2
HarmBench,Wild,bge-base-en-v1.5,2,DELONG_B1w_vs_A1,400,6.0099657468892786e-05,,,
HarmBench,ToxicChat,bge-base-en-v1.5,2,A1_raw,400,0.716225,0.7122009639878456,0.06,0.265
HarmBench,ToxicChat,bge-base-en-v1.5,2,B1_raw,400,0.722525,0.6905024888543845,0.09,0.185
HarmBench,ToxicChat,bge-base-en-v1.5,2,B1b_SigmaT,400,0.7097749999999999,0.6990284860977869,0.045,0.26
HarmBench,ToxicChat,bge-base-en-v1.5,2,B1w_SigmaW,400,0.735325,0.7216539138352465,0.06,0.275
HarmBench,ToxicChat,bge-base-en-v1.5,2,DELONG_B1w_vs_A1,400,0.5195426730235457,,,
HarmBench,XSTest,bge-base-en-v1.5,2,A1_raw,400,0.75735,0.7239838621891966,0.04,0.15
HarmBench,XSTest,bge-base-en-v1.5,2,B1_raw,400,0.7478499999999999,0.7534798597253036,0.07,0.25
HarmBench,XSTest,bge-base-en-v1.5,2,B1b_SigmaT,400,0.709,0.6887374394986155,0.055,0.17
HarmBench,XSTest,bge-base-en-v1.5,2,B1w_SigmaW,400,0.7199499999999999,0.7006521002626155,0.075,0.19
HarmBench,XSTest,bge-base-en-v1.5,2,DELONG_B1w_vs_A1,400,0.2123157062561143,,,
HarmBench,AdvBench,bge-base-en-v1.5,2,A1_raw,400,0.910625,0.8980190110149773,0.23,0.52
HarmBench,AdvBench,bge-base-en-v1.5,2,B1_raw,400,0.99115,0.9908173727812675,0.885,0.97
HarmBench,AdvBench,bge-base-en-v1.5,2,B1b_SigmaT,400,0.993725,0.9945166201425168,0.94,0.965
HarmBench,AdvBench,bge-base-en-v1.5,2,B1w_SigmaW,400,0.9947499999999999,0.9953434216149921,0.94,0.965
HarmBench,AdvBench,bge-base-en-v1.5,2,DELONG_B1w_vs_A1,400,1.2360488188534191e-09,,,
HarmBench,HarmBench,bge-base-en-v1.5,2,A1_raw,400,0.8953749999999999,0.9020894185425244,0.4,0.53
HarmBench,HarmBench,bge-base-en-v1.5,2,B1_raw,400,0.9894000000000001,0.9905231432948854,0.865,0.95
HarmBench,HarmBench,bge-base-en-v1.5,2,B1b_SigmaT,400,1.0,1.0,1.0,1.0
HarmBench,HarmBench,bge-base-en-v1.5,2,B1w_SigmaW,400,1.0,1.0,1.0,1.0
HarmBench,HarmBench,bge-base-en-v1.5,2,DELONG_B1w_vs_A1,400,9.024114788758197e-12,,,
HarmBench,Wild,bge-base-en-v1.5,3,A1_raw,400,0.5499125,0.537793120992162,0.01,0.045
HarmBench,Wild,bge-base-en-v1.5,3,B1_raw,400,0.6930125,0.6614475251193489,0.03,0.125
HarmBench,Wild,bge-base-en-v1.5,3,B1b_SigmaT,400,0.605325,0.6018029353161523,0.04,0.115
HarmBench,Wild,bge-base-en-v1.5,3,B1w_SigmaW,400,0.6272,0.6199476563666999,0.045,0.14
HarmBench,Wild,bge-base-en-v1.5,3,DELONG_B1w_vs_A1,400,0.029840722293713595,,,
HarmBench,ToxicChat,bge-base-en-v1.5,3,A1_raw,400,0.70395,0.7045745369662073,0.08,0.18
HarmBench,ToxicChat,bge-base-en-v1.5,3,B1_raw,400,0.7440249999999999,0.73077287248977,0.13,0.17
HarmBench,ToxicChat,bge-base-en-v1.5,3,B1b_SigmaT,400,0.72625,0.7016949087349458,0.025,0.205
HarmBench,ToxicChat,bge-base-en-v1.5,3,B1w_SigmaW,400,0.74125,0.7152803723746008,0.04,0.2
HarmBench,ToxicChat,bge-base-en-v1.5,3,DELONG_B1w_vs_A1,400,0.2552763018648099,,,
HarmBench,XSTest,bge-base-en-v1.5,3,A1_raw,400,0.779975,0.7646330680195663,0.07,0.22
HarmBench,XSTest,bge-base-en-v1.5,3,B1_raw,400,0.7586,0.7583866217006213,0.075,0.225
HarmBench,XSTest,bge-base-en-v1.5,3,B1b_SigmaT,400,0.7235499999999999,0.7034563712880514,0.045,0.215
HarmBench,XSTest,bge-base-en-v1.5,3,B1w_SigmaW,400,0.7501,0.7288686625554942,0.04,0.235
HarmBench,XSTest,bge-base-en-v1.5,3,DELONG_B1w_vs_A1,400,0.24814784283502078,,,
HarmBench,AdvBench,bge-base-en-v1.5,3,A1_raw,400,0.9175,0.8971306280951427,0.25,0.42
HarmBench,AdvBench,bge-base-en-v1.5,3,B1_raw,400,0.9973000000000001,0.9972495060072636,0.96,0.995
HarmBench,AdvBench,bge-base-en-v1.5,3,B1b_SigmaT,400,0.9956,0.9960248712094633,0.945,0.975
HarmBench,AdvBench,bge-base-en-v1.5,3,B1w_SigmaW,400,0.9975,0.9977445292489979,0.965,0.985
HarmBench,AdvBench,bge-base-en-v1.5,3,DELONG_B1w_vs_A1,400,1.05190629540175e-08,,,
HarmBench,HarmBench,bge-base-en-v1.5,3,A1_raw,400,0.895675,0.8965944027214637,0.325,0.48
HarmBench,HarmBench,bge-base-en-v1.5,3,B1_raw,400,0.995725,0.9960818082498103,0.925,0.985
HarmBench,HarmBench,bge-base-en-v1.5,3,B1b_SigmaT,400,1.0,1.0,1.0,1.0
HarmBench,HarmBench,bge-base-en-v1.5,3,B1w_SigmaW,400,1.0,1.0,1.0,1.0
HarmBench,HarmBench,bge-base-en-v1.5,3,DELONG_B1w_vs_A1,400,1.9986901023116843e-11,,,
HarmBench,Wild,bge-base-en-v1.5,4,A1_raw,400,0.549175,0.5587706558361585,0.01,0.115
HarmBench,Wild,bge-base-en-v1.5,4,B1_raw,400,0.6361500000000001,0.6002930232960593,0.035,0.065
HarmBench,Wild,bge-base-en-v1.5,4,B1b_SigmaT,400,0.6271249999999999,0.606618798920042,0.06,0.11
HarmBench,Wild,bge-base-en-v1.5,4,B1w_SigmaW,400,0.635375,0.6181374857845814,0.055,0.1
HarmBench,Wild,bge-base-en-v1.5,4,DELONG_B1w_vs_A1,400,0.012413619088673222,,,
HarmBench,ToxicChat,bge-base-en-v1.5,4,A1_raw,400,0.672775,0.6437389647931209,0.005,0.175
HarmBench,ToxicChat,bge-base-en-v1.5,4,B1_raw,400,0.6829500000000001,0.6356022459190327,0.025,0.1
HarmBench,ToxicChat,bge-base-en-v1.5,4,B1b_SigmaT,400,0.6642750000000001,0.6344309766036034,0.03,0.12
HarmBench,ToxicChat,bge-base-en-v1.5,4,B1w_SigmaW,400,0.688075,0.6510183498393857,0.055,0.115
HarmBench,ToxicChat,bge-base-en-v1.5,4,DELONG_B1w_vs_A1,400,0.6364374665173167,,,
HarmBench,XSTest,bge-base-en-v1.5,4,A1_raw,400,0.7615249999999999,0.7311351197491779,0.055,0.15
HarmBench,XSTest,bge-base-en-v1.5,4,B1_raw,400,0.75,0.7562783846040279,0.08,0.235
HarmBench,XSTest,bge-base-en-v1.5,4,B1b_SigmaT,400,0.695625,0.6884727378837195,0.07,0.175
HarmBench,XSTest,bge-base-en-v1.5,4,B1w_SigmaW,400,0.7192500000000001,0.7076806883076961,0.065,0.15
HarmBench,XSTest,bge-base-en-v1.5,4,DELONG_B1w_vs_A1,400,0.14734868925846478,,,
HarmBench,AdvBench,bge-base-en-v1.5,4,A1_raw,400,0.9209499999999999,0.9016191256558671,0.21,0.45
HarmBench,AdvBench,bge-base-en-v1.5,4,B1_raw,400,0.99805,0.9980820192714392,0.96,0.995
HarmBench,AdvBench,bge-base-en-v1.5,4,B1b_SigmaT,400,0.995175,0.9952277258012936,0.87,0.98
HarmBench,AdvBench,bge-base-en-v1.5,4,B1w_SigmaW,400,0.99715,0.9971554964182735,0.915,0.985
HarmBench,AdvBench,bge-base-en-v1.5,4,DELONG_B1w_vs_A1,400,1.6656955592608824e-08,,,
HarmBench,HarmBench,bge-base-en-v1.5,4,A1_raw,400,0.8941249999999998,0.8957350035081357,0.315,0.575
HarmBench,HarmBench,bge-base-en-v1.5,4,B1_raw,400,0.9905999999999999,0.9912275535893059,0.89,0.97
HarmBench,HarmBench,bge-base-en-v1.5,4,B1b_SigmaT,400,1.0,1.0,1.0,1.0
HarmBench,HarmBench,bge-base-en-v1.5,4,B1w_SigmaW,400,1.0,1.0,1.0,1.0
HarmBench,HarmBench,bge-base-en-v1.5,4,DELONG_B1w_vs_A1,400,2.8247182370932933e-11,,,
HarmBench,Wild,bge-large-en-v1.5,0,A1_raw,400,0.6133375,0.6050324318416425,0.02,0.115
HarmBench,Wild,bge-large-en-v1.5,0,B1_raw,400,0.7022625,0.6824273801355039,0.085,0.15
HarmBench,Wild,bge-large-en-v1.5,0,B1b_SigmaT,400,0.685175,0.6874857042506876,0.05,0.17
HarmBench,Wild,bge-large-en-v1.5,0,B1w_SigmaW,400,0.703625,0.7074503622142925,0.065,0.185
HarmBench,Wild,bge-large-en-v1.5,0,DELONG_B1w_vs_A1,400,0.0011914147621212567,,,
HarmBench,ToxicChat,bge-large-en-v1.5,0,A1_raw,400,0.740775,0.731875254857368,0.12,0.22
HarmBench,ToxicChat,bge-large-en-v1.5,0,B1_raw,400,0.7659750000000001,0.718517957872572,0.05,0.175
HarmBench,ToxicChat,bge-large-en-v1.5,0,B1b_SigmaT,400,0.7855249999999999,0.7681200974078521,0.11,0.23
HarmBench,ToxicChat,bge-large-en-v1.5,0,B1w_SigmaW,400,0.7991499999999998,0.7779840200444654,0.11,0.255
HarmBench,ToxicChat,bge-large-en-v1.5,0,DELONG_B1w_vs_A1,400,0.019171149051857128,,,
HarmBench,XSTest,bge-large-en-v1.5,0,A1_raw,400,0.7544,0.7597405711001339,0.095,0.355
HarmBench,XSTest,bge-large-en-v1.5,0,B1_raw,400,0.76125,0.793455354238615,0.185,0.375
HarmBench,XSTest,bge-large-en-v1.5,0,B1b_SigmaT,400,0.632825,0.6216123267935104,0.04,0.165
HarmBench,XSTest,bge-large-en-v1.5,0,B1w_SigmaW,400,0.658775,0.6466087831508369,0.035,0.185
HarmBench,XSTest,bge-large-en-v1.5,0,DELONG_B1w_vs_A1,400,0.007526781262378268,,,
HarmBench,AdvBench,bge-large-en-v1.5,0,A1_raw,400,0.9639250000000001,0.9545172084870519,0.32,0.88
HarmBench,AdvBench,bge-large-en-v1.5,0,B1_raw,400,0.9941249999999999,0.9936714886435571,0.86,0.985
HarmBench,AdvBench,bge-large-en-v1.5,0,B1b_SigmaT,400,0.9979250000000001,0.9979089732237589,0.945,0.995
HarmBench,AdvBench,bge-large-en-v1.5,0,B1w_SigmaW,400,0.998475,0.998489333221193,0.975,0.995
HarmBench,AdvBench,bge-large-en-v1.5,0,DELONG_B1w_vs_A1,400,0.00011424206432875117,,,
HarmBench,HarmBench,bge-large-en-v1.5,0,A1_raw,400,0.91585,0.9098614048811469,0.34,0.475
HarmBench,HarmBench,bge-large-en-v1.5,0,B1_raw,400,0.990525,0.9911811722265299,0.87,0.935
HarmBench,HarmBench,bge-large-en-v1.5,0,B1b_SigmaT,400,1.0,1.0,1.0,1.0
HarmBench,HarmBench,bge-large-en-v1.5,0,B1w_SigmaW,400,1.0,1.0,1.0,1.0
HarmBench,HarmBench,bge-large-en-v1.5,0,DELONG_B1w_vs_A1,400,1.1234841945650942e-09,,,
HarmBench,Wild,bge-large-en-v1.5,1,A1_raw,400,0.5455875,0.5445385737115979,0.015,0.085
HarmBench,Wild,bge-large-en-v1.5,1,B1_raw,400,0.6502874999999999,0.6212550624988298,0.025,0.135
HarmBench,Wild,bge-large-en-v1.5,1,B1b_SigmaT,400,0.5172749999999999,0.5242379732333386,0.01,0.07
HarmBench,Wild,bge-large-en-v1.5,1,B1w_SigmaW,400,0.5368875,0.5343278883352627,0.02,0.06
HarmBench,Wild,bge-large-en-v1.5,1,DELONG_B1w_vs_A1,400,0.7796185738519574,,,
HarmBench,ToxicChat,bge-large-en-v1.5,1,A1_raw,400,0.7429250000000001,0.7374596784392856,0.14,0.24
HarmBench,ToxicChat,bge-large-en-v1.5,1,B1_raw,400,0.78705,0.7486343167077143,0.085,0.18
HarmBench,ToxicChat,bge-large-en-v1.5,1,B1b_SigmaT,400,0.7995000000000001,0.7746499804253564,0.065,0.27
HarmBench,ToxicChat,bge-large-en-v1.5,1,B1w_SigmaW,400,0.8123499999999999,0.7861262087561123,0.1,0.27
HarmBench,ToxicChat,bge-large-en-v1.5,1,DELONG_B1w_vs_A1,400,0.008040559139684156,,,
HarmBench,XSTest,bge-large-en-v1.5,1,A1_raw,400,0.7566,0.7593707504482246,0.095,0.39
HarmBench,XSTest,bge-large-en-v1.5,1,B1_raw,400,0.75565,0.7956122788273549,0.245,0.385
HarmBench,XSTest,bge-large-en-v1.5,1,B1b_SigmaT,400,0.6892750000000001,0.693959193044408,0.045,0.21
HarmBench,XSTest,bge-large-en-v1.5,1,B1w_SigmaW,400,0.7139249999999999,0.7248346544862085,0.09,0.25
HarmBench,XSTest,bge-large-en-v1.5,1,DELONG_B1w_vs_A1,400,0.12830291294010387,,,
HarmBench,AdvBench,bge-large-en-v1.5,1,A1_raw,400,0.968175,0.9617270291896706,0.39,0.835
HarmBench,AdvBench,bge-large-en-v1.5,1,B1_raw,400,0.9934999999999999,0.9936970491780732,0.94,0.98
HarmBench,AdvBench,bge-large-en-v1.5,1,B1b_SigmaT,400,0.9984,0.9983870492108561,0.945,0.995
HarmBench,AdvBench,bge-large-en-v1.5,1,B1w_SigmaW,400,0.998575,0.9985552486824365,0.955,1.0
HarmBench,AdvBench,bge-large-en-v1.5,1,DELONG_B1w_vs_A1,400,0.00015480802642908742,,,
HarmBench,HarmBench,bge-large-en-v1.5,1,A1_raw,400,0.9312499999999999,0.9259037260686376,0.345,0.59
HarmBench,HarmBench,bge-large-en-v1.5,1,B1_raw,400,0.9900500000000001,0.9910925142257008,0.91,0.95
HarmBench,HarmBench,bge-large-en-v1.5,1,B1b_SigmaT,400,1.0,1.0,1.0,1.0
HarmBench,HarmBench,bge-large-en-v1.5,1,B1w_SigmaW,400,1.0,1.0,1.0,1.0
HarmBench,HarmBench,bge-large-en-v1.5,1,DELONG_B1w_vs_A1,400,1.8634482179535894e-08,,,
HarmBench,Wild,bge-large-en-v1.5,2,A1_raw,400,0.565,0.5630668603846294,0.045,0.11
HarmBench,Wild,bge-large-en-v1.5,2,B1_raw,400,0.6640250000000001,0.6402864676877269,0.06,0.12
HarmBench,Wild,bge-large-en-v1.5,2,B1b_SigmaT,400,0.6374,0.6409173623925455,0.08,0.155
HarmBench,Wild,bge-large-en-v1.5,2,B1w_SigmaW,400,0.651025,0.65550779226162,0.07,0.14
HarmBench,Wild,bge-large-en-v1.5,2,DELONG_B1w_vs_A1,400,0.0023032470939792216,,,
HarmBench,ToxicChat,bge-large-en-v1.5,2,A1_raw,400,0.771,0.7824601694159193,0.18,0.34
HarmBench,ToxicChat,bge-large-en-v1.5,2,B1_raw,400,0.7493499999999998,0.728765526256631,0.095,0.16
HarmBench,ToxicChat,bge-large-en-v1.5,2,B1b_SigmaT,400,0.755425,0.7389684365511378,0.1,0.195
HarmBench,ToxicChat,bge-large-en-v1.5,2,B1w_SigmaW,400,0.7850499999999999,0.7706452167913158,0.09,0.28
HarmBench,ToxicChat,bge-large-en-v1.5,2,DELONG_B1w_vs_A1,400,0.5985013995010611,,,
HarmBench,XSTest,bge-large-en-v1.5,2,A1_raw,400,0.745,0.7462996204710732,0.095,0.295
HarmBench,XSTest,bge-large-en-v1.5,2,B1_raw,400,0.74915,0.7844664448217755,0.15,0.355
HarmBench,XSTest,bge-large-en-v1.5,2,B1b_SigmaT,400,0.65065,0.6534348830669623,0.05,0.18
HarmBench,XSTest,bge-large-en-v1.5,2,B1w_SigmaW,400,0.6778500000000001,0.6867614584722839,0.065,0.225
HarmBench,XSTest,bge-large-en-v1.5,2,DELONG_B1w_vs_A1,400,0.027887027025764066,,,
HarmBench,AdvBench,bge-large-en-v1.5,2,A1_raw,400,0.939975,0.9350865107884481,0.295,0.665
HarmBench,AdvBench,bge-large-en-v1.5,2,B1_raw,400,0.987175,0.9864063872177514,0.815,0.945
HarmBench,AdvBench,bge-large-en-v1.5,2,B1b_SigmaT,400,0.99575,0.9960292688719623,0.93,0.97
HarmBench,AdvBench,bge-large-en-v1.5,2,B1w_SigmaW,400,0.995725,0.9959605284010129,0.93,0.97
HarmBench,AdvBench,bge-large-en-v1.5,2,DELONG_B1w_vs_A1,400,2.642102954197867e-07,,,
HarmBench,HarmBench,bge-large-en-v1.5,2,A1_raw,400,0.9313499999999999,0.9293228477917481,0.355,0.625
HarmBench,HarmBench,bge-large-en-v1.5,2,B1_raw,400,0.99195,0.9926477894966245,0.89,0.97
HarmBench,HarmBench,bge-large-en-v1.5,2,B1b_SigmaT,400,1.0,1.0,1.0,1.0
HarmBench,HarmBench,bge-large-en-v1.5,2,B1w_SigmaW,400,1.0,1.0,1.0,1.0
HarmBench,HarmBench,bge-large-en-v1.5,2,DELONG_B1w_vs_A1,400,1.3148682809216439e-08,,,
HarmBench,Wild,bge-large-en-v1.5,3,A1_raw,400,0.5831124999999999,0.5564304319037205,0.015,0.08
HarmBench,Wild,bge-large-en-v1.5,3,B1_raw,400,0.6893374999999999,0.6566549908511761,0.02,0.135
HarmBench,Wild,bge-large-en-v1.5,3,B1b_SigmaT,400,0.6079249999999999,0.6215962896158329,0.08,0.11
HarmBench,Wild,bge-large-en-v1.5,3,B1w_SigmaW,400,0.6217,0.6298708099755499,0.06,0.135
HarmBench,Wild,bge-large-en-v1.5,3,DELONG_B1w_vs_A1,400,0.1652358146925781,,,
HarmBench,ToxicChat,bge-large-en-v1.5,3,A1_raw,400,0.7545000000000001,0.7758212760338274,0.185,0.36
HarmBench,ToxicChat,bge-large-en-v1.5,3,B1_raw,400,0.7668999999999999,0.7761585865395245,0.17,0.32
HarmBench,ToxicChat,bge-large-en-v1.5,3,B1b_SigmaT,400,0.7937,0.78960173277699,0.175,0.29
HarmBench,ToxicChat,bge-large-en-v1.5,3,B1w_SigmaW,400,0.79935,0.7977580903316114,0.165,0.29
HarmBench,ToxicChat,bge-large-en-v1.5,3,DELONG_B1w_vs_A1,400,0.09332464091146497,,,
HarmBench,XSTest,bge-large-en-v1.5,3,A1_raw,400,0.7567750000000001,0.759610827081622,0.095,0.34
HarmBench,XSTest,bge-large-en-v1.5,3,B1_raw,400,0.7615250000000001,0.7891701261931485,0.12,0.395
HarmBench,XSTest,bge-large-en-v1.5,3,B1b_SigmaT,400,0.7138249999999999,0.7177677613742269,0.09,0.265
HarmBench,XSTest,bge-large-en-v1.5,3,B1w_SigmaW,400,0.728,0.7380909879462484,0.115,0.25
HarmBench,XSTest,bge-large-en-v1.5,3,DELONG_B1w_vs_A1,400,0.28943733970281826,,,
HarmBench,AdvBench,bge-large-en-v1.5,3,A1_raw,400,0.94025,0.9264588032412332,0.31,0.665
HarmBench,AdvBench,bge-large-en-v1.5,3,B1_raw,400,0.994425,0.9942705274422518,0.935,0.975
HarmBench,AdvBench,bge-large-en-v1.5,3,B1b_SigmaT,400,0.9958750000000001,0.9963582219707651,0.955,0.985
HarmBench,AdvBench,bge-large-en-v1.5,3,B1w_SigmaW,400,0.996875,0.997075851328665,0.945,0.985
HarmBench,AdvBench,bge-large-en-v1.5,3,DELONG_B1w_vs_A1,400,4.809644511549749e-07,,,
HarmBench,HarmBench,bge-large-en-v1.5,3,A1_raw,400,0.9282249999999999,0.9214240277285107,0.335,0.595
HarmBench,HarmBench,bge-large-en-v1.5,3,B1_raw,400,0.99555,0.9956377347248582,0.895,0.99
HarmBench,HarmBench,bge-large-en-v1.5,3,B1b_SigmaT,400,1.0,1.0,1.0,1.0
HarmBench,HarmBench,bge-large-en-v1.5,3,B1w_SigmaW,400,1.0,1.0,1.0,1.0
HarmBench,HarmBench,bge-large-en-v1.5,3,DELONG_B1w_vs_A1,400,1.7214496716988492e-08,,,
HarmBench,Wild,bge-large-en-v1.5,4,A1_raw,400,0.58875,0.573200132802343,0.015,0.08
HarmBench,Wild,bge-large-en-v1.5,4,B1_raw,400,0.6340749999999999,0.6207442071119211,0.04,0.125
HarmBench,Wild,bge-large-en-v1.5,4,B1b_SigmaT,400,0.626875,0.6219313944563849,0.035,0.105
HarmBench,Wild,bge-large-en-v1.5,4,B1w_SigmaW,400,0.641675,0.6425037958617748,0.055,0.135
HarmBench,Wild,bge-large-en-v1.5,4,DELONG_B1w_vs_A1,400,0.03378435876707364,,,
HarmBench,ToxicChat,bge-large-en-v1.5,4,A1_raw,400,0.7351000000000001,0.7097930442990728,0.005,0.23
HarmBench,ToxicChat,bge-large-en-v1.5,4,B1_raw,400,0.753625,0.7081913144812257,0.04,0.18
HarmBench,ToxicChat,bge-large-en-v1.5,4,B1b_SigmaT,400,0.770975,0.7331884578155445,0.095,0.2
HarmBench,ToxicChat,bge-large-en-v1.5,4,B1w_SigmaW,400,0.791475,0.7591318689616524,0.07,0.22
HarmBench,ToxicChat,bge-large-en-v1.5,4,DELONG_B1w_vs_A1,400,0.02582629721060825,,,
HarmBench,XSTest,bge-large-en-v1.5,4,A1_raw,400,0.7464,0.7451015417746174,0.09,0.285
HarmBench,XSTest,bge-large-en-v1.5,4,B1_raw,400,0.7565250000000001,0.7867088909080799,0.17,0.43
HarmBench,XSTest,bge-large-en-v1.5,4,B1b_SigmaT,400,0.7017249999999999,0.706163763133676,0.085,0.175
HarmBench,XSTest,bge-large-en-v1.5,4,B1w_SigmaW,400,0.71825,0.7228153253843913,0.085,0.26
HarmBench,XSTest,bge-large-en-v1.5,4,DELONG_B1w_vs_A1,400,0.3377907570390435,,,
HarmBench,AdvBench,bge-large-en-v1.5,4,A1_raw,400,0.9451500000000002,0.9328711362205491,0.285,0.72
HarmBench,AdvBench,bge-large-en-v1.5,4,B1_raw,400,0.9936,0.9941209116656053,0.9,0.96
HarmBench,AdvBench,bge-large-en-v1.5,4,B1b_SigmaT,400,0.9955999999999999,0.9959015761603648,0.94,0.97
HarmBench,AdvBench,bge-large-en-v1.5,4,B1w_SigmaW,400,0.9968,0.9969736537396882,0.945,0.975
HarmBench,AdvBench,bge-large-en-v1.5,4,DELONG_B1w_vs_A1,400,1.999027492871619e-06,,,
HarmBench,HarmBench,bge-large-en-v1.5,4,A1_raw,400,0.9244749999999999,0.9215373167047928,0.32,0.62
HarmBench,HarmBench,bge-large-en-v1.5,4,B1_raw,400,0.9934749999999999,0.9941665944455904,0.93,0.985
HarmBench,HarmBench,bge-large-en-v1.5,4,B1b_SigmaT,400,1.0,1.0,1.0,1.0
HarmBench,HarmBench,bge-large-en-v1.5,4,B1w_SigmaW,400,1.0,1.0,1.0,1.0
HarmBench,HarmBench,bge-large-en-v1.5,4,DELONG_B1w_vs_A1,400,5.5913997876189114e-09,,,
HarmBench,Wild,Qwen3-Embedding-8B,0,A1_raw,400,0.7696125,0.7687793308702755,0.13,0.325
HarmBench,Wild,Qwen3-Embedding-8B,0,B1_raw,400,0.7824125,0.774067194169809,0.08,0.32
HarmBench,Wild,Qwen3-Embedding-8B,0,B1b_SigmaT,400,0.6565,0.7046772235375314,0.16,0.28
HarmBench,Wild,Qwen3-Embedding-8B,0,B1w_SigmaW,400,0.6649125,0.709990718323185,0.13,0.295
HarmBench,Wild,Qwen3-Embedding-8B,0,DELONG_B1w_vs_A1,400,0.0016068199625145496,,,
HarmBench,ToxicChat,Qwen3-Embedding-8B,0,A1_raw,400,0.6629499999999999,0.7142757381354614,0.16,0.285
HarmBench,ToxicChat,Qwen3-Embedding-8B,0,B1_raw,400,0.89755,0.8853434314614926,0.215,0.515
HarmBench,ToxicChat,Qwen3-Embedding-8B,0,B1b_SigmaT,400,0.83605,0.8379681531345792,0.21,0.425
HarmBench,ToxicChat,Qwen3-Embedding-8B,0,B1w_SigmaW,400,0.84375,0.844995575750469,0.245,0.4
HarmBench,ToxicChat,Qwen3-Embedding-8B,0,DELONG_B1w_vs_A1,400,1.2703796437030235e-07,,,
HarmBench,XSTest,Qwen3-Embedding-8B,0,A1_raw,400,0.76555,0.8005688436384748,0.23,0.455
HarmBench,XSTest,Qwen3-Embedding-8B,0,B1_raw,400,0.812775,0.8108162975682383,0.145,0.32
HarmBench,XSTest,Qwen3-Embedding-8B,0,B1b_SigmaT,400,0.8127250000000001,0.7889709647295013,0.03,0.365
HarmBench,XSTest,Qwen3-Embedding-8B,0,B1w_SigmaW,400,0.819475,0.7939696940828586,0.05,0.395
HarmBench,XSTest,Qwen3-Embedding-8B,0,DELONG_B1w_vs_A1,400,0.026056813749870233,,,
HarmBench,AdvBench,Qwen3-Embedding-8B,0,A1_raw,400,0.9761249999999999,0.9780206266369289,0.66,0.89
HarmBench,AdvBench,Qwen3-Embedding-8B,0,B1_raw,400,0.999975,0.9999751243781094,1.0,1.0
HarmBench,AdvBench,Qwen3-Embedding-8B,0,B1b_SigmaT,400,0.9999,0.9999007438057239,1.0,1.0
HarmBench,AdvBench,Qwen3-Embedding-8B,0,B1w_SigmaW,400,0.999925,0.9999254950495049,1.0,1.0
HarmBench,AdvBench,Qwen3-Embedding-8B,0,DELONG_B1w_vs_A1,400,0.00020993023621018736,,,
HarmBench,HarmBench,Qwen3-Embedding-8B,0,A1_raw,400,0.8522750000000001,0.8632688074221035,0.2,0.585
HarmBench,HarmBench,Qwen3-Embedding-8B,0,B1_raw,400,0.999925,0.9999261083743842,0.995,1.0
HarmBench,HarmBench,Qwen3-Embedding-8B,0,B1b_SigmaT,400,1.0,1.0,1.0,1.0
HarmBench,HarmBench,Qwen3-Embedding-8B,0,B1w_SigmaW,400,1.0,1.0,1.0,1.0
HarmBench,HarmBench,Qwen3-Embedding-8B,0,DELONG_B1w_vs_A1,400,3.1086244689504383e-15,,,
HarmBench,Wild,Qwen3-Embedding-8B,1,A1_raw,400,0.7195250000000001,0.7306133349587292,0.09,0.265
HarmBench,Wild,Qwen3-Embedding-8B,1,B1_raw,400,0.7447499999999999,0.7299825305930248,0.035,0.295
HarmBench,Wild,Qwen3-Embedding-8B,1,B1b_SigmaT,400,0.6556500000000001,0.6712083620957137,0.07,0.17
HarmBench,Wild,Qwen3-Embedding-8B,1,B1w_SigmaW,400,0.660875,0.67859899171926,0.07,0.195
HarmBench,Wild,Qwen3-Embedding-8B,1,DELONG_B1w_vs_A1,400,0.08101601472149245,,,
HarmBench,ToxicChat,Qwen3-Embedding-8B,1,A1_raw,400,0.6572,0.7165797459660871,0.205,0.295
HarmBench,ToxicChat,Qwen3-Embedding-8B,1,B1_raw,400,0.91955,0.9196652083036286,0.335,0.655
HarmBench,ToxicChat,Qwen3-Embedding-8B,1,B1b_SigmaT,400,0.861775,0.8685542573222339,0.29,0.47
HarmBench,ToxicChat,Qwen3-Embedding-8B,1,B1w_SigmaW,400,0.867075,0.8732705140428778,0.28,0.47
HarmBench,ToxicChat,Qwen3-Embedding-8B,1,DELONG_B1w_vs_A1,400,1.736841781507792e-10,,,
HarmBench,XSTest,Qwen3-Embedding-8B,1,A1_raw,400,0.764275,0.784743550905572,0.215,0.38
HarmBench,XSTest,Qwen3-Embedding-8B,1,B1_raw,400,0.81825,0.8164455955975635,0.155,0.43
HarmBench,XSTest,Qwen3-Embedding-8B,1,B1b_SigmaT,400,0.8284,0.8299964251823652,0.135,0.425
HarmBench,XSTest,Qwen3-Embedding-8B,1,B1w_SigmaW,400,0.831725,0.8334314929440056,0.16,0.465
HarmBench,XSTest,Qwen3-Embedding-8B,1,DELONG_B1w_vs_A1,400,0.003304338911162219,,,
HarmBench,AdvBench,Qwen3-Embedding-8B,1,A1_raw,400,0.980025,0.9817628078090042,0.735,0.885
HarmBench,AdvBench,Qwen3-Embedding-8B,1,B1_raw,400,0.999925,0.9999261083743842,0.995,1.0
HarmBench,AdvBench,Qwen3-Embedding-8B,1,B1b_SigmaT,400,0.999725,0.999731166630615,0.995,1.0
HarmBench,AdvBench,Qwen3-Embedding-8B,1,B1w_SigmaW,400,0.999775,0.9997782975367067,0.995,1.0
HarmBench,AdvBench,Qwen3-Embedding-8B,1,DELONG_B1w_vs_A1,400,0.00021953813000807898,,,
HarmBench,HarmBench,Qwen3-Embedding-8B,1,A1_raw,400,0.8509249999999999,0.8774685928930965,0.45,0.605
HarmBench,HarmBench,Qwen3-Embedding-8B,1,B1_raw,400,0.999875,0.9998780487804878,0.995,1.0
HarmBench,HarmBench,Qwen3-Embedding-8B,1,B1b_SigmaT,400,1.0,1.0,1.0,1.0
HarmBench,HarmBench,Qwen3-Embedding-8B,1,B1w_SigmaW,400,1.0,1.0,1.0,1.0
HarmBench,HarmBench,Qwen3-Embedding-8B,1,DELONG_B1w_vs_A1,400,3.774758283725532e-15,,,
HarmBench,Wild,Qwen3-Embedding-8B,2,A1_raw,400,0.728175,0.7334392274317267,0.115,0.225
HarmBench,Wild,Qwen3-Embedding-8B,2,B1_raw,400,0.763575,0.7258368922046889,0.025,0.24
HarmBench,Wild,Qwen3-Embedding-8B,2,B1b_SigmaT,400,0.735125,0.7244377422821403,0.085,0.155
HarmBench,Wild,Qwen3-Embedding-8B,2,B1w_SigmaW,400,0.73645,0.7240695204043734,0.09,0.165
HarmBench,Wild,Qwen3-Embedding-8B,2,DELONG_B1w_vs_A1,400,0.7915827479011446,,,
HarmBench,ToxicChat,Qwen3-Embedding-8B,2,A1_raw,400,0.6563999999999999,0.7120285824334731,0.21,0.26
HarmBench,ToxicChat,Qwen3-Embedding-8B,2,B1_raw,400,0.91695,0.9081516717115995,0.325,0.63
HarmBench,ToxicChat,Qwen3-Embedding-8B,2,B1b_SigmaT,400,0.861275,0.8521580569624501,0.245,0.47
HarmBench,ToxicChat,Qwen3-Embedding-8B,2,B1w_SigmaW,400,0.8704749999999999,0.8616738490643624,0.245,0.455
HarmBench,ToxicChat,Qwen3-Embedding-8B,2,DELONG_B1w_vs_A1,400,1.598388088552838e-11,,,
HarmBench,XSTest,Qwen3-Embedding-8B,2,A1_raw,400,0.762575,0.7834818828449297,0.215,0.365
HarmBench,XSTest,Qwen3-Embedding-8B,2,B1_raw,400,0.820475,0.8352645187972955,0.15,0.57
HarmBench,XSTest,Qwen3-Embedding-8B,2,B1b_SigmaT,400,0.832475,0.8363088253535079,0.21,0.47
HarmBench,XSTest,Qwen3-Embedding-8B,2,B1w_SigmaW,400,0.8376999999999999,0.8423641023333688,0.23,0.45
HarmBench,XSTest,Qwen3-Embedding-8B,2,DELONG_B1w_vs_A1,400,0.0019506173036385466,,,
HarmBench,AdvBench,Qwen3-Embedding-8B,2,A1_raw,400,0.962375,0.9525146636121801,0.36,0.84
HarmBench,AdvBench,Qwen3-Embedding-8B,2,B1_raw,400,0.999875,0.9998769607843137,0.995,1.0
HarmBench,AdvBench,Qwen3-Embedding-8B,2,B1b_SigmaT,400,0.999525,0.9995621559633027,0.995,0.995
HarmBench,AdvBench,Qwen3-Embedding-8B,2,B1w_SigmaW,400,0.9996,0.9996261627906976,0.995,0.995
HarmBench,AdvBench,Qwen3-Embedding-8B,2,DELONG_B1w_vs_A1,400,3.261343306149023e-05,,,
HarmBench,HarmBench,Qwen3-Embedding-8B,2,A1_raw,400,0.8564249999999999,0.8682933167863895,0.27,0.56
HarmBench,HarmBench,Qwen3-Embedding-8B,2,B1_raw,400,0.9995999999999999,0.999622771568121,0.995,0.995
HarmBench,HarmBench,Qwen3-Embedding-8B,2,B1b_SigmaT,400,1.0,1.0,1.0,1.0
HarmBench,HarmBench,Qwen3-Embedding-8B,2,B1w_SigmaW,400,1.0,1.0,1.0,1.0
HarmBench,HarmBench,Qwen3-Embedding-8B,2,DELONG_B1w_vs_A1,400,9.992007221626409e-15,,,
HarmBench,Wild,Qwen3-Embedding-8B,3,A1_raw,400,0.8016625000000001,0.777648417817282,0.065,0.29
HarmBench,Wild,Qwen3-Embedding-8B,3,B1_raw,400,0.7892625,0.7653917938357228,0.08,0.275
HarmBench,Wild,Qwen3-Embedding-8B,3,B1b_SigmaT,400,0.7095750000000001,0.718952954095456,0.135,0.25
HarmBench,Wild,Qwen3-Embedding-8B,3,B1w_SigmaW,400,0.7148999999999999,0.7223041653734857,0.14,0.24
HarmBench,Wild,Qwen3-Embedding-8B,3,DELONG_B1w_vs_A1,400,0.0027547878950271443,,,
HarmBench,ToxicChat,Qwen3-Embedding-8B,3,A1_raw,400,0.65185,0.7022317497602379,0.15,0.32
HarmBench,ToxicChat,Qwen3-Embedding-8B,3,B1_raw,400,0.93915,0.9363494506140915,0.4,0.765
HarmBench,ToxicChat,Qwen3-Embedding-8B,3,B1b_SigmaT,400,0.89405,0.9050994779966306,0.415,0.62
HarmBench,ToxicChat,Qwen3-Embedding-8B,3,B1w_SigmaW,400,0.8967499999999999,0.9071211205088203,0.395,0.605
HarmBench,ToxicChat,Qwen3-Embedding-8B,3,DELONG_B1w_vs_A1,400,5.995204332975845e-15,,,
HarmBench,XSTest,Qwen3-Embedding-8B,3,A1_raw,400,0.7787999999999999,0.8134794337133293,0.285,0.425
HarmBench,XSTest,Qwen3-Embedding-8B,3,B1_raw,400,0.8312499999999999,0.8354705558601582,0.18,0.395
HarmBench,XSTest,Qwen3-Embedding-8B,3,B1b_SigmaT,400,0.829175,0.8421436421944266,0.25,0.48
HarmBench,XSTest,Qwen3-Embedding-8B,3,B1w_SigmaW,400,0.830475,0.842165510379069,0.245,0.47
HarmBench,XSTest,Qwen3-Embedding-8B,3,DELONG_B1w_vs_A1,400,0.018638273506375036,,,
HarmBench,AdvBench,Qwen3-Embedding-8B,3,A1_raw,400,0.9741,0.9696328408226201,0.585,0.905
HarmBench,AdvBench,Qwen3-Embedding-8B,3,B1_raw,400,0.9999,0.9998997462247162,1.0,1.0
HarmBench,AdvBench,Qwen3-Embedding-8B,3,B1b_SigmaT,400,0.9994,0.9994065727710779,0.985,1.0
HarmBench,AdvBench,Qwen3-Embedding-8B,3,B1w_SigmaW,400,0.9995499999999999,0.999553733515346,0.985,1.0
HarmBench,AdvBench,Qwen3-Embedding-8B,3,DELONG_B1w_vs_A1,400,0.000529705895303545,,,
HarmBench,HarmBench,Qwen3-Embedding-8B,3,A1_raw,400,0.863675,0.8734890186129511,0.265,0.57
HarmBench,HarmBench,Qwen3-Embedding-8B,3,B1_raw,400,0.9998,0.999803171908566,0.995,1.0
HarmBench,HarmBench,Qwen3-Embedding-8B,3,B1b_SigmaT,400,1.0,1.0,1.0,1.0
HarmBench,HarmBench,Qwen3-Embedding-8B,3,B1w_SigmaW,400,1.0,1.0,1.0,1.0
HarmBench,HarmBench,Qwen3-Embedding-8B,3,DELONG_B1w_vs_A1,400,2.020605904817785e-14,,,
HarmBench,Wild,Qwen3-Embedding-8B,4,A1_raw,400,0.6649375000000001,0.6624635760317725,0.045,0.15
HarmBench,Wild,Qwen3-Embedding-8B,4,B1_raw,400,0.7433125,0.7179957992790738,0.05,0.205
HarmBench,Wild,Qwen3-Embedding-8B,4,B1b_SigmaT,400,0.7123375000000001,0.7120868512411832,0.125,0.23
HarmBench,Wild,Qwen3-Embedding-8B,4,B1w_SigmaW,400,0.7084375,0.7108869559422155,0.11,0.23
HarmBench,Wild,Qwen3-Embedding-8B,4,DELONG_B1w_vs_A1,400,0.17290393956476002,,,
HarmBench,ToxicChat,Qwen3-Embedding-8B,4,A1_raw,400,0.6769499999999999,0.7088996053238258,0.13,0.27
HarmBench,ToxicChat,Qwen3-Embedding-8B,4,B1_raw,400,0.8996249999999999,0.9004315830309235,0.365,0.58
HarmBench,ToxicChat,Qwen3-Embedding-8B,4,B1b_SigmaT,400,0.8351,0.8474076739480516,0.34,0.45
HarmBench,ToxicChat,Qwen3-Embedding-8B,4,B1w_SigmaW,400,0.83915,0.8493492750278437,0.335,0.475
HarmBench,ToxicChat,Qwen3-Embedding-8B,4,DELONG_B1w_vs_A1,400,3.3799567455972124e-07,,,
HarmBench,XSTest,Qwen3-Embedding-8B,4,A1_raw,400,0.7637999999999999,0.7851824572344301,0.225,0.395
HarmBench,XSTest,Qwen3-Embedding-8B,4,B1_raw,400,0.8188000000000001,0.8297517474122543,0.225,0.405
HarmBench,XSTest,Qwen3-Embedding-8B,4,B1b_SigmaT,400,0.8143,0.8178334169767785,0.215,0.39
HarmBench,XSTest,Qwen3-Embedding-8B,4,B1w_SigmaW,400,0.8199,0.8226992914739433,0.23,0.425
HarmBench,XSTest,Qwen3-Embedding-8B,4,DELONG_B1w_vs_A1,400,0.02824729994205022,,,
HarmBench,AdvBench,Qwen3-Embedding-8B,4,A1_raw,400,0.969625,0.9625138711151564,0.63,0.84
HarmBench,AdvBench,Qwen3-Embedding-8B,4,B1_raw,400,0.999925,0.9999254950495049,1.0,1.0
HarmBench,AdvBench,Qwen3-Embedding-8B,4,B1b_SigmaT,400,0.999525,0.99955264062321,0.99,0.995
HarmBench,AdvBench,Qwen3-Embedding-8B,4,B1w_SigmaW,400,0.9996499999999999,0.9996633825944171,0.99,1.0
HarmBench,AdvBench,Qwen3-Embedding-8B,4,DELONG_B1w_vs_A1,400,0.00010184630348097912,,,
HarmBench,HarmBench,Qwen3-Embedding-8B,4,A1_raw,400,0.8412999999999999,0.8561039438536352,0.195,0.56
HarmBench,HarmBench,Qwen3-Embedding-8B,4,B1_raw,400,0.99995,0.9999501243781095,1.0,1.0
HarmBench,HarmBench,Qwen3-Embedding-8B,4,B1b_SigmaT,400,1.0,1.0,1.0,1.0
HarmBench,HarmBench,Qwen3-Embedding-8B,4,B1w_SigmaW,400,1.0,1.0,1.0,1.0
HarmBench,HarmBench,Qwen3-Embedding-8B,4,DELONG_B1w_vs_A1,400,4.440892098500626e-16,,,
