seed,n_ref_mal,n_ref_safe,n_test_attack,n_test_safe,obfuscation,method,roc_auc,pr_auc,dataset,model,dim
0,200,200,184,4498,clean,A1_naive_cosine_raw,0.9112528273435536,0.5427745059850512,ToxicChat,all-mpnet-base-v2,768
0,200,200,184,4498,clean,A2_rsfi_svd_raw_k20,0.929555647920815,0.5835582065729095,ToxicChat,all-mpnet-base-v2,768
0,200,200,184,4498,clean,B1_discriminant_mean_raw,0.944610648210799,0.6528891981994951,ToxicChat,all-mpnet-base-v2,768
0,200,200,184,4498,clean,B1b_SigmaT_wh,0.9608690819108009,0.6641808143083994,ToxicChat,all-mpnet-base-v2,768
0,200,200,184,4498,clean,B1w_SigmaW_wh,0.965140303903184,0.6870063235362782,ToxicChat,all-mpnet-base-v2,768
0,200,200,184,4498,clean,C1_logreg_raw,0.9624482861948306,0.7085792626437419,ToxicChat,all-mpnet-base-v2,768
0,200,200,184,4498,base64,A1_naive_cosine_raw,0.7482987608019023,0.07840524368529236,ToxicChat,all-mpnet-base-v2,768
0,200,200,184,4498,base64,A2_rsfi_svd_raw_k20,0.5881019583583041,0.0478219207252575,ToxicChat,all-mpnet-base-v2,768
0,200,200,184,4498,base64,B1_discriminant_mean_raw,0.633883175130976,0.05730558143112867,ToxicChat,all-mpnet-base-v2,768
0,200,200,184,4498,base64,B1b_SigmaT_wh,0.6279095056740194,0.05187992255978847,ToxicChat,all-mpnet-base-v2,768
0,200,200,184,4498,base64,B1w_SigmaW_wh,0.6462389081137511,0.056642634871159156,ToxicChat,all-mpnet-base-v2,768
0,200,200,184,4498,base64,C1_logreg_raw,0.662711204979991,0.06427687368879051,ToxicChat,all-mpnet-base-v2,768
0,200,200,184,4498,leetspeak,A1_naive_cosine_raw,0.7548101088406441,0.07400539009197993,ToxicChat,all-mpnet-base-v2,768
0,200,200,184,4498,leetspeak,A2_rsfi_svd_raw_k20,0.5644199354302395,0.04084462105697977,ToxicChat,all-mpnet-base-v2,768
0,200,200,184,4498,leetspeak,B1_discriminant_mean_raw,0.6022169273300211,0.0464326775776889,ToxicChat,all-mpnet-base-v2,768
0,200,200,184,4498,leetspeak,B1b_SigmaT_wh,0.5318849440330968,0.03806602723144294,ToxicChat,all-mpnet-base-v2,768
0,200,200,184,4498,leetspeak,B1w_SigmaW_wh,0.441726516132774,0.03187835393577313,ToxicChat,all-mpnet-base-v2,768
0,200,200,184,4498,leetspeak,C1_logreg_raw,0.5869396060084675,0.04489430033556164,ToxicChat,all-mpnet-base-v2,768
0,200,200,184,4498,rot13,A1_naive_cosine_raw,0.8216344945579679,0.09558632902056759,ToxicChat,all-mpnet-base-v2,768
0,200,200,184,4498,rot13,A2_rsfi_svd_raw_k20,0.7275987395364123,0.06387973128458371,ToxicChat,all-mpnet-base-v2,768
0,200,200,184,4498,rot13,B1_discriminant_mean_raw,0.6449098149902373,0.0498094409279345,ToxicChat,all-mpnet-base-v2,768
0,200,200,184,4498,rot13,B1b_SigmaT_wh,0.5466801670307576,0.039246835306859115,ToxicChat,all-mpnet-base-v2,768
0,200,200,184,4498,rot13,B1w_SigmaW_wh,0.5361138766988227,0.03821244599021095,ToxicChat,all-mpnet-base-v2,768
0,200,200,184,4498,rot13,C1_logreg_raw,0.625152241575966,0.04720355087133366,ToxicChat,all-mpnet-base-v2,768
0,200,200,184,4498,zero_width,A1_naive_cosine_raw,0.9112528273435536,0.5427745059850512,ToxicChat,all-mpnet-base-v2,768
0,200,200,184,4498,zero_width,A2_rsfi_svd_raw_k20,0.929555647920815,0.5835582065729095,ToxicChat,all-mpnet-base-v2,768
0,200,200,184,4498,zero_width,B1_discriminant_mean_raw,0.944610648210799,0.6528891981994951,ToxicChat,all-mpnet-base-v2,768
0,200,200,184,4498,zero_width,B1b_SigmaT_wh,0.9608690819108009,0.6641808143083994,ToxicChat,all-mpnet-base-v2,768
0,200,200,184,4498,zero_width,B1w_SigmaW_wh,0.965140303903184,0.6870063235362782,ToxicChat,all-mpnet-base-v2,768
0,200,200,184,4498,zero_width,C1_logreg_raw,0.9624482861948306,0.7085792626437419,ToxicChat,all-mpnet-base-v2,768
0,200,200,184,4498,homoglyph,A1_naive_cosine_raw,0.83017814680921,0.10835074257697441,ToxicChat,all-mpnet-base-v2,768
0,200,200,184,4498,homoglyph,A2_rsfi_svd_raw_k20,0.7700052680418349,0.0752531913976306,ToxicChat,all-mpnet-base-v2,768
0,200,200,184,4498,homoglyph,B1_discriminant_mean_raw,0.8147582500434976,0.1047390464767311,ToxicChat,all-mpnet-base-v2,768
0,200,200,184,4498,homoglyph,B1b_SigmaT_wh,0.8158819378661049,0.1174277878485072,ToxicChat,all-mpnet-base-v2,768
0,200,200,184,4498,homoglyph,B1w_SigmaW_wh,0.8314552844742591,0.12015955786495208,ToxicChat,all-mpnet-base-v2,768
0,200,200,184,4498,homoglyph,C1_logreg_raw,0.8250889284126277,0.11056490920737023,ToxicChat,all-mpnet-base-v2,768
1,200,200,184,4498,clean,A1_naive_cosine_raw,0.9106317783749298,0.5114645343932308,ToxicChat,all-mpnet-base-v2,768
1,200,200,184,4498,clean,A2_rsfi_svd_raw_k20,0.9388000947280918,0.5833589680151545,ToxicChat,all-mpnet-base-v2,768
1,200,200,184,4498,clean,B1_discriminant_mean_raw,0.9490232373808649,0.6340594523741017,ToxicChat,all-mpnet-base-v2,768
1,200,200,184,4498,clean,B1b_SigmaT_wh,0.9647778239604075,0.7243288517097024,ToxicChat,all-mpnet-base-v2,768
1,200,200,184,4498,clean,B1w_SigmaW_wh,0.9684787441761558,0.7268947834998893,ToxicChat,all-mpnet-base-v2,768
1,200,200,184,4498,clean,C1_logreg_raw,0.9708227811394438,0.7013382159327177,ToxicChat,all-mpnet-base-v2,768
1,200,200,184,4498,base64,A1_naive_cosine_raw,0.74916750439809,0.07893070178622087,ToxicChat,all-mpnet-base-v2,768
1,200,200,184,4498,base64,A2_rsfi_svd_raw_k20,0.5770366539718136,0.045704807590153135,ToxicChat,all-mpnet-base-v2,768
1,200,200,184,4498,base64,B1_discriminant_mean_raw,0.7167013841900748,0.07503340134428031,ToxicChat,all-mpnet-base-v2,768
1,200,200,184,4498,base64,B1b_SigmaT_wh,0.7640062249888839,0.07790134480591467,ToxicChat,all-mpnet-base-v2,768
1,200,200,184,4498,base64,B1w_SigmaW_wh,0.8004801650975313,0.09318464648514874,ToxicChat,all-mpnet-base-v2,768
1,200,200,184,4498,base64,C1_logreg_raw,0.7948436019873567,0.10110375461568913,ToxicChat,all-mpnet-base-v2,768
1,200,200,184,4498,leetspeak,A1_naive_cosine_raw,0.765178243470528,0.07723836237811374,ToxicChat,all-mpnet-base-v2,768
1,200,200,184,4498,leetspeak,A2_rsfi_svd_raw_k20,0.6574032903512672,0.05223377914221031,ToxicChat,all-mpnet-base-v2,768
1,200,200,184,4498,leetspeak,B1_discriminant_mean_raw,0.660938678059814,0.05438686537195442,ToxicChat,all-mpnet-base-v2,768
1,200,200,184,4498,leetspeak,B1b_SigmaT_wh,0.8434352465830223,0.11384342399811147,ToxicChat,all-mpnet-base-v2,768
1,200,200,184,4498,leetspeak,B1w_SigmaW_wh,0.8503755292207165,0.11857517914719821,ToxicChat,all-mpnet-base-v2,768
1,200,200,184,4498,leetspeak,C1_logreg_raw,0.7628680379685656,0.07880318150954156,ToxicChat,all-mpnet-base-v2,768
1,200,200,184,4498,rot13,A1_naive_cosine_raw,0.831750101494384,0.09931331467801097,ToxicChat,all-mpnet-base-v2,768
1,200,200,184,4498,rot13,A2_rsfi_svd_raw_k20,0.7588191370077522,0.07143973963360184,ToxicChat,all-mpnet-base-v2,768
1,200,200,184,4498,rot13,B1_discriminant_mean_raw,0.6868330369052912,0.055922353669028674,ToxicChat,all-mpnet-base-v2,768
1,200,200,184,4498,rot13,B1b_SigmaT_wh,0.7087002435865215,0.06078769271278584,ToxicChat,all-mpnet-base-v2,768
1,200,200,184,4498,rot13,B1w_SigmaW_wh,0.7533142749434532,0.07176418702067623,ToxicChat,all-mpnet-base-v2,768
1,200,200,184,4498,rot13,C1_logreg_raw,0.7290776577029404,0.06441970967430878,ToxicChat,all-mpnet-base-v2,768
1,200,200,184,4498,zero_width,A1_naive_cosine_raw,0.9106317783749298,0.5114645343932308,ToxicChat,all-mpnet-base-v2,768
1,200,200,184,4498,zero_width,A2_rsfi_svd_raw_k20,0.9388000947280918,0.5833589680151545,ToxicChat,all-mpnet-base-v2,768
1,200,200,184,4498,zero_width,B1_discriminant_mean_raw,0.9490232373808649,0.6340594523741017,ToxicChat,all-mpnet-base-v2,768
1,200,200,184,4498,zero_width,B1b_SigmaT_wh,0.9647778239604076,0.7243288517097025,ToxicChat,all-mpnet-base-v2,768
1,200,200,184,4498,zero_width,B1w_SigmaW_wh,0.9684787441761558,0.7268947834998893,ToxicChat,all-mpnet-base-v2,768
1,200,200,184,4498,zero_width,C1_logreg_raw,0.9708227811394438,0.7013382159327177,ToxicChat,all-mpnet-base-v2,768
1,200,200,184,4498,homoglyph,A1_naive_cosine_raw,0.8374990333868192,0.11937740870227423,ToxicChat,all-mpnet-base-v2,768
1,200,200,184,4498,homoglyph,A2_rsfi_svd_raw_k20,0.7269523169717942,0.06749828639478009,ToxicChat,all-mpnet-base-v2,768
1,200,200,184,4498,homoglyph,B1_discriminant_mean_raw,0.8396388733156765,0.12670075877565803,ToxicChat,all-mpnet-base-v2,768
1,200,200,184,4498,homoglyph,B1b_SigmaT_wh,0.84865616602548,0.13583594500290183,ToxicChat,all-mpnet-base-v2,768
1,200,200,184,4498,homoglyph,B1w_SigmaW_wh,0.8809688363910531,0.16890527467307898,ToxicChat,all-mpnet-base-v2,768
1,200,200,184,4498,homoglyph,C1_logreg_raw,0.858971136930423,0.14185989397861692,ToxicChat,all-mpnet-base-v2,768
2,200,200,184,4498,clean,A1_naive_cosine_raw,0.9230068436213197,0.5068897814462177,ToxicChat,all-mpnet-base-v2,768
2,200,200,184,4498,clean,A2_rsfi_svd_raw_k20,0.9452341137123746,0.5981963148757448,ToxicChat,all-mpnet-base-v2,768
2,200,200,184,4498,clean,B1_discriminant_mean_raw,0.9554173835714423,0.6429039995548421,ToxicChat,all-mpnet-base-v2,768
2,200,200,184,4498,clean,B1b_SigmaT_wh,0.9593418330852359,0.7126880783383016,ToxicChat,all-mpnet-base-v2,768
2,200,200,184,4498,clean,B1w_SigmaW_wh,0.9696217642623776,0.7324433446919775,ToxicChat,all-mpnet-base-v2,768
2,200,200,184,4498,clean,C1_logreg_raw,0.9740657683608174,0.7232552419070609,ToxicChat,all-mpnet-base-v2,768
2,200,200,184,4498,base64,A1_naive_cosine_raw,0.7357110406557504,0.07485861303030483,ToxicChat,all-mpnet-base-v2,768
2,200,200,184,4498,base64,A2_rsfi_svd_raw_k20,0.597144624664102,0.04747532848634469,ToxicChat,all-mpnet-base-v2,768
2,200,200,184,4498,base64,B1_discriminant_mean_raw,0.620990971832892,0.05324475017126106,ToxicChat,all-mpnet-base-v2,768
2,200,200,184,4498,base64,B1b_SigmaT_wh,0.804740512691631,0.09080428716250205,ToxicChat,all-mpnet-base-v2,768
2,200,200,184,4498,base64,B1w_SigmaW_wh,0.809770526030893,0.09501063038260381,ToxicChat,all-mpnet-base-v2,768
2,200,200,184,4498,base64,C1_logreg_raw,0.6858700485239818,0.06398250233549832,ToxicChat,all-mpnet-base-v2,768
2,200,200,184,4498,leetspeak,A1_naive_cosine_raw,0.7701792584143677,0.07967095956650563,ToxicChat,all-mpnet-base-v2,768
2,200,200,184,4498,leetspeak,A2_rsfi_svd_raw_k20,0.6306619367061689,0.04828123525618922,ToxicChat,all-mpnet-base-v2,768
2,200,200,184,4498,leetspeak,B1_discriminant_mean_raw,0.6678686904324628,0.05715993414875828,ToxicChat,all-mpnet-base-v2,768
2,200,200,184,4498,leetspeak,B1b_SigmaT_wh,0.8806027316488487,0.22386778363303367,ToxicChat,all-mpnet-base-v2,768
2,200,200,184,4498,leetspeak,B1w_SigmaW_wh,0.8697621648268795,0.1986928168956749,ToxicChat,all-mpnet-base-v2,768
2,200,200,184,4498,leetspeak,C1_logreg_raw,0.7511140216907997,0.08340649277469334,ToxicChat,all-mpnet-base-v2,768
2,200,200,184,4498,rot13,A1_naive_cosine_raw,0.8302989734568021,0.10237268616810563,ToxicChat,all-mpnet-base-v2,768
2,200,200,184,4498,rot13,A2_rsfi_svd_raw_k20,0.7385637578054014,0.06706865856896116,ToxicChat,all-mpnet-base-v2,768
2,200,200,184,4498,rot13,B1_discriminant_mean_raw,0.7301965124596439,0.06507782173708591,ToxicChat,all-mpnet-base-v2,768
2,200,200,184,4498,rot13,B1b_SigmaT_wh,0.8984802424265858,0.1773207615926763,ToxicChat,all-mpnet-base-v2,768
2,200,200,184,4498,rot13,B1w_SigmaW_wh,0.9082430355520328,0.1933494041099063,ToxicChat,all-mpnet-base-v2,768
2,200,200,184,4498,rot13,C1_logreg_raw,0.7919957179036095,0.08429250013999412,ToxicChat,all-mpnet-base-v2,768
2,200,200,184,4498,zero_width,A1_naive_cosine_raw,0.9230068436213197,0.5068897814462177,ToxicChat,all-mpnet-base-v2,768
2,200,200,184,4498,zero_width,A2_rsfi_svd_raw_k20,0.9452341137123746,0.5981963148757448,ToxicChat,all-mpnet-base-v2,768
2,200,200,184,4498,zero_width,B1_discriminant_mean_raw,0.9554173835714423,0.6429039995548421,ToxicChat,all-mpnet-base-v2,768
2,200,200,184,4498,zero_width,B1b_SigmaT_wh,0.9593430413517119,0.7126899913329574,ToxicChat,all-mpnet-base-v2,768
2,200,200,184,4498,zero_width,B1w_SigmaW_wh,0.9696217642623776,0.7324433446919775,ToxicChat,all-mpnet-base-v2,768
2,200,200,184,4498,zero_width,C1_logreg_raw,0.9740657683608174,0.7232552419070609,ToxicChat,all-mpnet-base-v2,768
2,200,200,184,4498,homoglyph,A1_naive_cosine_raw,0.8523546697082762,0.1293504642622855,ToxicChat,all-mpnet-base-v2,768
2,200,200,184,4498,homoglyph,A2_rsfi_svd_raw_k20,0.7812481876002861,0.07940362729489522,ToxicChat,all-mpnet-base-v2,768
2,200,200,184,4498,homoglyph,B1_discriminant_mean_raw,0.843888346511493,0.1323578353994051,ToxicChat,all-mpnet-base-v2,768
2,200,200,184,4498,homoglyph,B1b_SigmaT_wh,0.8948566512652966,0.21356015022506245,ToxicChat,all-mpnet-base-v2,768
2,200,200,184,4498,homoglyph,B1w_SigmaW_wh,0.9188395325458658,0.25881234136263215,ToxicChat,all-mpnet-base-v2,768
2,200,200,184,4498,homoglyph,C1_logreg_raw,0.8719479188818219,0.16885900105397877,ToxicChat,all-mpnet-base-v2,768
3,200,200,184,4498,clean,A1_naive_cosine_raw,0.9123740986332088,0.5293801495038692,ToxicChat,all-mpnet-base-v2,768
3,200,200,184,4498,clean,A2_rsfi_svd_raw_k20,0.9319045179500067,0.5714716710128944,ToxicChat,all-mpnet-base-v2,768
3,200,200,184,4498,clean,B1_discriminant_mean_raw,0.9494618381116244,0.6496724108373221,ToxicChat,all-mpnet-base-v2,768
3,200,200,184,4498,clean,B1b_SigmaT_wh,0.9611796063951129,0.695325905945105,ToxicChat,all-mpnet-base-v2,768
3,200,200,184,4498,clean,B1w_SigmaW_wh,0.9636420534730412,0.7065535213036482,ToxicChat,all-mpnet-base-v2,768
3,200,200,184,4498,clean,C1_logreg_raw,0.9657951843331335,0.6944559606000342,ToxicChat,all-mpnet-base-v2,768
3,200,200,184,4498,base64,A1_naive_cosine_raw,0.7479241981943665,0.07667801681373039,ToxicChat,all-mpnet-base-v2,768
3,200,200,184,4498,base64,A2_rsfi_svd_raw_k20,0.5255125466390859,0.04104751677197807,ToxicChat,all-mpnet-base-v2,768
3,200,200,184,4498,base64,B1_discriminant_mean_raw,0.6562904769269434,0.06157825681238148,ToxicChat,all-mpnet-base-v2,768
3,200,200,184,4498,base64,B1b_SigmaT_wh,0.5789179248748236,0.0480923740816884,ToxicChat,all-mpnet-base-v2,768
3,200,200,184,4498,base64,B1w_SigmaW_wh,0.6371769095443385,0.055519153746395294,ToxicChat,all-mpnet-base-v2,768
3,200,200,184,4498,base64,C1_logreg_raw,0.6850363446555957,0.06881257948839112,ToxicChat,all-mpnet-base-v2,768
3,200,200,184,4498,leetspeak,A1_naive_cosine_raw,0.7747169031646916,0.08162802783368543,ToxicChat,all-mpnet-base-v2,768
3,200,200,184,4498,leetspeak,A2_rsfi_svd_raw_k20,0.6210743422197305,0.0470469991867272,ToxicChat,all-mpnet-base-v2,768
3,200,200,184,4498,leetspeak,B1_discriminant_mean_raw,0.6720801032342877,0.05963279412410595,ToxicChat,all-mpnet-base-v2,768
3,200,200,184,4498,leetspeak,B1b_SigmaT_wh,0.702817194115259,0.06759955825279457,ToxicChat,all-mpnet-base-v2,768
3,200,200,184,4498,leetspeak,B1w_SigmaW_wh,0.6900446091982909,0.06558513506334751,ToxicChat,all-mpnet-base-v2,768
3,200,200,184,4498,leetspeak,C1_logreg_raw,0.7107687957932995,0.0718418544761099,ToxicChat,all-mpnet-base-v2,768
3,200,200,184,4498,rot13,A1_naive_cosine_raw,0.8267394204187368,0.10010363571284778,ToxicChat,all-mpnet-base-v2,768
3,200,200,184,4498,rot13,A2_rsfi_svd_raw_k20,0.6894851818199392,0.05648087720486436,ToxicChat,all-mpnet-base-v2,768
3,200,200,184,4498,rot13,B1_discriminant_mean_raw,0.7227354669708276,0.06440792264453077,ToxicChat,all-mpnet-base-v2,768
3,200,200,184,4498,rot13,B1b_SigmaT_wh,0.38176750053163727,0.028728937602152137,ToxicChat,all-mpnet-base-v2,768
3,200,200,184,4498,rot13,B1w_SigmaW_wh,0.5360232567131286,0.038620381810980715,ToxicChat,all-mpnet-base-v2,768
3,200,200,184,4498,rot13,C1_logreg_raw,0.7208880275291434,0.06504730164883074,ToxicChat,all-mpnet-base-v2,768
3,200,200,184,4498,zero_width,A1_naive_cosine_raw,0.9123740986332088,0.5293801495038692,ToxicChat,all-mpnet-base-v2,768
3,200,200,184,4498,zero_width,A2_rsfi_svd_raw_k20,0.9319045179500067,0.5714716710128944,ToxicChat,all-mpnet-base-v2,768
3,200,200,184,4498,zero_width,B1_discriminant_mean_raw,0.9494618381116244,0.6496724108373221,ToxicChat,all-mpnet-base-v2,768
3,200,200,184,4498,zero_width,B1b_SigmaT_wh,0.9611796063951129,0.695325905945105,ToxicChat,all-mpnet-base-v2,768
3,200,200,184,4498,zero_width,B1w_SigmaW_wh,0.9636420534730412,0.7065535213036482,ToxicChat,all-mpnet-base-v2,768
3,200,200,184,4498,zero_width,C1_logreg_raw,0.9657951843331335,0.6944559606000342,ToxicChat,all-mpnet-base-v2,768
3,200,200,184,4498,homoglyph,A1_naive_cosine_raw,0.8403843737313202,0.11817418216391687,ToxicChat,all-mpnet-base-v2,768
3,200,200,184,4498,homoglyph,A2_rsfi_svd_raw_k20,0.761198213698842,0.07365928336009493,ToxicChat,all-mpnet-base-v2,768
3,200,200,184,4498,homoglyph,B1_discriminant_mean_raw,0.8466274866124075,0.1351998506497865,ToxicChat,all-mpnet-base-v2,768
3,200,200,184,4498,homoglyph,B1b_SigmaT_wh,0.7200374079300945,0.09703820954501836,ToxicChat,all-mpnet-base-v2,768
3,200,200,184,4498,homoglyph,B1w_SigmaW_wh,0.799804744137491,0.13134986604131735,ToxicChat,all-mpnet-base-v2,768
3,200,200,184,4498,homoglyph,C1_logreg_raw,0.8551699305971737,0.14850344003023305,ToxicChat,all-mpnet-base-v2,768
4,200,200,184,4498,clean,A1_naive_cosine_raw,0.921706748893228,0.5205860694852257,ToxicChat,all-mpnet-base-v2,768
4,200,200,184,4498,clean,A2_rsfi_svd_raw_k20,0.9456243837840974,0.6065571881899954,ToxicChat,all-mpnet-base-v2,768
4,200,200,184,4498,clean,B1_discriminant_mean_raw,0.9559296885572333,0.6457028507849555,ToxicChat,all-mpnet-base-v2,768
4,200,200,184,4498,clean,B1b_SigmaT_wh,0.9621051385156688,0.6876598064623219,ToxicChat,all-mpnet-base-v2,768
4,200,200,184,4498,clean,B1w_SigmaW_wh,0.9732791868849924,0.7276539884225042,ToxicChat,all-mpnet-base-v2,768
4,200,200,184,4498,clean,C1_logreg_raw,0.9776676107255399,0.7266112072753731,ToxicChat,all-mpnet-base-v2,768
4,200,200,184,4498,base64,A1_naive_cosine_raw,0.7544669611614824,0.08045282039585769,ToxicChat,all-mpnet-base-v2,768
4,200,200,184,4498,base64,A2_rsfi_svd_raw_k20,0.6448771917953873,0.05453067364947895,ToxicChat,all-mpnet-base-v2,768
4,200,200,184,4498,base64,B1_discriminant_mean_raw,0.682410781603418,0.07004774158978036,ToxicChat,all-mpnet-base-v2,768
4,200,200,184,4498,base64,B1b_SigmaT_wh,0.6877742764900343,0.07738431416048315,ToxicChat,all-mpnet-base-v2,768
4,200,200,184,4498,base64,B1w_SigmaW_wh,0.7272157190635451,0.0891907631846635,ToxicChat,all-mpnet-base-v2,768
4,200,200,184,4498,base64,C1_logreg_raw,0.7265547973012161,0.08331391882960805,ToxicChat,all-mpnet-base-v2,768
4,200,200,184,4498,leetspeak,A1_naive_cosine_raw,0.775820654590446,0.08111118735741386,ToxicChat,all-mpnet-base-v2,768
4,200,200,184,4498,leetspeak,A2_rsfi_svd_raw_k20,0.6375840953467241,0.048677909015694236,ToxicChat,all-mpnet-base-v2,768
4,200,200,184,4498,leetspeak,B1_discriminant_mean_raw,0.6481896543391266,0.05485213832565709,ToxicChat,all-mpnet-base-v2,768
4,200,200,184,4498,leetspeak,B1b_SigmaT_wh,0.6963867999304039,0.09265939861487413,ToxicChat,all-mpnet-base-v2,768
4,200,200,184,4498,leetspeak,B1w_SigmaW_wh,0.65054396156746,0.06865155483586302,ToxicChat,all-mpnet-base-v2,768
4,200,200,184,4498,leetspeak,C1_logreg_raw,0.6745546329769753,0.06373472545520675,ToxicChat,all-mpnet-base-v2,768
4,200,200,184,4498,rot13,A1_naive_cosine_raw,0.8240836507046609,0.09770199822445537,ToxicChat,all-mpnet-base-v2,768
4,200,200,184,4498,rot13,A2_rsfi_svd_raw_k20,0.7232580422216637,0.06328575450350232,ToxicChat,all-mpnet-base-v2,768
4,200,200,184,4498,rot13,B1_discriminant_mean_raw,0.697218087265838,0.05853608525802108,ToxicChat,all-mpnet-base-v2,768
4,200,200,184,4498,rot13,B1b_SigmaT_wh,0.6407122972528853,0.05017472936709076,ToxicChat,all-mpnet-base-v2,768
4,200,200,184,4498,rot13,B1w_SigmaW_wh,0.6800582867747985,0.056389954326119276,ToxicChat,all-mpnet-base-v2,768
4,200,200,184,4498,rot13,C1_logreg_raw,0.7034950316082511,0.060225216179710446,ToxicChat,all-mpnet-base-v2,768
4,200,200,184,4498,zero_width,A1_naive_cosine_raw,0.921706748893228,0.5205860694852257,ToxicChat,all-mpnet-base-v2,768
4,200,200,184,4498,zero_width,A2_rsfi_svd_raw_k20,0.9456243837840974,0.6065571881899954,ToxicChat,all-mpnet-base-v2,768
4,200,200,184,4498,zero_width,B1_discriminant_mean_raw,0.9559296885572333,0.6457028507849555,ToxicChat,all-mpnet-base-v2,768
4,200,200,184,4498,zero_width,B1b_SigmaT_wh,0.9621051385156688,0.6876598064623219,ToxicChat,all-mpnet-base-v2,768
4,200,200,184,4498,zero_width,B1w_SigmaW_wh,0.9732791868849924,0.7276539884225042,ToxicChat,all-mpnet-base-v2,768
4,200,200,184,4498,zero_width,C1_logreg_raw,0.9776676107255399,0.7266112072753731,ToxicChat,all-mpnet-base-v2,768
4,200,200,184,4498,homoglyph,A1_naive_cosine_raw,0.8450796972567518,0.12487066956186373,ToxicChat,all-mpnet-base-v2,768
4,200,200,184,4498,homoglyph,A2_rsfi_svd_raw_k20,0.75178944265084,0.0703286661919495,ToxicChat,all-mpnet-base-v2,768
4,200,200,184,4498,homoglyph,B1_discriminant_mean_raw,0.8306227888723491,0.12754717419805306,ToxicChat,all-mpnet-base-v2,768
4,200,200,184,4498,homoglyph,B1b_SigmaT_wh,0.742535329711756,0.0835357601611224,ToxicChat,all-mpnet-base-v2,768
4,200,200,184,4498,homoglyph,B1w_SigmaW_wh,0.7924300897017031,0.10430423765974564,ToxicChat,all-mpnet-base-v2,768
4,200,200,184,4498,homoglyph,C1_logreg_raw,0.8315881937866104,0.13254563053084653,ToxicChat,all-mpnet-base-v2,768
0,200,200,184,4498,clean,A1_naive_cosine_raw,0.8681032149554393,0.3850820198150303,ToxicChat,bge-base-en-v1.5,768
0,200,200,184,4498,clean,A2_rsfi_svd_raw_k20,0.9000280317822413,0.48667335621738306,ToxicChat,bge-base-en-v1.5,768
0,200,200,184,4498,clean,B1_discriminant_mean_raw,0.9398355790979566,0.6175653275281962,ToxicChat,bge-base-en-v1.5,768
0,200,200,184,4498,clean,B1b_SigmaT_wh,0.9540194192588011,0.6607258151668562,ToxicChat,bge-base-en-v1.5,768
0,200,200,184,4498,clean,B1w_SigmaW_wh,0.9616169988593966,0.6933647168738394,ToxicChat,bge-base-en-v1.5,768
0,200,200,184,4498,clean,C1_logreg_raw,0.9624289539312157,0.6822974067543369,ToxicChat,bge-base-en-v1.5,768
0,200,200,184,4498,base64,A1_naive_cosine_raw,0.8369915614669322,0.11868643173446336,ToxicChat,bge-base-en-v1.5,768
0,200,200,184,4498,base64,A2_rsfi_svd_raw_k20,0.749459904885263,0.07334522155237982,ToxicChat,bge-base-en-v1.5,768
0,200,200,184,4498,base64,B1_discriminant_mean_raw,0.39440475960330196,0.033444265129757234,ToxicChat,bge-base-en-v1.5,768
0,200,200,184,4498,base64,B1b_SigmaT_wh,0.5861590658650221,0.04644648528212507,ToxicChat,bge-base-en-v1.5,768
0,200,200,184,4498,base64,B1w_SigmaW_wh,0.5516666827768864,0.04468543668997094,ToxicChat,bge-base-en-v1.5,768
0,200,200,184,4498,base64,C1_logreg_raw,0.4445369439557678,0.036460482829166536,ToxicChat,bge-base-en-v1.5,768
0,200,200,184,4498,leetspeak,A1_naive_cosine_raw,0.6488040578421328,0.05050068672832222,ToxicChat,bge-base-en-v1.5,768
0,200,200,184,4498,leetspeak,A2_rsfi_svd_raw_k20,0.706178591451273,0.060295724755006684,ToxicChat,bge-base-en-v1.5,768
0,200,200,184,4498,leetspeak,B1_discriminant_mean_raw,0.2031917567227947,0.02352303844837582,ToxicChat,bge-base-en-v1.5,768
0,200,200,184,4498,leetspeak,B1b_SigmaT_wh,0.45780854292729134,0.033284971420366675,ToxicChat,bge-base-en-v1.5,768
0,200,200,184,4498,leetspeak,B1w_SigmaW_wh,0.434230430916156,0.03175897925115627,ToxicChat,bge-base-en-v1.5,768
0,200,200,184,4498,leetspeak,C1_logreg_raw,0.29004799234442363,0.02575703196529155,ToxicChat,bge-base-en-v1.5,768
0,200,200,184,4498,rot13,A1_naive_cosine_raw,0.8448924159529839,0.11039729795335201,ToxicChat,bge-base-en-v1.5,768
0,200,200,184,4498,rot13,A2_rsfi_svd_raw_k20,0.8214363388559166,0.09876641800583753,ToxicChat,bge-base-en-v1.5,768
0,200,200,184,4498,rot13,B1_discriminant_mean_raw,0.39949881106578766,0.03013827496580753,ToxicChat,bge-base-en-v1.5,768
0,200,200,184,4498,rot13,B1b_SigmaT_wh,0.32628269569083845,0.02648560623234749,ToxicChat,bge-base-en-v1.5,768
0,200,200,184,4498,rot13,B1w_SigmaW_wh,0.31628429060258667,0.026163523854440675,ToxicChat,bge-base-en-v1.5,768
0,200,200,184,4498,rot13,C1_logreg_raw,0.409365515108164,0.03039186506888219,ToxicChat,bge-base-en-v1.5,768
0,200,200,184,4498,zero_width,A1_naive_cosine_raw,0.8681032149554393,0.3850820198150303,ToxicChat,bge-base-en-v1.5,768
0,200,200,184,4498,zero_width,A2_rsfi_svd_raw_k20,0.9000268235157655,0.48667077822979554,ToxicChat,bge-base-en-v1.5,768
0,200,200,184,4498,zero_width,B1_discriminant_mean_raw,0.9398355790979566,0.6175653275281962,ToxicChat,bge-base-en-v1.5,768
0,200,200,184,4498,zero_width,B1b_SigmaT_wh,0.9540194192588011,0.6607258151668562,ToxicChat,bge-base-en-v1.5,768
0,200,200,184,4498,zero_width,B1w_SigmaW_wh,0.9616169988593966,0.6933647168738394,ToxicChat,bge-base-en-v1.5,768
0,200,200,184,4498,zero_width,C1_logreg_raw,0.9624289539312157,0.6822974067543369,ToxicChat,bge-base-en-v1.5,768
0,200,200,184,4498,homoglyph,A1_naive_cosine_raw,0.8954450770390705,0.1846484489835758,ToxicChat,bge-base-en-v1.5,768
0,200,200,184,4498,homoglyph,A2_rsfi_svd_raw_k20,0.8777343070350108,0.1447389665625551,ToxicChat,bge-base-en-v1.5,768
0,200,200,184,4498,homoglyph,B1_discriminant_mean_raw,0.7209774392483616,0.06941843858531126,ToxicChat,bge-base-en-v1.5,768
0,200,200,184,4498,homoglyph,B1b_SigmaT_wh,0.7059079397606666,0.07274422178368462,ToxicChat,bge-base-en-v1.5,768
0,200,200,184,4498,homoglyph,B1w_SigmaW_wh,0.7315111063854466,0.07973673712951902,ToxicChat,bge-base-en-v1.5,768
0,200,200,184,4498,homoglyph,C1_logreg_raw,0.7601929359908752,0.08256281599317448,ToxicChat,bge-base-en-v1.5,768
1,200,200,184,4498,clean,A1_naive_cosine_raw,0.884611759815957,0.44148421164206825,ToxicChat,bge-base-en-v1.5,768
1,200,200,184,4498,clean,A2_rsfi_svd_raw_k20,0.910953177257525,0.514135854455095,ToxicChat,bge-base-en-v1.5,768
1,200,200,184,4498,clean,B1_discriminant_mean_raw,0.9435099174512344,0.5979966011943157,ToxicChat,bge-base-en-v1.5,768
1,200,200,184,4498,clean,B1b_SigmaT_wh,0.9557991957778337,0.6653531916711966,ToxicChat,bge-base-en-v1.5,768
1,200,200,184,4498,clean,B1w_SigmaW_wh,0.9660066309664198,0.6879867968557151,ToxicChat,bge-base-en-v1.5,768
1,200,200,184,4498,clean,C1_logreg_raw,0.9646872039747133,0.6526281515187385,ToxicChat,bge-base-en-v1.5,768
1,200,200,184,4498,base64,A1_naive_cosine_raw,0.8340917219247201,0.11698897487322689,ToxicChat,bge-base-en-v1.5,768
1,200,200,184,4498,base64,A2_rsfi_svd_raw_k20,0.713382276180718,0.0666146440950179,ToxicChat,bge-base-en-v1.5,768
1,200,200,184,4498,base64,B1_discriminant_mean_raw,0.44590349334003515,0.036317573170902326,ToxicChat,bge-base-en-v1.5,768
1,200,200,184,4498,base64,B1b_SigmaT_wh,0.8216731590851973,0.1352428359267359,ToxicChat,bge-base-en-v1.5,768
1,200,200,184,4498,base64,B1w_SigmaW_wh,0.8279513116940862,0.13262879135001832,ToxicChat,bge-base-en-v1.5,768
1,200,200,184,4498,base64,C1_logreg_raw,0.5409203607400391,0.04351621510579247,ToxicChat,bge-base-en-v1.5,768
1,200,200,184,4498,leetspeak,A1_naive_cosine_raw,0.6529629110522551,0.05098938546485061,ToxicChat,bge-base-en-v1.5,768
1,200,200,184,4498,leetspeak,A2_rsfi_svd_raw_k20,0.5862569354495718,0.04309851013829377,ToxicChat,bge-base-en-v1.5,768
1,200,200,184,4498,leetspeak,B1_discriminant_mean_raw,0.24634982697624064,0.024931617776125545,ToxicChat,bge-base-en-v1.5,768
1,200,200,184,4498,leetspeak,B1b_SigmaT_wh,0.5494060162004369,0.03912765144413659,ToxicChat,bge-base-en-v1.5,768
1,200,200,184,4498,leetspeak,B1w_SigmaW_wh,0.6019438591064628,0.04414256264698006,ToxicChat,bge-base-en-v1.5,768
1,200,200,184,4498,leetspeak,C1_logreg_raw,0.3614903725327199,0.028538853847568928,ToxicChat,bge-base-en-v1.5,768
1,200,200,184,4498,rot13,A1_naive_cosine_raw,0.8374821176561564,0.10613386666124536,ToxicChat,bge-base-en-v1.5,768
1,200,200,184,4498,rot13,A2_rsfi_svd_raw_k20,0.7542869294565699,0.07090096169862999,ToxicChat,bge-base-en-v1.5,768
1,200,200,184,4498,rot13,B1_discriminant_mean_raw,0.4270545363156572,0.03180740468689514,ToxicChat,bge-base-en-v1.5,768
1,200,200,184,4498,rot13,B1b_SigmaT_wh,0.4035114640323235,0.02990079513964932,ToxicChat,bge-base-en-v1.5,768
1,200,200,184,4498,rot13,B1w_SigmaW_wh,0.45607468053434375,0.032678051651450615,ToxicChat,bge-base-en-v1.5,768
1,200,200,184,4498,rot13,C1_logreg_raw,0.4617390337734645,0.03349159637313078,ToxicChat,bge-base-en-v1.5,768
1,200,200,184,4498,zero_width,A1_naive_cosine_raw,0.884611759815957,0.44148421164206825,ToxicChat,bge-base-en-v1.5,768
1,200,200,184,4498,zero_width,A2_rsfi_svd_raw_k20,0.910953177257525,0.5141418887267089,ToxicChat,bge-base-en-v1.5,768
1,200,200,184,4498,zero_width,B1_discriminant_mean_raw,0.9435099174512344,0.5979966011943157,ToxicChat,bge-base-en-v1.5,768
1,200,200,184,4498,zero_width,B1b_SigmaT_wh,0.9557991957778337,0.6653412470940345,ToxicChat,bge-base-en-v1.5,768
1,200,200,184,4498,zero_width,B1w_SigmaW_wh,0.9660066309664198,0.6879867968557151,ToxicChat,bge-base-en-v1.5,768
1,200,200,184,4498,zero_width,C1_logreg_raw,0.9646872039747133,0.6526281515187385,ToxicChat,bge-base-en-v1.5,768
1,200,200,184,4498,homoglyph,A1_naive_cosine_raw,0.8940924227192762,0.1951249530123119,ToxicChat,bge-base-en-v1.5,768
1,200,200,184,4498,homoglyph,A2_rsfi_svd_raw_k20,0.8327819610648212,0.10540321604086242,ToxicChat,bge-base-en-v1.5,768
1,200,200,184,4498,homoglyph,B1_discriminant_mean_raw,0.7404256964447967,0.0748358702179779,ToxicChat,bge-base-en-v1.5,768
1,200,200,184,4498,homoglyph,B1b_SigmaT_wh,0.7319279583196396,0.07116236190642963,ToxicChat,bge-base-en-v1.5,768
1,200,200,184,4498,homoglyph,B1w_SigmaW_wh,0.7815792526146887,0.08992331461978997,ToxicChat,bge-base-en-v1.5,768
1,200,200,184,4498,homoglyph,C1_logreg_raw,0.7460489686237362,0.07725937963787517,ToxicChat,bge-base-en-v1.5,768
2,200,200,184,4498,clean,A1_naive_cosine_raw,0.8905805962070099,0.4375004997907861,ToxicChat,bge-base-en-v1.5,768
2,200,200,184,4498,clean,A2_rsfi_svd_raw_k20,0.9251865563438821,0.5775399023961529,ToxicChat,bge-base-en-v1.5,768
2,200,200,184,4498,clean,B1_discriminant_mean_raw,0.9567428518955283,0.6530952768391326,ToxicChat,bge-base-en-v1.5,768
2,200,200,184,4498,clean,B1b_SigmaT_wh,0.9528063197169755,0.6932333931689993,ToxicChat,bge-base-en-v1.5,768
2,200,200,184,4498,clean,B1w_SigmaW_wh,0.9621196377133798,0.7063164364893274,ToxicChat,bge-base-en-v1.5,768
2,200,200,184,4498,clean,C1_logreg_raw,0.9705400467840779,0.6996057326045586,ToxicChat,bge-base-en-v1.5,768
2,200,200,184,4498,base64,A1_naive_cosine_raw,0.8530699634620218,0.13042315214362907,ToxicChat,bge-base-en-v1.5,768
2,200,200,184,4498,base64,A2_rsfi_svd_raw_k20,0.783548726970441,0.08543287292117803,ToxicChat,bge-base-en-v1.5,768
2,200,200,184,4498,base64,B1_discriminant_mean_raw,0.4491899781545421,0.03672745887882692,ToxicChat,bge-base-en-v1.5,768
2,200,200,184,4498,base64,B1b_SigmaT_wh,0.6900216521352485,0.06125302384674712,ToxicChat,bge-base-en-v1.5,768
2,200,200,184,4498,base64,B1w_SigmaW_wh,0.7107011328706478,0.06497995170340061,ToxicChat,bge-base-en-v1.5,768
2,200,200,184,4498,base64,C1_logreg_raw,0.5572065845689872,0.045166149604613064,ToxicChat,bge-base-en-v1.5,768
2,200,200,184,4498,leetspeak,A1_naive_cosine_raw,0.686557552148781,0.05588797382147999,ToxicChat,bge-base-en-v1.5,768
2,200,200,184,4498,leetspeak,A2_rsfi_svd_raw_k20,0.7543026369207569,0.07119452471333221,ToxicChat,bge-base-en-v1.5,768
2,200,200,184,4498,leetspeak,B1_discriminant_mean_raw,0.24432598062907182,0.0247286915396584,ToxicChat,bge-base-en-v1.5,768
2,200,200,184,4498,leetspeak,B1b_SigmaT_wh,0.49840871305121115,0.03536657391499822,ToxicChat,bge-base-en-v1.5,768
2,200,200,184,4498,leetspeak,B1w_SigmaW_wh,0.5465605486496414,0.039138008112391674,ToxicChat,bge-base-en-v1.5,768
2,200,200,184,4498,leetspeak,C1_logreg_raw,0.4018090165677499,0.03019936854543179,ToxicChat,bge-base-en-v1.5,768
2,200,200,184,4498,rot13,A1_naive_cosine_raw,0.8534469426025092,0.12119306299592039,ToxicChat,bge-base-en-v1.5,768
2,200,200,184,4498,rot13,A2_rsfi_svd_raw_k20,0.8543688499236375,0.12113789925478788,ToxicChat,bge-base-en-v1.5,768
2,200,200,184,4498,rot13,B1_discriminant_mean_raw,0.466328029849015,0.03350328135730414,ToxicChat,bge-base-en-v1.5,768
2,200,200,184,4498,rot13,B1b_SigmaT_wh,0.70906514006225,0.06225024869339855,ToxicChat,bge-base-en-v1.5,768
2,200,200,184,4498,rot13,B1w_SigmaW_wh,0.7489270593693815,0.07216208819124252,ToxicChat,bge-base-en-v1.5,768
2,200,200,184,4498,rot13,C1_logreg_raw,0.5646301737970498,0.040618675296049504,ToxicChat,bge-base-en-v1.5,768
2,200,200,184,4498,zero_width,A1_naive_cosine_raw,0.8905805962070099,0.4375004997907861,ToxicChat,bge-base-en-v1.5,768
2,200,200,184,4498,zero_width,A2_rsfi_svd_raw_k20,0.9251865563438821,0.5775399023961529,ToxicChat,bge-base-en-v1.5,768
2,200,200,184,4498,zero_width,B1_discriminant_mean_raw,0.9567428518955283,0.6530952768391326,ToxicChat,bge-base-en-v1.5,768
2,200,200,184,4498,zero_width,B1b_SigmaT_wh,0.9528063197169755,0.6932333931689993,ToxicChat,bge-base-en-v1.5,768
2,200,200,184,4498,zero_width,B1w_SigmaW_wh,0.9621196377133798,0.7063164364893274,ToxicChat,bge-base-en-v1.5,768
2,200,200,184,4498,zero_width,C1_logreg_raw,0.9705400467840779,0.6996057326045586,ToxicChat,bge-base-en-v1.5,768
2,200,200,184,4498,homoglyph,A1_naive_cosine_raw,0.8981080963520018,0.20732380402457315,ToxicChat,bge-base-en-v1.5,768
2,200,200,184,4498,homoglyph,A2_rsfi_svd_raw_k20,0.8931807856631934,0.17885427602116521,ToxicChat,bge-base-en-v1.5,768
2,200,200,184,4498,homoglyph,B1_discriminant_mean_raw,0.7595827614205347,0.08322787176947853,ToxicChat,bge-base-en-v1.5,768
2,200,200,184,4498,homoglyph,B1b_SigmaT_wh,0.797814729251648,0.10793593220186781,ToxicChat,bge-base-en-v1.5,768
2,200,200,184,4498,homoglyph,B1w_SigmaW_wh,0.8282449204477352,0.12885200651990714,ToxicChat,bge-base-en-v1.5,768
2,200,200,184,4498,homoglyph,C1_logreg_raw,0.7890777543642585,0.0984507999134249,ToxicChat,bge-base-en-v1.5,768
3,200,200,184,4498,clean,A1_naive_cosine_raw,0.8711154232799118,0.4218141732843092,ToxicChat,bge-base-en-v1.5,768
3,200,200,184,4498,clean,A2_rsfi_svd_raw_k20,0.9033616389893093,0.4774659994479343,ToxicChat,bge-base-en-v1.5,768
3,200,200,184,4498,clean,B1_discriminant_mean_raw,0.9469474355752315,0.6336107002394661,ToxicChat,bge-base-en-v1.5,768
3,200,200,184,4498,clean,B1b_SigmaT_wh,0.9578508322539487,0.6589547693594134,ToxicChat,bge-base-en-v1.5,768
3,200,200,184,4498,clean,B1w_SigmaW_wh,0.9640528640748546,0.6776644591168248,ToxicChat,bge-base-en-v1.5,768
3,200,200,184,4498,clean,C1_logreg_raw,0.9652720049490594,0.68802152888304,ToxicChat,bge-base-en-v1.5,768
3,200,200,184,4498,base64,A1_naive_cosine_raw,0.8382493668683666,0.12008427446345418,ToxicChat,bge-base-en-v1.5,768
3,200,200,184,4498,base64,A2_rsfi_svd_raw_k20,0.743108048021343,0.07391715560606897,ToxicChat,bge-base-en-v1.5,768
3,200,200,184,4498,base64,B1_discriminant_mean_raw,0.47500821621203626,0.037872766985363626,ToxicChat,bge-base-en-v1.5,768
3,200,200,184,4498,base64,B1b_SigmaT_wh,0.7542990121213292,0.07527495408327516,ToxicChat,bge-base-en-v1.5,768
3,200,200,184,4498,base64,B1w_SigmaW_wh,0.7504035610029579,0.0749037468235984,ToxicChat,bge-base-en-v1.5,768
3,200,200,184,4498,base64,C1_logreg_raw,0.5773302627254626,0.04687517549002837,ToxicChat,bge-base-en-v1.5,768
3,200,200,184,4498,leetspeak,A1_naive_cosine_raw,0.6735904363291897,0.053924793675604654,ToxicChat,bge-base-en-v1.5,768
3,200,200,184,4498,leetspeak,A2_rsfi_svd_raw_k20,0.6210731339532546,0.046731265355685836,ToxicChat,bge-base-en-v1.5,768
3,200,200,184,4498,leetspeak,B1_discriminant_mean_raw,0.2774663135306513,0.025807695953425414,ToxicChat,bge-base-en-v1.5,768
3,200,200,184,4498,leetspeak,B1b_SigmaT_wh,0.738631420728053,0.07080660096269889,ToxicChat,bge-base-en-v1.5,768
3,200,200,184,4498,leetspeak,B1w_SigmaW_wh,0.7308550176890212,0.0675917252420993,ToxicChat,bge-base-en-v1.5,768
3,200,200,184,4498,leetspeak,C1_logreg_raw,0.43888346511493037,0.032145509364924156,ToxicChat,bge-base-en-v1.5,768
3,200,200,184,4498,rot13,A1_naive_cosine_raw,0.8520683105534828,0.11642447134910668,ToxicChat,bge-base-en-v1.5,768
3,200,200,184,4498,rot13,A2_rsfi_svd_raw_k20,0.7876326676590562,0.08135204697206626,ToxicChat,bge-base-en-v1.5,768
3,200,200,184,4498,rot13,B1_discriminant_mean_raw,0.4738579465269588,0.034065582863515576,ToxicChat,bge-base-en-v1.5,768
3,200,200,184,4498,rot13,B1b_SigmaT_wh,0.6188517360372726,0.04648974331625215,ToxicChat,bge-base-en-v1.5,768
3,200,200,184,4498,rot13,B1w_SigmaW_wh,0.6304541148723104,0.047964834886814606,ToxicChat,bge-base-en-v1.5,768
3,200,200,184,4498,rot13,C1_logreg_raw,0.5463636012140661,0.03927815590440084,ToxicChat,bge-base-en-v1.5,768
3,200,200,184,4498,zero_width,A1_naive_cosine_raw,0.8711154232799118,0.4218141732843092,ToxicChat,bge-base-en-v1.5,768
3,200,200,184,4498,zero_width,A2_rsfi_svd_raw_k20,0.9033616389893093,0.4774659994479343,ToxicChat,bge-base-en-v1.5,768
3,200,200,184,4498,zero_width,B1_discriminant_mean_raw,0.9469474355752315,0.6336107002394661,ToxicChat,bge-base-en-v1.5,768
3,200,200,184,4498,zero_width,B1b_SigmaT_wh,0.9578508322539487,0.6589547693594134,ToxicChat,bge-base-en-v1.5,768
3,200,200,184,4498,zero_width,B1w_SigmaW_wh,0.9640528640748546,0.6776644591168248,ToxicChat,bge-base-en-v1.5,768
3,200,200,184,4498,zero_width,C1_logreg_raw,0.9652720049490594,0.68802152888304,ToxicChat,bge-base-en-v1.5,768
3,200,200,184,4498,homoglyph,A1_naive_cosine_raw,0.895159926150753,0.20717163439280997,ToxicChat,bge-base-en-v1.5,768
3,200,200,184,4498,homoglyph,A2_rsfi_svd_raw_k20,0.8639008641521835,0.13507183627938424,ToxicChat,bge-base-en-v1.5,768
3,200,200,184,4498,homoglyph,B1_discriminant_mean_raw,0.7629344926247414,0.08745778293376055,ToxicChat,bge-base-en-v1.5,768
3,200,200,184,4498,homoglyph,B1b_SigmaT_wh,0.8374954085873914,0.16511618574000828,ToxicChat,bge-base-en-v1.5,768
3,200,200,184,4498,homoglyph,B1w_SigmaW_wh,0.8353132793318769,0.15253122783699605,ToxicChat,bge-base-en-v1.5,768
3,200,200,184,4498,homoglyph,C1_logreg_raw,0.7971924720165486,0.10693877146270124,ToxicChat,bge-base-en-v1.5,768
4,200,200,184,4498,clean,A1_naive_cosine_raw,0.884425686778665,0.42146251360321246,ToxicChat,bge-base-en-v1.5,768
4,200,200,184,4498,clean,A2_rsfi_svd_raw_k20,0.9231911042588976,0.5307278041465054,ToxicChat,bge-base-en-v1.5,768
4,200,200,184,4498,clean,B1_discriminant_mean_raw,0.9492866394726158,0.6139161234205749,ToxicChat,bge-base-en-v1.5,768
4,200,200,184,4498,clean,B1b_SigmaT_wh,0.9416407292129836,0.6579479724355535,ToxicChat,bge-base-en-v1.5,768
4,200,200,184,4498,clean,B1w_SigmaW_wh,0.9542405320238947,0.6828545821919101,ToxicChat,bge-base-en-v1.5,768
4,200,200,184,4498,clean,C1_logreg_raw,0.9707708256809789,0.6829360464042064,ToxicChat,bge-base-en-v1.5,768
4,200,200,184,4498,base64,A1_naive_cosine_raw,0.8397621164962206,0.1235934088982006,ToxicChat,bge-base-en-v1.5,768
4,200,200,184,4498,base64,A2_rsfi_svd_raw_k20,0.7826811916407292,0.08942795608841136,ToxicChat,bge-base-en-v1.5,768
4,200,200,184,4498,base64,B1_discriminant_mean_raw,0.44083239894059195,0.036041007334698054,ToxicChat,bge-base-en-v1.5,768
4,200,200,184,4498,base64,B1b_SigmaT_wh,0.5283543893904538,0.041137676019487715,ToxicChat,bge-base-en-v1.5,768
4,200,200,184,4498,base64,B1w_SigmaW_wh,0.5234693680283025,0.04077407464604066,ToxicChat,bge-base-en-v1.5,768
4,200,200,184,4498,base64,C1_logreg_raw,0.5033795213331529,0.04053814228051138,ToxicChat,bge-base-en-v1.5,768
4,200,200,184,4498,leetspeak,A1_naive_cosine_raw,0.6597002049219944,0.05159666280608788,ToxicChat,bge-base-en-v1.5,768
4,200,200,184,4498,leetspeak,A2_rsfi_svd_raw_k20,0.6604970566628647,0.05178632476059446,ToxicChat,bge-base-en-v1.5,768
4,200,200,184,4498,leetspeak,B1_discriminant_mean_raw,0.24874461113151738,0.02484106181729219,ToxicChat,bge-base-en-v1.5,768
4,200,200,184,4498,leetspeak,B1b_SigmaT_wh,0.5115280704467686,0.03663014719366897,ToxicChat,bge-base-en-v1.5,768
4,200,200,184,4498,leetspeak,B1w_SigmaW_wh,0.48979135654493783,0.03506664430199588,ToxicChat,bge-base-en-v1.5,768
4,200,200,184,4498,leetspeak,C1_logreg_raw,0.3499284706246254,0.02784898555502143,ToxicChat,bge-base-en-v1.5,768
4,200,200,184,4498,rot13,A1_naive_cosine_raw,0.8409921317687087,0.10784245548096419,ToxicChat,bge-base-en-v1.5,768
4,200,200,184,4498,rot13,A2_rsfi_svd_raw_k20,0.8380228169041313,0.10639177266712592,ToxicChat,bge-base-en-v1.5,768
4,200,200,184,4498,rot13,B1_discriminant_mean_raw,0.4267428035648694,0.031372058013790505,ToxicChat,bge-base-en-v1.5,768
4,200,200,184,4498,rot13,B1b_SigmaT_wh,0.2692875577551376,0.02461691908883675,ToxicChat,bge-base-en-v1.5,768
4,200,200,184,4498,rot13,B1w_SigmaW_wh,0.2556244804454153,0.02428776156786483,ToxicChat,bge-base-en-v1.5,768
4,200,200,184,4498,rot13,C1_logreg_raw,0.44635417673555394,0.03230670715240042,ToxicChat,bge-base-en-v1.5,768
4,200,200,184,4498,zero_width,A1_naive_cosine_raw,0.884425686778665,0.42146251360321246,ToxicChat,bge-base-en-v1.5,768
4,200,200,184,4498,zero_width,A2_rsfi_svd_raw_k20,0.9231911042588976,0.5307278041465054,ToxicChat,bge-base-en-v1.5,768
4,200,200,184,4498,zero_width,B1_discriminant_mean_raw,0.9492866394726158,0.6139161234205749,ToxicChat,bge-base-en-v1.5,768
4,200,200,184,4498,zero_width,B1b_SigmaT_wh,0.9416407292129836,0.6579479724355535,ToxicChat,bge-base-en-v1.5,768
4,200,200,184,4498,zero_width,B1w_SigmaW_wh,0.9542405320238947,0.6828545821919101,ToxicChat,bge-base-en-v1.5,768
4,200,200,184,4498,zero_width,C1_logreg_raw,0.9707708256809789,0.6829360464042064,ToxicChat,bge-base-en-v1.5,768
4,200,200,184,4498,homoglyph,A1_naive_cosine_raw,0.8925500705627621,0.18799688014005891,ToxicChat,bge-base-en-v1.5,768
4,200,200,184,4498,homoglyph,A2_rsfi_svd_raw_k20,0.8763979643126414,0.1494315023590756,ToxicChat,bge-base-en-v1.5,768
4,200,200,184,4498,homoglyph,B1_discriminant_mean_raw,0.7233069770139385,0.0715211191814628,ToxicChat,bge-base-en-v1.5,768
4,200,200,184,4498,homoglyph,B1b_SigmaT_wh,0.5604664875210239,0.04276354487997254,ToxicChat,bge-base-en-v1.5,768
4,200,200,184,4498,homoglyph,B1w_SigmaW_wh,0.541677943820442,0.04110211621679315,ToxicChat,bge-base-en-v1.5,768
4,200,200,184,4498,homoglyph,C1_logreg_raw,0.7042707386857928,0.06746624218644548,ToxicChat,bge-base-en-v1.5,768
0,200,200,184,4498,clean,A1_naive_cosine_raw,0.8721962176426238,0.43758927516408436,ToxicChat,bge-large-en-v1.5,1024
0,200,200,184,4498,clean,A2_rsfi_svd_raw_k20,0.9127353703095096,0.5199304492193831,ToxicChat,bge-large-en-v1.5,1024
0,200,200,184,4498,clean,B1_discriminant_mean_raw,0.945382730488913,0.6358523682203561,ToxicChat,bge-large-en-v1.5,1024
0,200,200,184,4498,clean,B1b_SigmaT_wh,0.9536533145165967,0.6598657673190096,ToxicChat,bge-large-en-v1.5,1024
0,200,200,184,4498,clean,B1w_SigmaW_wh,0.9632711156649331,0.6922178736518425,ToxicChat,bge-large-en-v1.5,1024
0,200,200,184,4498,clean,C1_logreg_raw,0.9646400815821525,0.7136932290930132,ToxicChat,bge-large-en-v1.5,1024
0,200,200,184,4498,base64,A1_naive_cosine_raw,0.6848671873489668,0.07161144583416702,ToxicChat,bge-large-en-v1.5,1024
0,200,200,184,4498,base64,A2_rsfi_svd_raw_k20,0.5629482668625669,0.04689276367881897,ToxicChat,bge-large-en-v1.5,1024
0,200,200,184,4498,base64,B1_discriminant_mean_raw,0.4609597018964951,0.03845437385483702,ToxicChat,bge-large-en-v1.5,1024
0,200,200,184,4498,base64,B1b_SigmaT_wh,0.6228190790109613,0.050798502011827805,ToxicChat,bge-large-en-v1.5,1024
0,200,200,184,4498,base64,B1w_SigmaW_wh,0.566448614843312,0.044640912190373284,ToxicChat,bge-large-en-v1.5,1024
0,200,200,184,4498,base64,C1_logreg_raw,0.46159041699692616,0.037696269072701384,ToxicChat,bge-large-en-v1.5,1024
0,200,200,184,4498,leetspeak,A1_naive_cosine_raw,0.7596323003460476,0.07193270781997332,ToxicChat,bge-large-en-v1.5,1024
0,200,200,184,4498,leetspeak,A2_rsfi_svd_raw_k20,0.6590102847642432,0.051583019201271486,ToxicChat,bge-large-en-v1.5,1024
0,200,200,184,4498,leetspeak,B1_discriminant_mean_raw,0.42731068880855255,0.031942941903980955,ToxicChat,bge-large-en-v1.5,1024
0,200,200,184,4498,leetspeak,B1b_SigmaT_wh,0.3858103601600711,0.028960926924601567,ToxicChat,bge-large-en-v1.5,1024
0,200,200,184,4498,leetspeak,B1w_SigmaW_wh,0.351708247143658,0.02754077732016638,ToxicChat,bge-large-en-v1.5,1024
0,200,200,184,4498,leetspeak,C1_logreg_raw,0.4318936435517235,0.03166361366024643,ToxicChat,bge-large-en-v1.5,1024
0,200,200,184,4498,rot13,A1_naive_cosine_raw,0.8417195081872136,0.10753495404589784,ToxicChat,bge-large-en-v1.5,1024
0,200,200,184,4498,rot13,A2_rsfi_svd_raw_k20,0.7715675565952017,0.07618595800416438,ToxicChat,bge-large-en-v1.5,1024
0,200,200,184,4498,rot13,B1_discriminant_mean_raw,0.46825038181220635,0.03374362451688574,ToxicChat,bge-large-en-v1.5,1024
0,200,200,184,4498,rot13,B1b_SigmaT_wh,0.5210757921395015,0.03699821586771455,ToxicChat,bge-large-en-v1.5,1024
0,200,200,184,4498,rot13,B1w_SigmaW_wh,0.4761560693641619,0.03384641376697846,ToxicChat,bge-large-en-v1.5,1024
0,200,200,184,4498,rot13,C1_logreg_raw,0.4774622054246332,0.03415219064766806,ToxicChat,bge-large-en-v1.5,1024
0,200,200,184,4498,zero_width,A1_naive_cosine_raw,0.8721956135093859,0.43758927516408436,ToxicChat,bge-large-en-v1.5,1024
0,200,200,184,4498,zero_width,A2_rsfi_svd_raw_k20,0.9127353703095096,0.5199304492193831,ToxicChat,bge-large-en-v1.5,1024
0,200,200,184,4498,zero_width,B1_discriminant_mean_raw,0.945382730488913,0.6358523682203561,ToxicChat,bge-large-en-v1.5,1024
0,200,200,184,4498,zero_width,B1b_SigmaT_wh,0.9536533145165967,0.6598657673190096,ToxicChat,bge-large-en-v1.5,1024
0,200,200,184,4498,zero_width,B1w_SigmaW_wh,0.9632711156649331,0.6922178736518425,ToxicChat,bge-large-en-v1.5,1024
0,200,200,184,4498,zero_width,C1_logreg_raw,0.9646400815821525,0.7136932290930132,ToxicChat,bge-large-en-v1.5,1024
0,200,200,184,4498,homoglyph,A1_naive_cosine_raw,0.8870729986274092,0.16156211826458997,ToxicChat,bge-large-en-v1.5,1024
0,200,200,184,4498,homoglyph,A2_rsfi_svd_raw_k20,0.8369402101417055,0.10909888719291518,ToxicChat,bge-large-en-v1.5,1024
0,200,200,184,4498,homoglyph,B1_discriminant_mean_raw,0.7773334042183,0.08531104637252888,ToxicChat,bge-large-en-v1.5,1024
0,200,200,184,4498,homoglyph,B1b_SigmaT_wh,0.7168536257660411,0.07903202251535506,ToxicChat,bge-large-en-v1.5,1024
0,200,200,184,4498,homoglyph,B1w_SigmaW_wh,0.7182056759525974,0.0785244637147277,ToxicChat,bge-large-en-v1.5,1024
0,200,200,184,4498,homoglyph,C1_logreg_raw,0.7944629980474414,0.09777331888588255,ToxicChat,bge-large-en-v1.5,1024
1,200,200,184,4498,clean,A1_naive_cosine_raw,0.8815222224370253,0.4569553248968935,ToxicChat,bge-large-en-v1.5,1024
1,200,200,184,4498,clean,A2_rsfi_svd_raw_k20,0.9147199479962109,0.5276944605296322,ToxicChat,bge-large-en-v1.5,1024
1,200,200,184,4498,clean,B1_discriminant_mean_raw,0.9513467338140622,0.6019726153202376,ToxicChat,bge-large-en-v1.5,1024
1,200,200,184,4498,clean,B1b_SigmaT_wh,0.9561568426547065,0.6647709045774942,ToxicChat,bge-large-en-v1.5,1024
1,200,200,184,4498,clean,B1w_SigmaW_wh,0.963985201152203,0.6828241865931635,ToxicChat,bge-large-en-v1.5,1024
1,200,200,184,4498,clean,C1_logreg_raw,0.9731994412975815,0.6873915402011136,ToxicChat,bge-large-en-v1.5,1024
1,200,200,184,4498,base64,A1_naive_cosine_raw,0.6999366868366617,0.07329243502395322,ToxicChat,bge-large-en-v1.5,1024
1,200,200,184,4498,base64,A2_rsfi_svd_raw_k20,0.5589319890966032,0.046810669458659804,ToxicChat,bge-large-en-v1.5,1024
1,200,200,184,4498,base64,B1_discriminant_mean_raw,0.6049427764997004,0.05097458685155513,ToxicChat,bge-large-en-v1.5,1024
1,200,200,184,4498,base64,B1b_SigmaT_wh,0.7290824907688442,0.07021536769374036,ToxicChat,bge-large-en-v1.5,1024
1,200,200,184,4498,base64,B1w_SigmaW_wh,0.7240403947648231,0.06842796780606057,ToxicChat,bge-large-en-v1.5,1024
1,200,200,184,4498,base64,C1_logreg_raw,0.6424111199180313,0.05454473128403532,ToxicChat,bge-large-en-v1.5,1024
1,200,200,184,4498,leetspeak,A1_naive_cosine_raw,0.76456142343457,0.07298876683344922,ToxicChat,bge-large-en-v1.5,1024
1,200,200,184,4498,leetspeak,A2_rsfi_svd_raw_k20,0.6111786397819321,0.04539912178932979,ToxicChat,bge-large-en-v1.5,1024
1,200,200,184,4498,leetspeak,B1_discriminant_mean_raw,0.5202312138728324,0.037680732222853015,ToxicChat,bge-large-en-v1.5,1024
1,200,200,184,4498,leetspeak,B1b_SigmaT_wh,0.6124098633208962,0.04581784033187132,ToxicChat,bge-large-en-v1.5,1024
1,200,200,184,4498,leetspeak,B1w_SigmaW_wh,0.593134388230518,0.04357600823430652,ToxicChat,bge-large-en-v1.5,1024
1,200,200,184,4498,leetspeak,C1_logreg_raw,0.5694475322365495,0.04136036728578209,ToxicChat,bge-large-en-v1.5,1024
1,200,200,184,4498,rot13,A1_naive_cosine_raw,0.8405329905078586,0.10697694623901184,ToxicChat,bge-large-en-v1.5,1024
1,200,200,184,4498,rot13,A2_rsfi_svd_raw_k20,0.7793959150926981,0.07797695669126158,ToxicChat,bge-large-en-v1.5,1024
1,200,200,184,4498,rot13,B1_discriminant_mean_raw,0.5602296672917433,0.04025674461645584,ToxicChat,bge-large-en-v1.5,1024
1,200,200,184,4498,rot13,B1b_SigmaT_wh,0.6664507897229688,0.05385679607411234,ToxicChat,bge-large-en-v1.5,1024
1,200,200,184,4498,rot13,B1w_SigmaW_wh,0.6696599454830167,0.05407362426471312,ToxicChat,bge-large-en-v1.5,1024
1,200,200,184,4498,rot13,C1_logreg_raw,0.625355230343921,0.04687220772309064,ToxicChat,bge-large-en-v1.5,1024
1,200,200,184,4498,zero_width,A1_naive_cosine_raw,0.8815222224370253,0.4569553248968935,ToxicChat,bge-large-en-v1.5,1024
1,200,200,184,4498,zero_width,A2_rsfi_svd_raw_k20,0.9147199479962109,0.5276944605296322,ToxicChat,bge-large-en-v1.5,1024
1,200,200,184,4498,zero_width,B1_discriminant_mean_raw,0.9513467338140622,0.6019726153202376,ToxicChat,bge-large-en-v1.5,1024
1,200,200,184,4498,zero_width,B1b_SigmaT_wh,0.9561568426547065,0.6647709045774942,ToxicChat,bge-large-en-v1.5,1024
1,200,200,184,4498,zero_width,B1w_SigmaW_wh,0.963985201152203,0.6828241865931635,ToxicChat,bge-large-en-v1.5,1024
1,200,200,184,4498,zero_width,C1_logreg_raw,0.9731994412975815,0.6873915402011136,ToxicChat,bge-large-en-v1.5,1024
1,200,200,184,4498,homoglyph,A1_naive_cosine_raw,0.8931475583351055,0.16814225162772659,ToxicChat,bge-large-en-v1.5,1024
1,200,200,184,4498,homoglyph,A2_rsfi_svd_raw_k20,0.8153442592843195,0.09656412482573244,ToxicChat,bge-large-en-v1.5,1024
1,200,200,184,4498,homoglyph,B1_discriminant_mean_raw,0.8062423879212017,0.09528180786086227,ToxicChat,bge-large-en-v1.5,1024
1,200,200,184,4498,homoglyph,B1b_SigmaT_wh,0.8403155025421928,0.14214825644507603,ToxicChat,bge-large-en-v1.5,1024
1,200,200,184,4498,homoglyph,B1w_SigmaW_wh,0.8694782222050379,0.16791114414605723,ToxicChat,bge-large-en-v1.5,1024
1,200,200,184,4498,homoglyph,C1_logreg_raw,0.8438617646490228,0.12444879892929324,ToxicChat,bge-large-en-v1.5,1024
2,200,200,184,4498,clean,A1_naive_cosine_raw,0.8869497554468654,0.4266290271385116,ToxicChat,bge-large-en-v1.5,1024
2,200,200,184,4498,clean,A2_rsfi_svd_raw_k20,0.9314139617607824,0.5720588852226927,ToxicChat,bge-large-en-v1.5,1024
2,200,200,184,4498,clean,B1_discriminant_mean_raw,0.9596281922400295,0.648253377894279,ToxicChat,bge-large-en-v1.5,1024
2,200,200,184,4498,clean,B1b_SigmaT_wh,0.9580779863514219,0.7037584909230847,ToxicChat,bge-large-en-v1.5,1024
2,200,200,184,4498,clean,B1w_SigmaW_wh,0.9633798596477662,0.7130788448851008,ToxicChat,bge-large-en-v1.5,1024
2,200,200,184,4498,clean,C1_logreg_raw,0.974118932085758,0.7295880109974653,ToxicChat,bge-large-en-v1.5,1024
2,200,200,184,4498,base64,A1_naive_cosine_raw,0.6901509366481721,0.07083716584968507,ToxicChat,bge-large-en-v1.5,1024
2,200,200,184,4498,base64,A2_rsfi_svd_raw_k20,0.5806058731416862,0.04871718921132346,ToxicChat,bge-large-en-v1.5,1024
2,200,200,184,4498,base64,B1_discriminant_mean_raw,0.5173507065942352,0.04232129276686369,ToxicChat,bge-large-en-v1.5,1024
2,200,200,184,4498,base64,B1b_SigmaT_wh,0.5587132928644616,0.04279916948987112,ToxicChat,bge-large-en-v1.5,1024
2,200,200,184,4498,base64,B1w_SigmaW_wh,0.5282238966110541,0.04208928253186181,ToxicChat,bge-large-en-v1.5,1024
2,200,200,184,4498,base64,C1_logreg_raw,0.5297861851644209,0.042790182259378494,ToxicChat,bge-large-en-v1.5,1024
2,200,200,184,4498,leetspeak,A1_naive_cosine_raw,0.7749482861948305,0.0757006857859056,ToxicChat,bge-large-en-v1.5,1024
2,200,200,184,4498,leetspeak,A2_rsfi_svd_raw_k20,0.6238195236530245,0.04688726250490932,ToxicChat,bge-large-en-v1.5,1024
2,200,200,184,4498,leetspeak,B1_discriminant_mean_raw,0.4821659868153962,0.03504635568194529,ToxicChat,bge-large-en-v1.5,1024
2,200,200,184,4498,leetspeak,B1b_SigmaT_wh,0.4607567131285402,0.03306355448400416,ToxicChat,bge-large-en-v1.5,1024
2,200,200,184,4498,leetspeak,B1w_SigmaW_wh,0.4087094264117385,0.030291550125784803,ToxicChat,bge-large-en-v1.5,1024
2,200,200,184,4498,leetspeak,C1_logreg_raw,0.5069704892995921,0.03628297168857816,ToxicChat,bge-large-en-v1.5,1024
2,200,200,184,4498,rot13,A1_naive_cosine_raw,0.8492602992634408,0.1155071035122852,ToxicChat,bge-large-en-v1.5,1024
2,200,200,184,4498,rot13,A2_rsfi_svd_raw_k20,0.7723801158002591,0.0765593874787929,ToxicChat,bge-large-en-v1.5,1024
2,200,200,184,4498,rot13,B1_discriminant_mean_raw,0.5482919945096372,0.03923305283796316,ToxicChat,bge-large-en-v1.5,1024
2,200,200,184,4498,rot13,B1b_SigmaT_wh,0.5267957256365148,0.037644867837308804,ToxicChat,bge-large-en-v1.5,1024
2,200,200,184,4498,rot13,B1w_SigmaW_wh,0.5225897500338315,0.037295302158043234,ToxicChat,bge-large-en-v1.5,1024
2,200,200,184,4498,rot13,C1_logreg_raw,0.5913920679722388,0.04309762527243876,ToxicChat,bge-large-en-v1.5,1024
2,200,200,184,4498,zero_width,A1_naive_cosine_raw,0.8869497554468654,0.4266290271385116,ToxicChat,bge-large-en-v1.5,1024
2,200,200,184,4498,zero_width,A2_rsfi_svd_raw_k20,0.9314139617607824,0.5720588852226927,ToxicChat,bge-large-en-v1.5,1024
2,200,200,184,4498,zero_width,B1_discriminant_mean_raw,0.9596281922400295,0.648253377894279,ToxicChat,bge-large-en-v1.5,1024
2,200,200,184,4498,zero_width,B1b_SigmaT_wh,0.9580779863514219,0.7037584909230847,ToxicChat,bge-large-en-v1.5,1024
2,200,200,184,4498,zero_width,B1w_SigmaW_wh,0.9633798596477662,0.7130788448851008,ToxicChat,bge-large-en-v1.5,1024
2,200,200,184,4498,zero_width,C1_logreg_raw,0.974118932085758,0.7295880109974653,ToxicChat,bge-large-en-v1.5,1024
2,200,200,184,4498,homoglyph,A1_naive_cosine_raw,0.89671617337174,0.17821836670366395,ToxicChat,bge-large-en-v1.5,1024
2,200,200,184,4498,homoglyph,A2_rsfi_svd_raw_k20,0.8418391265683299,0.11570580744915189,ToxicChat,bge-large-en-v1.5,1024
2,200,200,184,4498,homoglyph,B1_discriminant_mean_raw,0.7836236394919481,0.08573807802282861,ToxicChat,bge-large-en-v1.5,1024
2,200,200,184,4498,homoglyph,B1b_SigmaT_wh,0.8148174551008177,0.11975944370350146,ToxicChat,bge-large-en-v1.5,1024
2,200,200,184,4498,homoglyph,B1w_SigmaW_wh,0.8317682254915229,0.13546582505482183,ToxicChat,bge-large-en-v1.5,1024
2,200,200,184,4498,homoglyph,C1_logreg_raw,0.8195695671506176,0.11329947458308268,ToxicChat,bge-large-en-v1.5,1024
3,200,200,184,4498,clean,A1_naive_cosine_raw,0.8708290641251185,0.43167848648347773,ToxicChat,bge-large-en-v1.5,1024
3,200,200,184,4498,clean,A2_rsfi_svd_raw_k20,0.9027478396195409,0.5043772523044223,ToxicChat,bge-large-en-v1.5,1024
3,200,200,184,4498,clean,B1_discriminant_mean_raw,0.9506278152608889,0.6321966557015046,ToxicChat,bge-large-en-v1.5,1024
3,200,200,184,4498,clean,B1b_SigmaT_wh,0.9532231716511685,0.6998426871880764,ToxicChat,bge-large-en-v1.5,1024
3,200,200,184,4498,clean,B1w_SigmaW_wh,0.9634898118970749,0.7231717226220712,ToxicChat,bge-large-en-v1.5,1024
3,200,200,184,4498,clean,C1_logreg_raw,0.9690381715545073,0.7096925191522679,ToxicChat,bge-large-en-v1.5,1024
3,200,200,184,4498,base64,A1_naive_cosine_raw,0.7037233939722002,0.07325955861719927,ToxicChat,bge-large-en-v1.5,1024
3,200,200,184,4498,base64,A2_rsfi_svd_raw_k20,0.6039876418504843,0.052828058068261366,ToxicChat,bge-large-en-v1.5,1024
3,200,200,184,4498,base64,B1_discriminant_mean_raw,0.5473628375896534,0.044607138084376205,ToxicChat,bge-large-en-v1.5,1024
3,200,200,184,4498,base64,B1b_SigmaT_wh,0.45914609391613664,0.03429375229995712,ToxicChat,bge-large-en-v1.5,1024
3,200,200,184,4498,base64,B1w_SigmaW_wh,0.43213650511338375,0.03344654555495921,ToxicChat,bge-large-en-v1.5,1024
3,200,200,184,4498,base64,C1_logreg_raw,0.5324649119415392,0.04260180446502644,ToxicChat,bge-large-en-v1.5,1024
3,200,200,184,4498,leetspeak,A1_naive_cosine_raw,0.7685118506775958,0.07426354631711751,ToxicChat,bge-large-en-v1.5,1024
3,200,200,184,4498,leetspeak,A2_rsfi_svd_raw_k20,0.6343386915923985,0.04811032892708783,ToxicChat,bge-large-en-v1.5,1024
3,200,200,184,4498,leetspeak,B1_discriminant_mean_raw,0.5024020337541323,0.03638157078655112,ToxicChat,bge-large-en-v1.5,1024
3,200,200,184,4498,leetspeak,B1b_SigmaT_wh,0.5877177296189611,0.04314395204766866,ToxicChat,bge-large-en-v1.5,1024
3,200,200,184,4498,leetspeak,B1w_SigmaW_wh,0.5359036383320124,0.038421487674720624,ToxicChat,bge-large-en-v1.5,1024
3,200,200,184,4498,leetspeak,C1_logreg_raw,0.5260659326850581,0.03767777562493818,ToxicChat,bge-large-en-v1.5,1024
3,200,200,184,4498,rot13,A1_naive_cosine_raw,0.8428782357376225,0.10813394586655302,ToxicChat,bge-large-en-v1.5,1024
3,200,200,184,4498,rot13,A2_rsfi_svd_raw_k20,0.7698004668741663,0.07591039484101027,ToxicChat,bge-large-en-v1.5,1024
3,200,200,184,4498,rot13,B1_discriminant_mean_raw,0.5541665861155682,0.03995154432890369,ToxicChat,bge-large-en-v1.5,1024
3,200,200,184,4498,rot13,B1b_SigmaT_wh,0.39794135557832466,0.029481435110334884,ToxicChat,bge-large-en-v1.5,1024
3,200,200,184,4498,rot13,B1w_SigmaW_wh,0.40769085777253655,0.029970320405303237,ToxicChat,bge-large-en-v1.5,1024
3,200,200,184,4498,rot13,C1_logreg_raw,0.5739628240570689,0.041600603473732865,ToxicChat,bge-large-en-v1.5,1024
3,200,200,184,4498,zero_width,A1_naive_cosine_raw,0.8708290641251185,0.43167848648347773,ToxicChat,bge-large-en-v1.5,1024
3,200,200,184,4498,zero_width,A2_rsfi_svd_raw_k20,0.9027478396195409,0.5043772523044223,ToxicChat,bge-large-en-v1.5,1024
3,200,200,184,4498,zero_width,B1_discriminant_mean_raw,0.9506278152608889,0.6321966557015046,ToxicChat,bge-large-en-v1.5,1024
3,200,200,184,4498,zero_width,B1b_SigmaT_wh,0.9532231716511685,0.6998426871880764,ToxicChat,bge-large-en-v1.5,1024
3,200,200,184,4498,zero_width,B1w_SigmaW_wh,0.9634898118970749,0.7231717226220712,ToxicChat,bge-large-en-v1.5,1024
3,200,200,184,4498,zero_width,C1_logreg_raw,0.9690381715545073,0.7096925191522679,ToxicChat,bge-large-en-v1.5,1024
3,200,200,184,4498,homoglyph,A1_naive_cosine_raw,0.882358342838363,0.16829588747048932,ToxicChat,bge-large-en-v1.5,1024
3,200,200,184,4498,homoglyph,A2_rsfi_svd_raw_k20,0.8265183076536431,0.10739695943756745,ToxicChat,bge-large-en-v1.5,1024
3,200,200,184,4498,homoglyph,B1_discriminant_mean_raw,0.7807515900786824,0.08956557843252863,ToxicChat,bge-large-en-v1.5,1024
3,200,200,184,4498,homoglyph,B1b_SigmaT_wh,0.8231726177818162,0.12268921062215228,ToxicChat,bge-large-en-v1.5,1024
3,200,200,184,4498,homoglyph,B1w_SigmaW_wh,0.8040723413304464,0.11085487159949844,ToxicChat,bge-large-en-v1.5,1024
3,200,200,184,4498,homoglyph,C1_logreg_raw,0.7961267809847856,0.10587546988286616,ToxicChat,bge-large-en-v1.5,1024
4,200,200,184,4498,clean,A1_naive_cosine_raw,0.8834433661337407,0.42184608503397686,ToxicChat,bge-large-en-v1.5,1024
4,200,200,184,4498,clean,A2_rsfi_svd_raw_k20,0.9311118951418021,0.5444373341892934,ToxicChat,bge-large-en-v1.5,1024
4,200,200,184,4498,clean,B1_discriminant_mean_raw,0.9508187213640845,0.610594543815308,ToxicChat,bge-large-en-v1.5,1024
4,200,200,184,4498,clean,B1b_SigmaT_wh,0.9568648868095966,0.6912588706234282,ToxicChat,bge-large-en-v1.5,1024
4,200,200,184,4498,clean,B1w_SigmaW_wh,0.9646002087884471,0.7102736528200826,ToxicChat,bge-large-en-v1.5,1024
4,200,200,184,4498,clean,C1_logreg_raw,0.9738494886616273,0.7045541058885474,ToxicChat,bge-large-en-v1.5,1024
4,200,200,184,4498,base64,A1_naive_cosine_raw,0.6914220329808418,0.07551545806563237,ToxicChat,bge-large-en-v1.5,1024
4,200,200,184,4498,base64,A2_rsfi_svd_raw_k20,0.5612748177934155,0.047506403393095614,ToxicChat,bge-large-en-v1.5,1024
4,200,200,184,4498,base64,B1_discriminant_mean_raw,0.5553458541960679,0.045631934041533644,ToxicChat,bge-large-en-v1.5,1024
4,200,200,184,4498,base64,B1b_SigmaT_wh,0.5834030100334449,0.04624862758680767,ToxicChat,bge-large-en-v1.5,1024
4,200,200,184,4498,base64,B1w_SigmaW_wh,0.5618765344984245,0.04512955439373737,ToxicChat,bge-large-en-v1.5,1024
4,200,200,184,4498,base64,C1_logreg_raw,0.5629700156591335,0.04567035311805509,ToxicChat,bge-large-en-v1.5,1024
4,200,200,184,4498,leetspeak,A1_naive_cosine_raw,0.7680086076903745,0.07389169367897475,ToxicChat,bge-large-en-v1.5,1024
4,200,200,184,4498,leetspeak,A2_rsfi_svd_raw_k20,0.6282611112185126,0.047344060488598246,ToxicChat,bge-large-en-v1.5,1024
4,200,200,184,4498,leetspeak,B1_discriminant_mean_raw,0.4953324666035146,0.035921745813139117,ToxicChat,bge-large-en-v1.5,1024
4,200,200,184,4498,leetspeak,B1b_SigmaT_wh,0.4325050263885399,0.03130921301034331,ToxicChat,bge-large-en-v1.5,1024
4,200,200,184,4498,leetspeak,B1w_SigmaW_wh,0.37385335511435036,0.02856697687069187,ToxicChat,bge-large-en-v1.5,1024
4,200,200,184,4498,leetspeak,C1_logreg_raw,0.4902142498115104,0.03511812853425055,ToxicChat,bge-large-en-v1.5,1024
4,200,200,184,4498,rot13,A1_naive_cosine_raw,0.8339817696754113,0.10471959972494954,ToxicChat,bge-large-en-v1.5,1024
4,200,200,184,4498,rot13,A2_rsfi_svd_raw_k20,0.7573806957681675,0.07157781816271014,ToxicChat,bge-large-en-v1.5,1024
4,200,200,184,4498,rot13,B1_discriminant_mean_raw,0.540073365940418,0.03850680569098408,ToxicChat,bge-large-en-v1.5,1024
4,200,200,184,4498,rot13,B1b_SigmaT_wh,0.35730493746012726,0.027905008145685854,ToxicChat,bge-large-en-v1.5,1024
4,200,200,184,4498,rot13,B1w_SigmaW_wh,0.33770927175362964,0.02712885493721199,ToxicChat,bge-large-en-v1.5,1024
4,200,200,184,4498,rot13,C1_logreg_raw,0.5206154426121755,0.036895038504863545,ToxicChat,bge-large-en-v1.5,1024
4,200,200,184,4498,zero_width,A1_naive_cosine_raw,0.8834433661337407,0.42184608503397686,ToxicChat,bge-large-en-v1.5,1024
4,200,200,184,4498,zero_width,A2_rsfi_svd_raw_k20,0.9311118951418021,0.5444373341892934,ToxicChat,bge-large-en-v1.5,1024
4,200,200,184,4498,zero_width,B1_discriminant_mean_raw,0.9508187213640845,0.610594543815308,ToxicChat,bge-large-en-v1.5,1024
4,200,200,184,4498,zero_width,B1b_SigmaT_wh,0.9568648868095966,0.6912588706234282,ToxicChat,bge-large-en-v1.5,1024
4,200,200,184,4498,zero_width,B1w_SigmaW_wh,0.9646002087884471,0.7102736528200826,ToxicChat,bge-large-en-v1.5,1024
4,200,200,184,4498,zero_width,C1_logreg_raw,0.9738494886616273,0.7045541058885474,ToxicChat,bge-large-en-v1.5,1024
4,200,200,184,4498,homoglyph,A1_naive_cosine_raw,0.8914626307344325,0.1678688956618101,ToxicChat,bge-large-en-v1.5,1024
4,200,200,184,4498,homoglyph,A2_rsfi_svd_raw_k20,0.8142991087826474,0.09729360281637248,ToxicChat,bge-large-en-v1.5,1024
4,200,200,184,4498,homoglyph,B1_discriminant_mean_raw,0.7801051675140642,0.08675811664820421,ToxicChat,bge-large-en-v1.5,1024
4,200,200,184,4498,homoglyph,B1b_SigmaT_wh,0.5624190461461133,0.04657350851921628,ToxicChat,bge-large-en-v1.5,1024
4,200,200,184,4498,homoglyph,B1w_SigmaW_wh,0.5549290022618748,0.04629946142628866,ToxicChat,bge-large-en-v1.5,1024
4,200,200,184,4498,homoglyph,C1_logreg_raw,0.7764936590175343,0.09379595839563053,ToxicChat,bge-large-en-v1.5,1024
0,200,200,800,800,clean,A1_naive_cosine_raw,0.78700625,0.7555347599691886,Wild,all-mpnet-base-v2,768
0,200,200,800,800,clean,A2_rsfi_svd_raw_k20,0.78589765625,0.7723102687776996,Wild,all-mpnet-base-v2,768
0,200,200,800,800,clean,B1_discriminant_mean_raw,0.87066875,0.8332459258371694,Wild,all-mpnet-base-v2,768
0,200,200,800,800,clean,B1b_SigmaT_wh,0.83020234375,0.8155563976306524,Wild,all-mpnet-base-v2,768
0,200,200,800,800,clean,B1w_SigmaW_wh,0.84590234375,0.834705999990212,Wild,all-mpnet-base-v2,768
0,200,200,800,800,clean,C1_logreg_raw,0.8771406249999999,0.8493852149597282,Wild,all-mpnet-base-v2,768
0,200,200,800,800,base64,A1_naive_cosine_raw,0.23182968750000002,0.40047871550451236,Wild,all-mpnet-base-v2,768
0,200,200,800,800,base64,A2_rsfi_svd_raw_k20,0.1568171875,0.3842855256889291,Wild,all-mpnet-base-v2,768
0,200,200,800,800,base64,B1_discriminant_mean_raw,0.687621875,0.6067669971995496,Wild,all-mpnet-base-v2,768
0,200,200,800,800,base64,B1b_SigmaT_wh,0.1731859375,0.385905433340941,Wild,all-mpnet-base-v2,768
0,200,200,800,800,base64,B1w_SigmaW_wh,0.20682500000000004,0.4115568167982048,Wild,all-mpnet-base-v2,768
0,200,200,800,800,base64,C1_logreg_raw,0.6075234374999999,0.5612837852415697,Wild,all-mpnet-base-v2,768
0,200,200,800,800,leetspeak,A1_naive_cosine_raw,0.503178125,0.45161560072482226,Wild,all-mpnet-base-v2,768
0,200,200,800,800,leetspeak,A2_rsfi_svd_raw_k20,0.4832421875000001,0.44130774790359595,Wild,all-mpnet-base-v2,768
0,200,200,800,800,leetspeak,B1_discriminant_mean_raw,0.8237187499999999,0.6732873201005531,Wild,all-mpnet-base-v2,768
0,200,200,800,800,leetspeak,B1b_SigmaT_wh,0.963534375,0.9166354264873023,Wild,all-mpnet-base-v2,768
0,200,200,800,800,leetspeak,B1w_SigmaW_wh,0.9699125,0.9343848491211335,Wild,all-mpnet-base-v2,768
0,200,200,800,800,leetspeak,C1_logreg_raw,0.9337421875,0.8362405354613198,Wild,all-mpnet-base-v2,768
0,200,200,800,800,rot13,A1_naive_cosine_raw,0.5856421875,0.4921513532639099,Wild,all-mpnet-base-v2,768
0,200,200,800,800,rot13,A2_rsfi_svd_raw_k20,0.5078796875,0.4534166612695729,Wild,all-mpnet-base-v2,768
0,200,200,800,800,rot13,B1_discriminant_mean_raw,0.7799328124999999,0.6293283583878285,Wild,all-mpnet-base-v2,768
0,200,200,800,800,rot13,B1b_SigmaT_wh,0.8005828125000001,0.6821951983143811,Wild,all-mpnet-base-v2,768
0,200,200,800,800,rot13,B1w_SigmaW_wh,0.8375453125000001,0.7198127405113657,Wild,all-mpnet-base-v2,768
0,200,200,800,800,rot13,C1_logreg_raw,0.8473375000000001,0.7023314958912774,Wild,all-mpnet-base-v2,768
0,200,200,800,800,zero_width,A1_naive_cosine_raw,0.7869765625,0.7558742974921304,Wild,all-mpnet-base-v2,768
0,200,200,800,800,zero_width,A2_rsfi_svd_raw_k20,0.7858953124999999,0.7746315435291913,Wild,all-mpnet-base-v2,768
0,200,200,800,800,zero_width,B1_discriminant_mean_raw,0.8706562499999999,0.8334922646601435,Wild,all-mpnet-base-v2,768
0,200,200,800,800,zero_width,B1b_SigmaT_wh,0.8301703125,0.8156749610197911,Wild,all-mpnet-base-v2,768
0,200,200,800,800,zero_width,B1w_SigmaW_wh,0.8459328125000001,0.8347996493841711,Wild,all-mpnet-base-v2,768
0,200,200,800,800,zero_width,C1_logreg_raw,0.8771625000000001,0.8495997389489238,Wild,all-mpnet-base-v2,768
0,200,200,800,800,homoglyph,A1_naive_cosine_raw,0.5493593750000001,0.47449419293197004,Wild,all-mpnet-base-v2,768
0,200,200,800,800,homoglyph,A2_rsfi_svd_raw_k20,0.4416140625,0.4242628437252834,Wild,all-mpnet-base-v2,768
0,200,200,800,800,homoglyph,B1_discriminant_mean_raw,0.77315625,0.6288556731900109,Wild,all-mpnet-base-v2,768
0,200,200,800,800,homoglyph,B1b_SigmaT_wh,0.55801875,0.48769208039289547,Wild,all-mpnet-base-v2,768
0,200,200,800,800,homoglyph,B1w_SigmaW_wh,0.6262546875,0.5298298236263483,Wild,all-mpnet-base-v2,768
0,200,200,800,800,homoglyph,C1_logreg_raw,0.7676171875000001,0.6302687753888931,Wild,all-mpnet-base-v2,768
1,200,200,800,800,clean,A1_naive_cosine_raw,0.79114921875,0.7619789350953644,Wild,all-mpnet-base-v2,768
1,200,200,800,800,clean,A2_rsfi_svd_raw_k20,0.79391328125,0.7873441616812032,Wild,all-mpnet-base-v2,768
1,200,200,800,800,clean,B1_discriminant_mean_raw,0.8709398437500001,0.8394145108862027,Wild,all-mpnet-base-v2,768
1,200,200,800,800,clean,B1b_SigmaT_wh,0.83961953125,0.8432540736859128,Wild,all-mpnet-base-v2,768
1,200,200,800,800,clean,B1w_SigmaW_wh,0.8612710937499999,0.8576542975723616,Wild,all-mpnet-base-v2,768
1,200,200,800,800,clean,C1_logreg_raw,0.8847476562500001,0.863604611886003,Wild,all-mpnet-base-v2,768
1,200,200,800,800,base64,A1_naive_cosine_raw,0.26904531249999997,0.422366491694246,Wild,all-mpnet-base-v2,768
1,200,200,800,800,base64,A2_rsfi_svd_raw_k20,0.22054062500000005,0.3983977443378088,Wild,all-mpnet-base-v2,768
1,200,200,800,800,base64,B1_discriminant_mean_raw,0.7538390624999999,0.6577901587812499,Wild,all-mpnet-base-v2,768
1,200,200,800,800,base64,B1b_SigmaT_wh,0.5471796875000001,0.49064843802225255,Wild,all-mpnet-base-v2,768
1,200,200,800,800,base64,B1w_SigmaW_wh,0.6697140625,0.5560217092414869,Wild,all-mpnet-base-v2,768
1,200,200,800,800,base64,C1_logreg_raw,0.8258,0.7191707514912741,Wild,all-mpnet-base-v2,768
1,200,200,800,800,leetspeak,A1_naive_cosine_raw,0.5090984375,0.4540055179531769,Wild,all-mpnet-base-v2,768
1,200,200,800,800,leetspeak,A2_rsfi_svd_raw_k20,0.35939375,0.3926735553593131,Wild,all-mpnet-base-v2,768
1,200,200,800,800,leetspeak,B1_discriminant_mean_raw,0.8079828125,0.6574986343933147,Wild,all-mpnet-base-v2,768
1,200,200,800,800,leetspeak,B1b_SigmaT_wh,0.9367124999999998,0.8716992824935818,Wild,all-mpnet-base-v2,768
1,200,200,800,800,leetspeak,B1w_SigmaW_wh,0.9556843749999999,0.8995625248835597,Wild,all-mpnet-base-v2,768
1,200,200,800,800,leetspeak,C1_logreg_raw,0.9227359374999999,0.8212334240816151,Wild,all-mpnet-base-v2,768
1,200,200,800,800,rot13,A1_naive_cosine_raw,0.6111328125,0.5067204551338458,Wild,all-mpnet-base-v2,768
1,200,200,800,800,rot13,A2_rsfi_svd_raw_k20,0.5131734375,0.4557401420301425,Wild,all-mpnet-base-v2,768
1,200,200,800,800,rot13,B1_discriminant_mean_raw,0.7977953125,0.6475350023833569,Wild,all-mpnet-base-v2,768
1,200,200,800,800,rot13,B1b_SigmaT_wh,0.8940968749999999,0.8286926276519512,Wild,all-mpnet-base-v2,768
1,200,200,800,800,rot13,B1w_SigmaW_wh,0.92863125,0.8687152753824428,Wild,all-mpnet-base-v2,768
1,200,200,800,800,rot13,C1_logreg_raw,0.9035296875000001,0.7860798752182862,Wild,all-mpnet-base-v2,768
1,200,200,800,800,zero_width,A1_naive_cosine_raw,0.7911296875,0.7623702457730286,Wild,all-mpnet-base-v2,768
1,200,200,800,800,zero_width,A2_rsfi_svd_raw_k20,0.7939031249999999,0.7878120474255363,Wild,all-mpnet-base-v2,768
1,200,200,800,800,zero_width,B1_discriminant_mean_raw,0.8709250000000001,0.8396598311659411,Wild,all-mpnet-base-v2,768
1,200,200,800,800,zero_width,B1b_SigmaT_wh,0.8397312499999999,0.8435826724066479,Wild,all-mpnet-base-v2,768
1,200,200,800,800,zero_width,B1w_SigmaW_wh,0.8613625,0.8579992294123165,Wild,all-mpnet-base-v2,768
1,200,200,800,800,zero_width,C1_logreg_raw,0.8847749999999999,0.8638112185994525,Wild,all-mpnet-base-v2,768
1,200,200,800,800,homoglyph,A1_naive_cosine_raw,0.5654796875,0.4827235103455578,Wild,all-mpnet-base-v2,768
1,200,200,800,800,homoglyph,A2_rsfi_svd_raw_k20,0.46313906250000003,0.4328886054274952,Wild,all-mpnet-base-v2,768
1,200,200,800,800,homoglyph,B1_discriminant_mean_raw,0.7925453124999999,0.6461653857195122,Wild,all-mpnet-base-v2,768
1,200,200,800,800,homoglyph,B1b_SigmaT_wh,0.7215390625,0.6193995341930922,Wild,all-mpnet-base-v2,768
1,200,200,800,800,homoglyph,B1w_SigmaW_wh,0.7739296874999999,0.6723032852398582,Wild,all-mpnet-base-v2,768
1,200,200,800,800,homoglyph,C1_logreg_raw,0.846903125,0.7134430740049424,Wild,all-mpnet-base-v2,768
2,200,200,800,800,clean,A1_naive_cosine_raw,0.7838515625,0.759558545809641,Wild,all-mpnet-base-v2,768
2,200,200,800,800,clean,A2_rsfi_svd_raw_k20,0.7931281250000001,0.7809685614156909,Wild,all-mpnet-base-v2,768
2,200,200,800,800,clean,B1_discriminant_mean_raw,0.8649875,0.8272879251347324,Wild,all-mpnet-base-v2,768
2,200,200,800,800,clean,B1b_SigmaT_wh,0.8346812499999999,0.8224294221123374,Wild,all-mpnet-base-v2,768
2,200,200,800,800,clean,B1w_SigmaW_wh,0.8514546875,0.8318476451562808,Wild,all-mpnet-base-v2,768
2,200,200,800,800,clean,C1_logreg_raw,0.877734375,0.8494804742008912,Wild,all-mpnet-base-v2,768
2,200,200,800,800,base64,A1_naive_cosine_raw,0.2387625,0.39545520874102275,Wild,all-mpnet-base-v2,768
2,200,200,800,800,base64,A2_rsfi_svd_raw_k20,0.157121875,0.37712127735125606,Wild,all-mpnet-base-v2,768
2,200,200,800,800,base64,B1_discriminant_mean_raw,0.745278125,0.6462033441714683,Wild,all-mpnet-base-v2,768
2,200,200,800,800,base64,B1b_SigmaT_wh,0.84214375,0.7142533892824356,Wild,all-mpnet-base-v2,768
2,200,200,800,800,base64,B1w_SigmaW_wh,0.8794859374999999,0.7664127571201247,Wild,all-mpnet-base-v2,768
2,200,200,800,800,base64,C1_logreg_raw,0.8454765624999999,0.7497997177212568,Wild,all-mpnet-base-v2,768
2,200,200,800,800,leetspeak,A1_naive_cosine_raw,0.482425,0.44164873237864943,Wild,all-mpnet-base-v2,768
2,200,200,800,800,leetspeak,A2_rsfi_svd_raw_k20,0.374340625,0.39816149929636996,Wild,all-mpnet-base-v2,768
2,200,200,800,800,leetspeak,B1_discriminant_mean_raw,0.7902296875,0.6411616594422336,Wild,all-mpnet-base-v2,768
2,200,200,800,800,leetspeak,B1b_SigmaT_wh,0.7785390625,0.6491176731803342,Wild,all-mpnet-base-v2,768
2,200,200,800,800,leetspeak,B1w_SigmaW_wh,0.7845718749999999,0.649831850596809,Wild,all-mpnet-base-v2,768
2,200,200,800,800,leetspeak,C1_logreg_raw,0.834546875,0.6928727592119507,Wild,all-mpnet-base-v2,768
2,200,200,800,800,rot13,A1_naive_cosine_raw,0.5855734375,0.4922800722238677,Wild,all-mpnet-base-v2,768
2,200,200,800,800,rot13,A2_rsfi_svd_raw_k20,0.49424843749999997,0.446945689570157,Wild,all-mpnet-base-v2,768
2,200,200,800,800,rot13,B1_discriminant_mean_raw,0.775778125,0.6280350571384773,Wild,all-mpnet-base-v2,768
2,200,200,800,800,rot13,B1b_SigmaT_wh,0.8171453125,0.6896407161527754,Wild,all-mpnet-base-v2,768
2,200,200,800,800,rot13,B1w_SigmaW_wh,0.8497343749999999,0.7210460065509041,Wild,all-mpnet-base-v2,768
2,200,200,800,800,rot13,C1_logreg_raw,0.8280859375,0.6848998100069501,Wild,all-mpnet-base-v2,768
2,200,200,800,800,zero_width,A1_naive_cosine_raw,0.7838562499999999,0.7598494114271388,Wild,all-mpnet-base-v2,768
2,200,200,800,800,zero_width,A2_rsfi_svd_raw_k20,0.7931250000000001,0.782085659434396,Wild,all-mpnet-base-v2,768
2,200,200,800,800,zero_width,B1_discriminant_mean_raw,0.8649640624999999,0.8277456392320868,Wild,all-mpnet-base-v2,768
2,200,200,800,800,zero_width,B1b_SigmaT_wh,0.8347328125000001,0.8237638134829244,Wild,all-mpnet-base-v2,768
2,200,200,800,800,zero_width,B1w_SigmaW_wh,0.8514875,0.8352102386399999,Wild,all-mpnet-base-v2,768
2,200,200,800,800,zero_width,C1_logreg_raw,0.8777406249999999,0.8501521100654809,Wild,all-mpnet-base-v2,768
2,200,200,800,800,homoglyph,A1_naive_cosine_raw,0.5594296875000001,0.47953278759737783,Wild,all-mpnet-base-v2,768
2,200,200,800,800,homoglyph,A2_rsfi_svd_raw_k20,0.42726875000000003,0.4173566651197417,Wild,all-mpnet-base-v2,768
2,200,200,800,800,homoglyph,B1_discriminant_mean_raw,0.7869515625000001,0.6423616460390976,Wild,all-mpnet-base-v2,768
2,200,200,800,800,homoglyph,B1b_SigmaT_wh,0.884865625,0.7962002680672143,Wild,all-mpnet-base-v2,768
2,200,200,800,800,homoglyph,B1w_SigmaW_wh,0.8692125,0.7711621369322323,Wild,all-mpnet-base-v2,768
2,200,200,800,800,homoglyph,C1_logreg_raw,0.8259078125,0.6895650941381766,Wild,all-mpnet-base-v2,768
3,200,200,800,800,clean,A1_naive_cosine_raw,0.77956015625,0.7627802812994331,Wild,all-mpnet-base-v2,768
3,200,200,800,800,clean,A2_rsfi_svd_raw_k20,0.7755515625,0.7615971018310251,Wild,all-mpnet-base-v2,768
3,200,200,800,800,clean,B1_discriminant_mean_raw,0.85695703125,0.8277850495472124,Wild,all-mpnet-base-v2,768
3,200,200,800,800,clean,B1b_SigmaT_wh,0.8283148437500001,0.808104667973213,Wild,all-mpnet-base-v2,768
3,200,200,800,800,clean,B1w_SigmaW_wh,0.84151875,0.8238723159452354,Wild,all-mpnet-base-v2,768
3,200,200,800,800,clean,C1_logreg_raw,0.8651570312500001,0.842882044097213,Wild,all-mpnet-base-v2,768
3,200,200,800,800,base64,A1_naive_cosine_raw,0.2178765625,0.3951374405781885,Wild,all-mpnet-base-v2,768
3,200,200,800,800,base64,A2_rsfi_svd_raw_k20,0.057232812499999994,0.3926607360600047,Wild,all-mpnet-base-v2,768
3,200,200,800,800,base64,B1_discriminant_mean_raw,0.6335171875,0.5665458823402433,Wild,all-mpnet-base-v2,768
3,200,200,800,800,base64,B1b_SigmaT_wh,0.1219765625,0.353412758568535,Wild,all-mpnet-base-v2,768
3,200,200,800,800,base64,B1w_SigmaW_wh,0.13715156249999996,0.3572213903395128,Wild,all-mpnet-base-v2,768
3,200,200,800,800,base64,C1_logreg_raw,0.5495875,0.5115332154384405,Wild,all-mpnet-base-v2,768
3,200,200,800,800,leetspeak,A1_naive_cosine_raw,0.48099375000000005,0.44127483520683775,Wild,all-mpnet-base-v2,768
3,200,200,800,800,leetspeak,A2_rsfi_svd_raw_k20,0.3878781250000001,0.4031647855694398,Wild,all-mpnet-base-v2,768
3,200,200,800,800,leetspeak,B1_discriminant_mean_raw,0.7401671875000001,0.5944800794318236,Wild,all-mpnet-base-v2,768
3,200,200,800,800,leetspeak,B1b_SigmaT_wh,0.7685843750000001,0.6325791200185721,Wild,all-mpnet-base-v2,768
3,200,200,800,800,leetspeak,B1w_SigmaW_wh,0.7721875,0.6316976145716697,Wild,all-mpnet-base-v2,768
3,200,200,800,800,leetspeak,C1_logreg_raw,0.7689015625,0.619869312978101,Wild,all-mpnet-base-v2,768
3,200,200,800,800,rot13,A1_naive_cosine_raw,0.5661515625,0.48161389316446646,Wild,all-mpnet-base-v2,768
3,200,200,800,800,rot13,A2_rsfi_svd_raw_k20,0.43200000000000005,0.4200850262651996,Wild,all-mpnet-base-v2,768
3,200,200,800,800,rot13,B1_discriminant_mean_raw,0.7228453125,0.5803624199650008,Wild,all-mpnet-base-v2,768
3,200,200,800,800,rot13,B1b_SigmaT_wh,0.7737859375,0.6421539674031305,Wild,all-mpnet-base-v2,768
3,200,200,800,800,rot13,B1w_SigmaW_wh,0.7859687500000001,0.6488071338999446,Wild,all-mpnet-base-v2,768
3,200,200,800,800,rot13,C1_logreg_raw,0.7461609375,0.6005384699949587,Wild,all-mpnet-base-v2,768
3,200,200,800,800,zero_width,A1_naive_cosine_raw,0.7795375,0.7627986022562557,Wild,all-mpnet-base-v2,768
3,200,200,800,800,zero_width,A2_rsfi_svd_raw_k20,0.7755578124999999,0.7640462779618853,Wild,all-mpnet-base-v2,768
3,200,200,800,800,zero_width,B1_discriminant_mean_raw,0.8569609375,0.8280193999246391,Wild,all-mpnet-base-v2,768
3,200,200,800,800,zero_width,B1b_SigmaT_wh,0.8283296875,0.8112151353513561,Wild,all-mpnet-base-v2,768
3,200,200,800,800,zero_width,B1w_SigmaW_wh,0.8415734375,0.8252549694373353,Wild,all-mpnet-base-v2,768
3,200,200,800,800,zero_width,C1_logreg_raw,0.865159375,0.8430045524864139,Wild,all-mpnet-base-v2,768
3,200,200,800,800,homoglyph,A1_naive_cosine_raw,0.538440625,0.4683336768237948,Wild,all-mpnet-base-v2,768
3,200,200,800,800,homoglyph,A2_rsfi_svd_raw_k20,0.40038124999999997,0.4069299841102937,Wild,all-mpnet-base-v2,768
3,200,200,800,800,homoglyph,B1_discriminant_mean_raw,0.7461687499999999,0.6030764222864601,Wild,all-mpnet-base-v2,768
3,200,200,800,800,homoglyph,B1b_SigmaT_wh,0.753178125,0.6401373170000917,Wild,all-mpnet-base-v2,768
3,200,200,800,800,homoglyph,B1w_SigmaW_wh,0.7434828125,0.623293154817731,Wild,all-mpnet-base-v2,768
3,200,200,800,800,homoglyph,C1_logreg_raw,0.7506906250000001,0.6091038575639228,Wild,all-mpnet-base-v2,768
4,200,200,800,800,clean,A1_naive_cosine_raw,0.78127734375,0.7528486700151571,Wild,all-mpnet-base-v2,768
4,200,200,800,800,clean,A2_rsfi_svd_raw_k20,0.78892109375,0.7766223000871034,Wild,all-mpnet-base-v2,768
4,200,200,800,800,clean,B1_discriminant_mean_raw,0.8703414062500001,0.8367566726493607,Wild,all-mpnet-base-v2,768
4,200,200,800,800,clean,B1b_SigmaT_wh,0.8156625,0.7958595561446944,Wild,all-mpnet-base-v2,768
4,200,200,800,800,clean,B1w_SigmaW_wh,0.83734609375,0.8138610562600516,Wild,all-mpnet-base-v2,768
4,200,200,800,800,clean,C1_logreg_raw,0.8780226562499999,0.8520859239421176,Wild,all-mpnet-base-v2,768
4,200,200,800,800,base64,A1_naive_cosine_raw,0.23369218749999998,0.3941769976258106,Wild,all-mpnet-base-v2,768
4,200,200,800,800,base64,A2_rsfi_svd_raw_k20,0.15398125,0.3883315603643031,Wild,all-mpnet-base-v2,768
4,200,200,800,800,base64,B1_discriminant_mean_raw,0.703765625,0.618652135703545,Wild,all-mpnet-base-v2,768
4,200,200,800,800,base64,B1b_SigmaT_wh,0.570896875,0.5228503420802773,Wild,all-mpnet-base-v2,768
4,200,200,800,800,base64,B1w_SigmaW_wh,0.6714000000000001,0.61044548047165,Wild,all-mpnet-base-v2,768
4,200,200,800,800,base64,C1_logreg_raw,0.7590609374999999,0.657365187173899,Wild,all-mpnet-base-v2,768
4,200,200,800,800,leetspeak,A1_naive_cosine_raw,0.4613953125,0.432755314652014,Wild,all-mpnet-base-v2,768
4,200,200,800,800,leetspeak,A2_rsfi_svd_raw_k20,0.37297187500000006,0.3977185390960914,Wild,all-mpnet-base-v2,768
4,200,200,800,800,leetspeak,B1_discriminant_mean_raw,0.7338140624999999,0.5884929582943204,Wild,all-mpnet-base-v2,768
4,200,200,800,800,leetspeak,B1b_SigmaT_wh,0.61315,0.5103349637658833,Wild,all-mpnet-base-v2,768
4,200,200,800,800,leetspeak,B1w_SigmaW_wh,0.6829765624999999,0.5551719862577844,Wild,all-mpnet-base-v2,768
4,200,200,800,800,leetspeak,C1_logreg_raw,0.7902,0.6394197123327692,Wild,all-mpnet-base-v2,768
4,200,200,800,800,rot13,A1_naive_cosine_raw,0.5792421875,0.48885260355141175,Wild,all-mpnet-base-v2,768
4,200,200,800,800,rot13,A2_rsfi_svd_raw_k20,0.4641671875,0.433462781651882,Wild,all-mpnet-base-v2,768
4,200,200,800,800,rot13,B1_discriminant_mean_raw,0.7242546875,0.5812710595150152,Wild,all-mpnet-base-v2,768
4,200,200,800,800,rot13,B1b_SigmaT_wh,0.6673546875,0.5468372557863775,Wild,all-mpnet-base-v2,768
4,200,200,800,800,rot13,B1w_SigmaW_wh,0.716396875,0.5832308826163624,Wild,all-mpnet-base-v2,768
4,200,200,800,800,rot13,C1_logreg_raw,0.7567921875,0.6094381697516174,Wild,all-mpnet-base-v2,768
4,200,200,800,800,zero_width,A1_naive_cosine_raw,0.7811875,0.7533589063742834,Wild,all-mpnet-base-v2,768
4,200,200,800,800,zero_width,A2_rsfi_svd_raw_k20,0.7889281250000001,0.7780890733942414,Wild,all-mpnet-base-v2,768
4,200,200,800,800,zero_width,B1_discriminant_mean_raw,0.8703234375,0.8369657773109876,Wild,all-mpnet-base-v2,768
4,200,200,800,800,zero_width,B1b_SigmaT_wh,0.815671875,0.7981874214195359,Wild,all-mpnet-base-v2,768
4,200,200,800,800,zero_width,B1w_SigmaW_wh,0.8373421875,0.8152791552204559,Wild,all-mpnet-base-v2,768
4,200,200,800,800,zero_width,C1_logreg_raw,0.878034375,0.8522451898867065,Wild,all-mpnet-base-v2,768
4,200,200,800,800,homoglyph,A1_naive_cosine_raw,0.55411015625,0.4763665655424583,Wild,all-mpnet-base-v2,768
4,200,200,800,800,homoglyph,A2_rsfi_svd_raw_k20,0.37893125,0.39904582457380805,Wild,all-mpnet-base-v2,768
4,200,200,800,800,homoglyph,B1_discriminant_mean_raw,0.7500703125000001,0.6064737640727165,Wild,all-mpnet-base-v2,768
4,200,200,800,800,homoglyph,B1b_SigmaT_wh,0.67700625,0.5773132592162933,Wild,all-mpnet-base-v2,768
4,200,200,800,800,homoglyph,B1w_SigmaW_wh,0.6796125000000001,0.5769532722279134,Wild,all-mpnet-base-v2,768
4,200,200,800,800,homoglyph,C1_logreg_raw,0.7492140625,0.6102698374232711,Wild,all-mpnet-base-v2,768
0,200,200,800,800,clean,A1_naive_cosine_raw,0.764703125,0.7509127583740518,Wild,bge-base-en-v1.5,768
0,200,200,800,800,clean,A2_rsfi_svd_raw_k20,0.7769765625,0.7807859122374726,Wild,bge-base-en-v1.5,768
0,200,200,800,800,clean,B1_discriminant_mean_raw,0.8679203125,0.8292101800814321,Wild,bge-base-en-v1.5,768
0,200,200,800,800,clean,B1b_SigmaT_wh,0.824946875,0.8131327768013038,Wild,bge-base-en-v1.5,768
0,200,200,800,800,clean,B1w_SigmaW_wh,0.844571875,0.8334772820041505,Wild,bge-base-en-v1.5,768
0,200,200,800,800,clean,C1_logreg_raw,0.8778484375,0.8462688911288564,Wild,bge-base-en-v1.5,768
0,200,200,800,800,base64,A1_naive_cosine_raw,0.422278125,0.49786854926374685,Wild,bge-base-en-v1.5,768
0,200,200,800,800,base64,A2_rsfi_svd_raw_k20,0.40370468750000005,0.47011567575969976,Wild,bge-base-en-v1.5,768
0,200,200,800,800,base64,B1_discriminant_mean_raw,0.69065625,0.6144767839921258,Wild,bge-base-en-v1.5,768
0,200,200,800,800,base64,B1b_SigmaT_wh,0.12412343750000002,0.36978822681158624,Wild,bge-base-en-v1.5,768
0,200,200,800,800,base64,B1w_SigmaW_wh,0.18497968749999996,0.377235896898606,Wild,bge-base-en-v1.5,768
0,200,200,800,800,base64,C1_logreg_raw,0.67885625,0.6019377072196295,Wild,bge-base-en-v1.5,768
0,200,200,800,800,leetspeak,A1_naive_cosine_raw,0.346803125,0.3890404641284292,Wild,bge-base-en-v1.5,768
0,200,200,800,800,leetspeak,A2_rsfi_svd_raw_k20,0.53114296875,0.46410817266898013,Wild,bge-base-en-v1.5,768
0,200,200,800,800,leetspeak,B1_discriminant_mean_raw,0.7089703125000001,0.5693994083278564,Wild,bge-base-en-v1.5,768
0,200,200,800,800,leetspeak,B1b_SigmaT_wh,0.85869375,0.7386539091718423,Wild,bge-base-en-v1.5,768
0,200,200,800,800,leetspeak,B1w_SigmaW_wh,0.8739890625,0.7552454433308792,Wild,bge-base-en-v1.5,768
0,200,200,800,800,leetspeak,C1_logreg_raw,0.7616265624999999,0.613881503757052,Wild,bge-base-en-v1.5,768
0,200,200,800,800,rot13,A1_naive_cosine_raw,0.4552234375,0.4295768741045174,Wild,bge-base-en-v1.5,768
0,200,200,800,800,rot13,A2_rsfi_svd_raw_k20,0.5648367187500001,0.48978288675457204,Wild,bge-base-en-v1.5,768
0,200,200,800,800,rot13,B1_discriminant_mean_raw,0.6350734375,0.5190322063624737,Wild,bge-base-en-v1.5,768
0,200,200,800,800,rot13,B1b_SigmaT_wh,0.6352515625000001,0.5331081871827086,Wild,bge-base-en-v1.5,768
0,200,200,800,800,rot13,B1w_SigmaW_wh,0.7043718749999999,0.5843888942084495,Wild,bge-base-en-v1.5,768
0,200,200,800,800,rot13,C1_logreg_raw,0.6768718749999999,0.5480980603437957,Wild,bge-base-en-v1.5,768
0,200,200,800,800,zero_width,A1_naive_cosine_raw,0.7646796875,0.7508697534256095,Wild,bge-base-en-v1.5,768
0,200,200,800,800,zero_width,A2_rsfi_svd_raw_k20,0.7769390625000001,0.7802738041885176,Wild,bge-base-en-v1.5,768
0,200,200,800,800,zero_width,B1_discriminant_mean_raw,0.867903125,0.8293090480303524,Wild,bge-base-en-v1.5,768
0,200,200,800,800,zero_width,B1b_SigmaT_wh,0.8249046875,0.8127174891467619,Wild,bge-base-en-v1.5,768
0,200,200,800,800,zero_width,B1w_SigmaW_wh,0.844559375,0.8333599362312616,Wild,bge-base-en-v1.5,768
0,200,200,800,800,zero_width,C1_logreg_raw,0.8778546875000001,0.8463955215338632,Wild,bge-base-en-v1.5,768
0,200,200,800,800,homoglyph,A1_naive_cosine_raw,0.6193140625,0.5174713811026757,Wild,bge-base-en-v1.5,768
0,200,200,800,800,homoglyph,A2_rsfi_svd_raw_k20,0.6500914062500001,0.5414504537605691,Wild,bge-base-en-v1.5,768
0,200,200,800,800,homoglyph,B1_discriminant_mean_raw,0.7025859375000001,0.5708209017359074,Wild,bge-base-en-v1.5,768
0,200,200,800,800,homoglyph,B1b_SigmaT_wh,0.5378078125,0.4741776862045219,Wild,bge-base-en-v1.5,768
0,200,200,800,800,homoglyph,B1w_SigmaW_wh,0.5759484374999999,0.4960087913442921,Wild,bge-base-en-v1.5,768
0,200,200,800,800,homoglyph,C1_logreg_raw,0.7029968750000001,0.573423027312336,Wild,bge-base-en-v1.5,768
1,200,200,800,800,clean,A1_naive_cosine_raw,0.7755265625000001,0.7603584695572918,Wild,bge-base-en-v1.5,768
1,200,200,800,800,clean,A2_rsfi_svd_raw_k20,0.8038046875,0.801766375718473,Wild,bge-base-en-v1.5,768
1,200,200,800,800,clean,B1_discriminant_mean_raw,0.8619921875000001,0.8253218269886431,Wild,bge-base-en-v1.5,768
1,200,200,800,800,clean,B1b_SigmaT_wh,0.83726328125,0.8356390368474729,Wild,bge-base-en-v1.5,768
1,200,200,800,800,clean,B1w_SigmaW_wh,0.8527375000000001,0.8455075153408007,Wild,bge-base-en-v1.5,768
1,200,200,800,800,clean,C1_logreg_raw,0.8727515625,0.8433738155267115,Wild,bge-base-en-v1.5,768
1,200,200,800,800,base64,A1_naive_cosine_raw,0.468640625,0.5050214737753667,Wild,bge-base-en-v1.5,768
1,200,200,800,800,base64,A2_rsfi_svd_raw_k20,0.51949375,0.5014474670168332,Wild,bge-base-en-v1.5,768
1,200,200,800,800,base64,B1_discriminant_mean_raw,0.7657968749999999,0.682550452918187,Wild,bge-base-en-v1.5,768
1,200,200,800,800,base64,B1b_SigmaT_wh,0.91918125,0.8320055560771218,Wild,bge-base-en-v1.5,768
1,200,200,800,800,base64,B1w_SigmaW_wh,0.9228000000000001,0.8474183528016139,Wild,bge-base-en-v1.5,768
1,200,200,800,800,base64,C1_logreg_raw,0.84050625,0.7360933956385978,Wild,bge-base-en-v1.5,768
1,200,200,800,800,leetspeak,A1_naive_cosine_raw,0.3693921875,0.39657876130432795,Wild,bge-base-en-v1.5,768
1,200,200,800,800,leetspeak,A2_rsfi_svd_raw_k20,0.53924921875,0.4670385941662959,Wild,bge-base-en-v1.5,768
1,200,200,800,800,leetspeak,B1_discriminant_mean_raw,0.738696875,0.5943856256455154,Wild,bge-base-en-v1.5,768
1,200,200,800,800,leetspeak,B1b_SigmaT_wh,0.543546875,0.4705295856564742,Wild,bge-base-en-v1.5,768
1,200,200,800,800,leetspeak,B1w_SigmaW_wh,0.6054515625,0.5043617767454601,Wild,bge-base-en-v1.5,768
1,200,200,800,800,leetspeak,C1_logreg_raw,0.7974078125000001,0.6489299079841946,Wild,bge-base-en-v1.5,768
1,200,200,800,800,rot13,A1_naive_cosine_raw,0.4698796875,0.4361345456766994,Wild,bge-base-en-v1.5,768
1,200,200,800,800,rot13,A2_rsfi_svd_raw_k20,0.6337578125000001,0.5314729534353357,Wild,bge-base-en-v1.5,768
1,200,200,800,800,rot13,B1_discriminant_mean_raw,0.6298703125,0.5153341375126002,Wild,bge-base-en-v1.5,768
1,200,200,800,800,rot13,B1b_SigmaT_wh,0.7399796875,0.6247843234904346,Wild,bge-base-en-v1.5,768
1,200,200,800,800,rot13,B1w_SigmaW_wh,0.7577625000000001,0.6368819232262555,Wild,bge-base-en-v1.5,768
1,200,200,800,800,rot13,C1_logreg_raw,0.7118234374999999,0.5744112916972632,Wild,bge-base-en-v1.5,768
1,200,200,800,800,zero_width,A1_naive_cosine_raw,0.7755171875,0.7603698759931293,Wild,bge-base-en-v1.5,768
1,200,200,800,800,zero_width,A2_rsfi_svd_raw_k20,0.8038109375,0.801683461389404,Wild,bge-base-en-v1.5,768
1,200,200,800,800,zero_width,B1_discriminant_mean_raw,0.86200625,0.8254692623094856,Wild,bge-base-en-v1.5,768
1,200,200,800,800,zero_width,B1b_SigmaT_wh,0.8372578125000001,0.8356011317103621,Wild,bge-base-en-v1.5,768
1,200,200,800,800,zero_width,B1w_SigmaW_wh,0.8527265625,0.8455168234505945,Wild,bge-base-en-v1.5,768
1,200,200,800,800,zero_width,C1_logreg_raw,0.8727609375,0.8434453035314198,Wild,bge-base-en-v1.5,768
1,200,200,800,800,homoglyph,A1_naive_cosine_raw,0.6363078125,0.5291920782059689,Wild,bge-base-en-v1.5,768
1,200,200,800,800,homoglyph,A2_rsfi_svd_raw_k20,0.7144015624999999,0.5907586760331061,Wild,bge-base-en-v1.5,768
1,200,200,800,800,homoglyph,B1_discriminant_mean_raw,0.7388281250000001,0.6022035125609417,Wild,bge-base-en-v1.5,768
1,200,200,800,800,homoglyph,B1b_SigmaT_wh,0.7815656249999999,0.6821550949928782,Wild,bge-base-en-v1.5,768
1,200,200,800,800,homoglyph,B1w_SigmaW_wh,0.812375,0.7078855056020427,Wild,bge-base-en-v1.5,768
1,200,200,800,800,homoglyph,C1_logreg_raw,0.80015,0.6620619254256634,Wild,bge-base-en-v1.5,768
2,200,200,800,800,clean,A1_naive_cosine_raw,0.770753125,0.7598229962738515,Wild,bge-base-en-v1.5,768
2,200,200,800,800,clean,A2_rsfi_svd_raw_k20,0.78721875,0.7883303370792275,Wild,bge-base-en-v1.5,768
2,200,200,800,800,clean,B1_discriminant_mean_raw,0.8603132812500001,0.8286620048477588,Wild,bge-base-en-v1.5,768
2,200,200,800,800,clean,B1b_SigmaT_wh,0.83127578125,0.8223819185044097,Wild,bge-base-en-v1.5,768
2,200,200,800,800,clean,B1w_SigmaW_wh,0.8488687500000001,0.831848245570142,Wild,bge-base-en-v1.5,768
2,200,200,800,800,clean,C1_logreg_raw,0.87312421875,0.8505882730464274,Wild,bge-base-en-v1.5,768
2,200,200,800,800,base64,A1_naive_cosine_raw,0.438809375,0.4908388615985994,Wild,bge-base-en-v1.5,768
2,200,200,800,800,base64,A2_rsfi_svd_raw_k20,0.4296781249999999,0.491912860677318,Wild,bge-base-en-v1.5,768
2,200,200,800,800,base64,B1_discriminant_mean_raw,0.7851796874999999,0.6921091914568732,Wild,bge-base-en-v1.5,768
2,200,200,800,800,base64,B1b_SigmaT_wh,0.8107390625,0.6786085041222369,Wild,bge-base-en-v1.5,768
2,200,200,800,800,base64,B1w_SigmaW_wh,0.8399265625000001,0.7071929848179911,Wild,bge-base-en-v1.5,768
2,200,200,800,800,base64,C1_logreg_raw,0.84341875,0.7362569511256286,Wild,bge-base-en-v1.5,768
2,200,200,800,800,leetspeak,A1_naive_cosine_raw,0.31903593750000003,0.38019129887592185,Wild,bge-base-en-v1.5,768
2,200,200,800,800,leetspeak,A2_rsfi_svd_raw_k20,0.28638749999999996,0.3698508382204056,Wild,bge-base-en-v1.5,768
2,200,200,800,800,leetspeak,B1_discriminant_mean_raw,0.740565625,0.595227012873408,Wild,bge-base-en-v1.5,768
2,200,200,800,800,leetspeak,B1b_SigmaT_wh,0.6961765625,0.571456360693402,Wild,bge-base-en-v1.5,768
2,200,200,800,800,leetspeak,B1w_SigmaW_wh,0.7392140625,0.6099781126358459,Wild,bge-base-en-v1.5,768
2,200,200,800,800,leetspeak,C1_logreg_raw,0.7751296875,0.629441732657845,Wild,bge-base-en-v1.5,768
2,200,200,800,800,rot13,A1_naive_cosine_raw,0.43850312500000005,0.4224762705752975,Wild,bge-base-en-v1.5,768
2,200,200,800,800,rot13,A2_rsfi_svd_raw_k20,0.4549218750000001,0.43111823822072864,Wild,bge-base-en-v1.5,768
2,200,200,800,800,rot13,B1_discriminant_mean_raw,0.6436078125,0.5234570761715649,Wild,bge-base-en-v1.5,768
2,200,200,800,800,rot13,B1b_SigmaT_wh,0.7770718750000001,0.6817663251072751,Wild,bge-base-en-v1.5,768
2,200,200,800,800,rot13,B1w_SigmaW_wh,0.7954953124999999,0.6942383003401535,Wild,bge-base-en-v1.5,768
2,200,200,800,800,rot13,C1_logreg_raw,0.6817140624999999,0.5507346492601666,Wild,bge-base-en-v1.5,768
2,200,200,800,800,zero_width,A1_naive_cosine_raw,0.7707250000000001,0.7597397776854394,Wild,bge-base-en-v1.5,768
2,200,200,800,800,zero_width,A2_rsfi_svd_raw_k20,0.7871859375,0.7879314562487242,Wild,bge-base-en-v1.5,768
2,200,200,800,800,zero_width,B1_discriminant_mean_raw,0.8602937499999999,0.8287271348669878,Wild,bge-base-en-v1.5,768
2,200,200,800,800,zero_width,B1b_SigmaT_wh,0.8312625,0.8221518131989175,Wild,bge-base-en-v1.5,768
2,200,200,800,800,zero_width,B1w_SigmaW_wh,0.8488359374999999,0.8320482664277415,Wild,bge-base-en-v1.5,768
2,200,200,800,800,zero_width,C1_logreg_raw,0.873134375,0.8507021831490824,Wild,bge-base-en-v1.5,768
2,200,200,800,800,homoglyph,A1_naive_cosine_raw,0.6257859374999999,0.5227744931222513,Wild,bge-base-en-v1.5,768
2,200,200,800,800,homoglyph,A2_rsfi_svd_raw_k20,0.6033492187499999,0.5083373925183585,Wild,bge-base-en-v1.5,768
2,200,200,800,800,homoglyph,B1_discriminant_mean_raw,0.7509625000000001,0.6129677200807797,Wild,bge-base-en-v1.5,768
2,200,200,800,800,homoglyph,B1b_SigmaT_wh,0.884371875,0.8175990966912258,Wild,bge-base-en-v1.5,768
2,200,200,800,800,homoglyph,B1w_SigmaW_wh,0.8912328125000001,0.8177672749806139,Wild,bge-base-en-v1.5,768
2,200,200,800,800,homoglyph,C1_logreg_raw,0.80756875,0.6741074839959034,Wild,bge-base-en-v1.5,768
3,200,200,800,800,clean,A1_naive_cosine_raw,0.7702015625,0.7627504975532977,Wild,bge-base-en-v1.5,768
3,200,200,800,800,clean,A2_rsfi_svd_raw_k20,0.7753359375,0.774448625410504,Wild,bge-base-en-v1.5,768
3,200,200,800,800,clean,B1_discriminant_mean_raw,0.8543999999999999,0.8217164742643412,Wild,bge-base-en-v1.5,768
3,200,200,800,800,clean,B1b_SigmaT_wh,0.8390921874999999,0.8160979315422161,Wild,bge-base-en-v1.5,768
3,200,200,800,800,clean,B1w_SigmaW_wh,0.8553171875000002,0.8340679245480318,Wild,bge-base-en-v1.5,768
3,200,200,800,800,clean,C1_logreg_raw,0.8667640625,0.8379488930000917,Wild,bge-base-en-v1.5,768
3,200,200,800,800,base64,A1_naive_cosine_raw,0.42440468750000004,0.4800501138877544,Wild,bge-base-en-v1.5,768
3,200,200,800,800,base64,A2_rsfi_svd_raw_k20,0.35265624999999995,0.45087492550956926,Wild,bge-base-en-v1.5,768
3,200,200,800,800,base64,B1_discriminant_mean_raw,0.6655359375000001,0.5891249068404574,Wild,bge-base-en-v1.5,768
3,200,200,800,800,base64,B1b_SigmaT_wh,0.1300703125,0.35304470637892715,Wild,bge-base-en-v1.5,768
3,200,200,800,800,base64,B1w_SigmaW_wh,0.14982187499999997,0.3627951358646393,Wild,bge-base-en-v1.5,768
3,200,200,800,800,base64,C1_logreg_raw,0.601284375,0.5474387900936272,Wild,bge-base-en-v1.5,768
3,200,200,800,800,leetspeak,A1_naive_cosine_raw,0.32199062500000003,0.38100452388629497,Wild,bge-base-en-v1.5,768
3,200,200,800,800,leetspeak,A2_rsfi_svd_raw_k20,0.45421406249999996,0.4281090662623632,Wild,bge-base-en-v1.5,768
3,200,200,800,800,leetspeak,B1_discriminant_mean_raw,0.6603484374999999,0.5346210075532718,Wild,bge-base-en-v1.5,768
3,200,200,800,800,leetspeak,B1b_SigmaT_wh,0.60933125,0.5093180184046098,Wild,bge-base-en-v1.5,768
3,200,200,800,800,leetspeak,B1w_SigmaW_wh,0.581371875,0.4906766571938276,Wild,bge-base-en-v1.5,768
3,200,200,800,800,leetspeak,C1_logreg_raw,0.6096218750000001,0.503990135457315,Wild,bge-base-en-v1.5,768
3,200,200,800,800,rot13,A1_naive_cosine_raw,0.4193109375,0.4147281495028489,Wild,bge-base-en-v1.5,768
3,200,200,800,800,rot13,A2_rsfi_svd_raw_k20,0.51244375,0.4578846236125455,Wild,bge-base-en-v1.5,768
3,200,200,800,800,rot13,B1_discriminant_mean_raw,0.5777875,0.4856009155069938,Wild,bge-base-en-v1.5,768
3,200,200,800,800,rot13,B1b_SigmaT_wh,0.5090734375,0.45832451376422345,Wild,bge-base-en-v1.5,768
3,200,200,800,800,rot13,B1w_SigmaW_wh,0.489815625,0.4468382380527502,Wild,bge-base-en-v1.5,768
3,200,200,800,800,rot13,C1_logreg_raw,0.5232109374999999,0.45857312411723705,Wild,bge-base-en-v1.5,768
3,200,200,800,800,zero_width,A1_naive_cosine_raw,0.7701796875,0.7627118762192643,Wild,bge-base-en-v1.5,768
3,200,200,800,800,zero_width,A2_rsfi_svd_raw_k20,0.7753000000000001,0.7743519730896826,Wild,bge-base-en-v1.5,768
3,200,200,800,800,zero_width,B1_discriminant_mean_raw,0.8544015625,0.8218429351611628,Wild,bge-base-en-v1.5,768
3,200,200,800,800,zero_width,B1b_SigmaT_wh,0.8391140625,0.8158298062745839,Wild,bge-base-en-v1.5,768
3,200,200,800,800,zero_width,B1w_SigmaW_wh,0.855321875,0.8340532747124998,Wild,bge-base-en-v1.5,768
3,200,200,800,800,zero_width,C1_logreg_raw,0.8667828125000001,0.8380322139542747,Wild,bge-base-en-v1.5,768
3,200,200,800,800,homoglyph,A1_naive_cosine_raw,0.6052781249999999,0.5088646268688932,Wild,bge-base-en-v1.5,768
3,200,200,800,800,homoglyph,A2_rsfi_svd_raw_k20,0.5338109375,0.46908314574006316,Wild,bge-base-en-v1.5,768
3,200,200,800,800,homoglyph,B1_discriminant_mean_raw,0.6799609375000001,0.5527506395317268,Wild,bge-base-en-v1.5,768
3,200,200,800,800,homoglyph,B1b_SigmaT_wh,0.619603125,0.5298342540464157,Wild,bge-base-en-v1.5,768
3,200,200,800,800,homoglyph,B1w_SigmaW_wh,0.573171875,0.4957328170196458,Wild,bge-base-en-v1.5,768
3,200,200,800,800,homoglyph,C1_logreg_raw,0.6559125000000001,0.5372695255927802,Wild,bge-base-en-v1.5,768
4,200,200,800,800,clean,A1_naive_cosine_raw,0.7726171875000001,0.7572181268961108,Wild,bge-base-en-v1.5,768
4,200,200,800,800,clean,A2_rsfi_svd_raw_k20,0.7836226562500002,0.7768463008414661,Wild,bge-base-en-v1.5,768
4,200,200,800,800,clean,B1_discriminant_mean_raw,0.86432734375,0.8296432837847341,Wild,bge-base-en-v1.5,768
4,200,200,800,800,clean,B1b_SigmaT_wh,0.8237234375000001,0.8116599676013673,Wild,bge-base-en-v1.5,768
4,200,200,800,800,clean,B1w_SigmaW_wh,0.8410234374999999,0.8232706855099341,Wild,bge-base-en-v1.5,768
4,200,200,800,800,clean,C1_logreg_raw,0.8732789062499999,0.8460334250981717,Wild,bge-base-en-v1.5,768
4,200,200,800,800,base64,A1_naive_cosine_raw,0.450465625,0.4908393445994996,Wild,bge-base-en-v1.5,768
4,200,200,800,800,base64,A2_rsfi_svd_raw_k20,0.40269218749999997,0.5125039561912854,Wild,bge-base-en-v1.5,768
4,200,200,800,800,base64,B1_discriminant_mean_raw,0.73016875,0.6392035288947232,Wild,bge-base-en-v1.5,768
4,200,200,800,800,base64,B1b_SigmaT_wh,0.7290375,0.6207650064042222,Wild,bge-base-en-v1.5,768
4,200,200,800,800,base64,B1w_SigmaW_wh,0.7694203125,0.6563683313126351,Wild,bge-base-en-v1.5,768
4,200,200,800,800,base64,C1_logreg_raw,0.7743125,0.6737537566053499,Wild,bge-base-en-v1.5,768
4,200,200,800,800,leetspeak,A1_naive_cosine_raw,0.351034375,0.3906193355871367,Wild,bge-base-en-v1.5,768
4,200,200,800,800,leetspeak,A2_rsfi_svd_raw_k20,0.5212078125,0.45785471362586433,Wild,bge-base-en-v1.5,768
4,200,200,800,800,leetspeak,B1_discriminant_mean_raw,0.6815250000000002,0.5490901646208202,Wild,bge-base-en-v1.5,768
4,200,200,800,800,leetspeak,B1b_SigmaT_wh,0.677725,0.5663988351705308,Wild,bge-base-en-v1.5,768
4,200,200,800,800,leetspeak,B1w_SigmaW_wh,0.717240625,0.5922332194109874,Wild,bge-base-en-v1.5,768
4,200,200,800,800,leetspeak,C1_logreg_raw,0.7198828125000001,0.5781305788114626,Wild,bge-base-en-v1.5,768
4,200,200,800,800,rot13,A1_naive_cosine_raw,0.43817343750000004,0.42256638261707313,Wild,bge-base-en-v1.5,768
4,200,200,800,800,rot13,A2_rsfi_svd_raw_k20,0.50768046875,0.45677992796376954,Wild,bge-base-en-v1.5,768
4,200,200,800,800,rot13,B1_discriminant_mean_raw,0.5612515625000001,0.477016138794796,Wild,bge-base-en-v1.5,768
4,200,200,800,800,rot13,B1b_SigmaT_wh,0.556990625,0.48815931625012465,Wild,bge-base-en-v1.5,768
4,200,200,800,800,rot13,B1w_SigmaW_wh,0.536640625,0.47345624237024597,Wild,bge-base-en-v1.5,768
4,200,200,800,800,rot13,C1_logreg_raw,0.58048125,0.487473163828235,Wild,bge-base-en-v1.5,768
4,200,200,800,800,zero_width,A1_naive_cosine_raw,0.772621875,0.7572368204761359,Wild,bge-base-en-v1.5,768
4,200,200,800,800,zero_width,A2_rsfi_svd_raw_k20,0.7836234375000001,0.777168356939801,Wild,bge-base-en-v1.5,768
4,200,200,800,800,zero_width,B1_discriminant_mean_raw,0.8643328125,0.829872124303741,Wild,bge-base-en-v1.5,768
4,200,200,800,800,zero_width,B1b_SigmaT_wh,0.82370625,0.8112758893534141,Wild,bge-base-en-v1.5,768
4,200,200,800,800,zero_width,B1w_SigmaW_wh,0.8410140625000001,0.8234095231210972,Wild,bge-base-en-v1.5,768
4,200,200,800,800,zero_width,C1_logreg_raw,0.8733015625,0.8461694595845652,Wild,bge-base-en-v1.5,768
4,200,200,800,800,homoglyph,A1_naive_cosine_raw,0.64513125,0.5348946531416611,Wild,bge-base-en-v1.5,768
4,200,200,800,800,homoglyph,A2_rsfi_svd_raw_k20,0.59296875,0.5037209643234104,Wild,bge-base-en-v1.5,768
4,200,200,800,800,homoglyph,B1_discriminant_mean_raw,0.7083203125,0.5750717057628867,Wild,bge-base-en-v1.5,768
4,200,200,800,800,homoglyph,B1b_SigmaT_wh,0.6247875000000002,0.5388152268613462,Wild,bge-base-en-v1.5,768
4,200,200,800,800,homoglyph,B1w_SigmaW_wh,0.6130890625,0.5251438752303224,Wild,bge-base-en-v1.5,768
4,200,200,800,800,homoglyph,C1_logreg_raw,0.7233515625,0.5888328874686952,Wild,bge-base-en-v1.5,768
0,200,200,800,800,clean,A1_naive_cosine_raw,0.75721875,0.7425773504082096,Wild,bge-large-en-v1.5,1024
0,200,200,800,800,clean,A2_rsfi_svd_raw_k20,0.7726539062500001,0.7786497520783022,Wild,bge-large-en-v1.5,1024
0,200,200,800,800,clean,B1_discriminant_mean_raw,0.878059375,0.8520168220647167,Wild,bge-large-en-v1.5,1024
0,200,200,800,800,clean,B1b_SigmaT_wh,0.8452875000000001,0.8386983811540318,Wild,bge-large-en-v1.5,1024
0,200,200,800,800,clean,B1w_SigmaW_wh,0.85830078125,0.8527916778974656,Wild,bge-large-en-v1.5,1024
0,200,200,800,800,clean,C1_logreg_raw,0.883390625,0.8627787644075591,Wild,bge-large-en-v1.5,1024
0,200,200,800,800,base64,A1_naive_cosine_raw,0.09820781249999999,0.37407297278619306,Wild,bge-large-en-v1.5,1024
0,200,200,800,800,base64,A2_rsfi_svd_raw_k20,0.07104375,0.3507712415349296,Wild,bge-large-en-v1.5,1024
0,200,200,800,800,base64,B1_discriminant_mean_raw,0.6131156249999999,0.5550773214623539,Wild,bge-large-en-v1.5,1024
0,200,200,800,800,base64,B1b_SigmaT_wh,0.16409375,0.37570054790880864,Wild,bge-large-en-v1.5,1024
0,200,200,800,800,base64,B1w_SigmaW_wh,0.1913671875,0.38803776607249063,Wild,bge-large-en-v1.5,1024
0,200,200,800,800,base64,C1_logreg_raw,0.5866046874999999,0.5368340076518641,Wild,bge-large-en-v1.5,1024
0,200,200,800,800,leetspeak,A1_naive_cosine_raw,0.32578125,0.38146033350949404,Wild,bge-large-en-v1.5,1024
0,200,200,800,800,leetspeak,A2_rsfi_svd_raw_k20,0.29578125,0.3707290993715131,Wild,bge-large-en-v1.5,1024
0,200,200,800,800,leetspeak,B1_discriminant_mean_raw,0.734703125,0.5909590086129393,Wild,bge-large-en-v1.5,1024
0,200,200,800,800,leetspeak,B1b_SigmaT_wh,0.8199703125000001,0.6861910155175495,Wild,bge-large-en-v1.5,1024
0,200,200,800,800,leetspeak,B1w_SigmaW_wh,0.84261875,0.709268791900383,Wild,bge-large-en-v1.5,1024
0,200,200,800,800,leetspeak,C1_logreg_raw,0.785253125,0.636697090251743,Wild,bge-large-en-v1.5,1024
0,200,200,800,800,rot13,A1_naive_cosine_raw,0.436475,0.42109991748798326,Wild,bge-large-en-v1.5,1024
0,200,200,800,800,rot13,A2_rsfi_svd_raw_k20,0.46509687499999997,0.43379589066698504,Wild,bge-large-en-v1.5,1024
0,200,200,800,800,rot13,B1_discriminant_mean_raw,0.7567,0.6091077262566159,Wild,bge-large-en-v1.5,1024
0,200,200,800,800,rot13,B1b_SigmaT_wh,0.7973687500000001,0.6753068225110721,Wild,bge-large-en-v1.5,1024
0,200,200,800,800,rot13,B1w_SigmaW_wh,0.8349859375000002,0.7097015091921128,Wild,bge-large-en-v1.5,1024
0,200,200,800,800,rot13,C1_logreg_raw,0.8047499999999999,0.657756204720539,Wild,bge-large-en-v1.5,1024
0,200,200,800,800,zero_width,A1_naive_cosine_raw,0.757234375,0.742903439349559,Wild,bge-large-en-v1.5,1024
0,200,200,800,800,zero_width,A2_rsfi_svd_raw_k20,0.772659375,0.7810898785734526,Wild,bge-large-en-v1.5,1024
0,200,200,800,800,zero_width,B1_discriminant_mean_raw,0.8780578125000001,0.8522516625604433,Wild,bge-large-en-v1.5,1024
0,200,200,800,800,zero_width,B1b_SigmaT_wh,0.8452578125000001,0.8393832151100079,Wild,bge-large-en-v1.5,1024
0,200,200,800,800,zero_width,B1w_SigmaW_wh,0.8583171875,0.8531958098206988,Wild,bge-large-en-v1.5,1024
0,200,200,800,800,zero_width,C1_logreg_raw,0.8834,0.8628921571804029,Wild,bge-large-en-v1.5,1024
0,200,200,800,800,homoglyph,A1_naive_cosine_raw,0.5507312500000001,0.4772773507667595,Wild,bge-large-en-v1.5,1024
0,200,200,800,800,homoglyph,A2_rsfi_svd_raw_k20,0.5247375000000001,0.46470359474479567,Wild,bge-large-en-v1.5,1024
0,200,200,800,800,homoglyph,B1_discriminant_mean_raw,0.7688359374999999,0.6316666055009874,Wild,bge-large-en-v1.5,1024
0,200,200,800,800,homoglyph,B1b_SigmaT_wh,0.577503125,0.5019314160239854,Wild,bge-large-en-v1.5,1024
0,200,200,800,800,homoglyph,B1w_SigmaW_wh,0.6271156250000001,0.5318402309367659,Wild,bge-large-en-v1.5,1024
0,200,200,800,800,homoglyph,C1_logreg_raw,0.7833062500000001,0.64870902231113,Wild,bge-large-en-v1.5,1024
1,200,200,800,800,clean,A1_naive_cosine_raw,0.77459375,0.7567657062374544,Wild,bge-large-en-v1.5,1024
1,200,200,800,800,clean,A2_rsfi_svd_raw_k20,0.8006632812500001,0.8009315164861621,Wild,bge-large-en-v1.5,1024
1,200,200,800,800,clean,B1_discriminant_mean_raw,0.8696125,0.8400790096621646,Wild,bge-large-en-v1.5,1024
1,200,200,800,800,clean,B1b_SigmaT_wh,0.82085390625,0.8294030430743791,Wild,bge-large-en-v1.5,1024
1,200,200,800,800,clean,B1w_SigmaW_wh,0.8383234374999999,0.8429146831442349,Wild,bge-large-en-v1.5,1024
1,200,200,800,800,clean,C1_logreg_raw,0.8792171875,0.8564931567786498,Wild,bge-large-en-v1.5,1024
1,200,200,800,800,base64,A1_naive_cosine_raw,0.10690312499999999,0.37504444380530916,Wild,bge-large-en-v1.5,1024
1,200,200,800,800,base64,A2_rsfi_svd_raw_k20,0.09213906250000004,0.3581594623361016,Wild,bge-large-en-v1.5,1024
1,200,200,800,800,base64,B1_discriminant_mean_raw,0.7042062499999999,0.6154599479710523,Wild,bge-large-en-v1.5,1024
1,200,200,800,800,base64,B1b_SigmaT_wh,0.7853765625,0.652663818294665,Wild,bge-large-en-v1.5,1024
1,200,200,800,800,base64,B1w_SigmaW_wh,0.8273734374999999,0.6988482468900072,Wild,bge-large-en-v1.5,1024
1,200,200,800,800,base64,C1_logreg_raw,0.7821031250000001,0.674020279188715,Wild,bge-large-en-v1.5,1024
1,200,200,800,800,leetspeak,A1_naive_cosine_raw,0.34091875,0.3863562862033525,Wild,bge-large-en-v1.5,1024
1,200,200,800,800,leetspeak,A2_rsfi_svd_raw_k20,0.32721875,0.3810441843861596,Wild,bge-large-en-v1.5,1024
1,200,200,800,800,leetspeak,B1_discriminant_mean_raw,0.7238390625000001,0.582570493213245,Wild,bge-large-en-v1.5,1024
1,200,200,800,800,leetspeak,B1b_SigmaT_wh,0.737140625,0.610524877918872,Wild,bge-large-en-v1.5,1024
1,200,200,800,800,leetspeak,B1w_SigmaW_wh,0.8079218749999999,0.6734267214743919,Wild,bge-large-en-v1.5,1024
1,200,200,800,800,leetspeak,C1_logreg_raw,0.795628125,0.6448739528493306,Wild,bge-large-en-v1.5,1024
1,200,200,800,800,rot13,A1_naive_cosine_raw,0.4623140625,0.4317509808820432,Wild,bge-large-en-v1.5,1024
1,200,200,800,800,rot13,A2_rsfi_svd_raw_k20,0.5400828125,0.46910489312223613,Wild,bge-large-en-v1.5,1024
1,200,200,800,800,rot13,B1_discriminant_mean_raw,0.731325,0.5875141195229243,Wild,bge-large-en-v1.5,1024
1,200,200,800,800,rot13,B1b_SigmaT_wh,0.7766015624999999,0.6599783119053277,Wild,bge-large-en-v1.5,1024
1,200,200,800,800,rot13,B1w_SigmaW_wh,0.8226421875000001,0.7033948606879454,Wild,bge-large-en-v1.5,1024
1,200,200,800,800,rot13,C1_logreg_raw,0.8115953124999999,0.6618157530256623,Wild,bge-large-en-v1.5,1024
1,200,200,800,800,zero_width,A1_naive_cosine_raw,0.7745562500000001,0.7572424418496098,Wild,bge-large-en-v1.5,1024
1,200,200,800,800,zero_width,A2_rsfi_svd_raw_k20,0.800665625,0.8014260040694715,Wild,bge-large-en-v1.5,1024
1,200,200,800,800,zero_width,B1_discriminant_mean_raw,0.8696562500000001,0.8404247723528179,Wild,bge-large-en-v1.5,1024
1,200,200,800,800,zero_width,B1b_SigmaT_wh,0.8208562500000001,0.829591910117725,Wild,bge-large-en-v1.5,1024
1,200,200,800,800,zero_width,B1w_SigmaW_wh,0.838328125,0.8428714673801094,Wild,bge-large-en-v1.5,1024
1,200,200,800,800,zero_width,C1_logreg_raw,0.8791968749999999,0.8566511372276215,Wild,bge-large-en-v1.5,1024
1,200,200,800,800,homoglyph,A1_naive_cosine_raw,0.5843109375,0.49607010347667785,Wild,bge-large-en-v1.5,1024
1,200,200,800,800,homoglyph,A2_rsfi_svd_raw_k20,0.5958390625000001,0.5036164910990454,Wild,bge-large-en-v1.5,1024
1,200,200,800,800,homoglyph,B1_discriminant_mean_raw,0.7922296875,0.6542455236186191,Wild,bge-large-en-v1.5,1024
1,200,200,800,800,homoglyph,B1b_SigmaT_wh,0.8038875000000001,0.7196409500417654,Wild,bge-large-en-v1.5,1024
1,200,200,800,800,homoglyph,B1w_SigmaW_wh,0.8230640625000001,0.7335273228495403,Wild,bge-large-en-v1.5,1024
1,200,200,800,800,homoglyph,C1_logreg_raw,0.8482796875,0.71907589969181,Wild,bge-large-en-v1.5,1024
2,200,200,800,800,clean,A1_naive_cosine_raw,0.7671281249999999,0.7553102885004607,Wild,bge-large-en-v1.5,1024
2,200,200,800,800,clean,A2_rsfi_svd_raw_k20,0.78683203125,0.785555185952818,Wild,bge-large-en-v1.5,1024
2,200,200,800,800,clean,B1_discriminant_mean_raw,0.8707625,0.8430262435650377,Wild,bge-large-en-v1.5,1024
2,200,200,800,800,clean,B1b_SigmaT_wh,0.8207421874999999,0.8112363718240054,Wild,bge-large-en-v1.5,1024
2,200,200,800,800,clean,B1w_SigmaW_wh,0.8391234375000001,0.824639730813421,Wild,bge-large-en-v1.5,1024
2,200,200,800,800,clean,C1_logreg_raw,0.879740625,0.8582030302640887,Wild,bge-large-en-v1.5,1024
2,200,200,800,800,base64,A1_naive_cosine_raw,0.09152343750000004,0.36130264803755124,Wild,bge-large-en-v1.5,1024
2,200,200,800,800,base64,A2_rsfi_svd_raw_k20,0.05141874999999998,0.35734002372300644,Wild,bge-large-en-v1.5,1024
2,200,200,800,800,base64,B1_discriminant_mean_raw,0.69329375,0.6079693896137112,Wild,bge-large-en-v1.5,1024
2,200,200,800,800,base64,B1b_SigmaT_wh,0.8517390625,0.7468200227643385,Wild,bge-large-en-v1.5,1024
2,200,200,800,800,base64,B1w_SigmaW_wh,0.83109375,0.7076276906773895,Wild,bge-large-en-v1.5,1024
2,200,200,800,800,base64,C1_logreg_raw,0.7398125,0.6402350120290475,Wild,bge-large-en-v1.5,1024
2,200,200,800,800,leetspeak,A1_naive_cosine_raw,0.29387812500000005,0.37175442158813765,Wild,bge-large-en-v1.5,1024
2,200,200,800,800,leetspeak,A2_rsfi_svd_raw_k20,0.15237343750000001,0.3332925018177286,Wild,bge-large-en-v1.5,1024
2,200,200,800,800,leetspeak,B1_discriminant_mean_raw,0.675803125,0.5462722259596908,Wild,bge-large-en-v1.5,1024
2,200,200,800,800,leetspeak,B1b_SigmaT_wh,0.46281875,0.43200405884100246,Wild,bge-large-en-v1.5,1024
2,200,200,800,800,leetspeak,B1w_SigmaW_wh,0.49332968749999995,0.4458203827161978,Wild,bge-large-en-v1.5,1024
2,200,200,800,800,leetspeak,C1_logreg_raw,0.6755187500000001,0.546794500385327,Wild,bge-large-en-v1.5,1024
2,200,200,800,800,rot13,A1_naive_cosine_raw,0.4187953125,0.4142627410115164,Wild,bge-large-en-v1.5,1024
2,200,200,800,800,rot13,A2_rsfi_svd_raw_k20,0.3162828125,0.3785804361260602,Wild,bge-large-en-v1.5,1024
2,200,200,800,800,rot13,B1_discriminant_mean_raw,0.707115625,0.5682169796139966,Wild,bge-large-en-v1.5,1024
2,200,200,800,800,rot13,B1b_SigmaT_wh,0.6515359375,0.5433429020180943,Wild,bge-large-en-v1.5,1024
2,200,200,800,800,rot13,B1w_SigmaW_wh,0.67975625,0.5619382889444119,Wild,bge-large-en-v1.5,1024
2,200,200,800,800,rot13,C1_logreg_raw,0.7295703125000002,0.5883182248749135,Wild,bge-large-en-v1.5,1024
2,200,200,800,800,zero_width,A1_naive_cosine_raw,0.7671218750000001,0.7558065151427693,Wild,bge-large-en-v1.5,1024
2,200,200,800,800,zero_width,A2_rsfi_svd_raw_k20,0.7868304687500001,0.7866998993554535,Wild,bge-large-en-v1.5,1024
2,200,200,800,800,zero_width,B1_discriminant_mean_raw,0.8707484374999999,0.8430552744056923,Wild,bge-large-en-v1.5,1024
2,200,200,800,800,zero_width,B1b_SigmaT_wh,0.8207046875,0.8111759205961246,Wild,bge-large-en-v1.5,1024
2,200,200,800,800,zero_width,B1w_SigmaW_wh,0.8391046875000001,0.8237945485661645,Wild,bge-large-en-v1.5,1024
2,200,200,800,800,zero_width,C1_logreg_raw,0.879709375,0.8581395371914063,Wild,bge-large-en-v1.5,1024
2,200,200,800,800,homoglyph,A1_naive_cosine_raw,0.5635562500000001,0.4843793374309462,Wild,bge-large-en-v1.5,1024
2,200,200,800,800,homoglyph,A2_rsfi_svd_raw_k20,0.45017656250000004,0.42817233764732615,Wild,bge-large-en-v1.5,1024
2,200,200,800,800,homoglyph,B1_discriminant_mean_raw,0.7829171875,0.6444744481661603,Wild,bge-large-en-v1.5,1024
2,200,200,800,800,homoglyph,B1b_SigmaT_wh,0.748253125,0.6386247212659207,Wild,bge-large-en-v1.5,1024
2,200,200,800,800,homoglyph,B1w_SigmaW_wh,0.7625171875000001,0.6501794101802947,Wild,bge-large-en-v1.5,1024
2,200,200,800,800,homoglyph,C1_logreg_raw,0.8088609375,0.6732490254296744,Wild,bge-large-en-v1.5,1024
3,200,200,800,800,clean,A1_naive_cosine_raw,0.7667359375,0.7585235176286961,Wild,bge-large-en-v1.5,1024
3,200,200,800,800,clean,A2_rsfi_svd_raw_k20,0.7757406250000001,0.7714222084235798,Wild,bge-large-en-v1.5,1024
3,200,200,800,800,clean,B1_discriminant_mean_raw,0.865446875,0.8402919727492223,Wild,bge-large-en-v1.5,1024
3,200,200,800,800,clean,B1b_SigmaT_wh,0.8468453125000001,0.8272125759407177,Wild,bge-large-en-v1.5,1024
3,200,200,800,800,clean,B1w_SigmaW_wh,0.8598828125,0.8413737660655385,Wild,bge-large-en-v1.5,1024
3,200,200,800,800,clean,C1_logreg_raw,0.8766625,0.8532117360926879,Wild,bge-large-en-v1.5,1024
3,200,200,800,800,base64,A1_naive_cosine_raw,0.09332812499999997,0.3727056096456205,Wild,bge-large-en-v1.5,1024
3,200,200,800,800,base64,A2_rsfi_svd_raw_k20,0.05155781250000003,0.3458916585765927,Wild,bge-large-en-v1.5,1024
3,200,200,800,800,base64,B1_discriminant_mean_raw,0.54195625,0.5181288301428564,Wild,bge-large-en-v1.5,1024
3,200,200,800,800,base64,B1b_SigmaT_wh,0.15210625,0.3736400149762733,Wild,bge-large-en-v1.5,1024
3,200,200,800,800,base64,B1w_SigmaW_wh,0.16352187499999993,0.3730584160389644,Wild,bge-large-en-v1.5,1024
3,200,200,800,800,base64,C1_logreg_raw,0.465125,0.47209334982545786,Wild,bge-large-en-v1.5,1024
3,200,200,800,800,leetspeak,A1_naive_cosine_raw,0.293409375,0.37147409305670337,Wild,bge-large-en-v1.5,1024
3,200,200,800,800,leetspeak,A2_rsfi_svd_raw_k20,0.20932187499999996,0.3466610408126305,Wild,bge-large-en-v1.5,1024
3,200,200,800,800,leetspeak,B1_discriminant_mean_raw,0.6480078125000001,0.5270405759230229,Wild,bge-large-en-v1.5,1024
3,200,200,800,800,leetspeak,B1b_SigmaT_wh,0.773996875,0.643388970067762,Wild,bge-large-en-v1.5,1024
3,200,200,800,800,leetspeak,B1w_SigmaW_wh,0.760146875,0.6248690774166136,Wild,bge-large-en-v1.5,1024
3,200,200,800,800,leetspeak,C1_logreg_raw,0.6160812499999999,0.5073813096835531,Wild,bge-large-en-v1.5,1024
3,200,200,800,800,rot13,A1_naive_cosine_raw,0.40667031249999996,0.40972919413644937,Wild,bge-large-en-v1.5,1024
3,200,200,800,800,rot13,A2_rsfi_svd_raw_k20,0.42204062500000006,0.41591181129493304,Wild,bge-large-en-v1.5,1024
3,200,200,800,800,rot13,B1_discriminant_mean_raw,0.6708218750000001,0.5410852901652212,Wild,bge-large-en-v1.5,1024
3,200,200,800,800,rot13,B1b_SigmaT_wh,0.39086250000000006,0.40306239529810334,Wild,bge-large-en-v1.5,1024
3,200,200,800,800,rot13,B1w_SigmaW_wh,0.4724328125,0.43675042512548423,Wild,bge-large-en-v1.5,1024
3,200,200,800,800,rot13,C1_logreg_raw,0.6511031250000001,0.5288281067476954,Wild,bge-large-en-v1.5,1024
3,200,200,800,800,zero_width,A1_naive_cosine_raw,0.7667265624999999,0.7588526819054182,Wild,bge-large-en-v1.5,1024
3,200,200,800,800,zero_width,A2_rsfi_svd_raw_k20,0.77573359375,0.7730236659930118,Wild,bge-large-en-v1.5,1024
3,200,200,800,800,zero_width,B1_discriminant_mean_raw,0.865465625,0.8404713686515793,Wild,bge-large-en-v1.5,1024
3,200,200,800,800,zero_width,B1b_SigmaT_wh,0.8468328125,0.8291779576381543,Wild,bge-large-en-v1.5,1024
3,200,200,800,800,zero_width,B1w_SigmaW_wh,0.859875,0.8417324002827913,Wild,bge-large-en-v1.5,1024
3,200,200,800,800,zero_width,C1_logreg_raw,0.8766546875000001,0.8532374064139862,Wild,bge-large-en-v1.5,1024
3,200,200,800,800,homoglyph,A1_naive_cosine_raw,0.5449265625,0.4741141680152099,Wild,bge-large-en-v1.5,1024
3,200,200,800,800,homoglyph,A2_rsfi_svd_raw_k20,0.44840390625000004,0.42798953617779395,Wild,bge-large-en-v1.5,1024
3,200,200,800,800,homoglyph,B1_discriminant_mean_raw,0.7351203125,0.5990865011684184,Wild,bge-large-en-v1.5,1024
3,200,200,800,800,homoglyph,B1b_SigmaT_wh,0.65149375,0.5505344429702183,Wild,bge-large-en-v1.5,1024
3,200,200,800,800,homoglyph,B1w_SigmaW_wh,0.6820546875000001,0.5699772179171176,Wild,bge-large-en-v1.5,1024
3,200,200,800,800,homoglyph,C1_logreg_raw,0.7423515624999999,0.6057403672586523,Wild,bge-large-en-v1.5,1024
4,200,200,800,800,clean,A1_naive_cosine_raw,0.7712140625,0.7546671599039187,Wild,bge-large-en-v1.5,1024
4,200,200,800,800,clean,A2_rsfi_svd_raw_k20,0.7835289062499999,0.7792669629550137,Wild,bge-large-en-v1.5,1024
4,200,200,800,800,clean,B1_discriminant_mean_raw,0.8757343750000002,0.8476164743898736,Wild,bge-large-en-v1.5,1024
4,200,200,800,800,clean,B1b_SigmaT_wh,0.8279171875,0.8124657254929903,Wild,bge-large-en-v1.5,1024
4,200,200,800,800,clean,B1w_SigmaW_wh,0.8437601562499999,0.8238055470536549,Wild,bge-large-en-v1.5,1024
4,200,200,800,800,clean,C1_logreg_raw,0.8828203125,0.8566293553007485,Wild,bge-large-en-v1.5,1024
4,200,200,800,800,base64,A1_naive_cosine_raw,0.08978124999999997,0.36154447811486,Wild,bge-large-en-v1.5,1024
4,200,200,800,800,base64,A2_rsfi_svd_raw_k20,0.051785937500000004,0.3462279047752897,Wild,bge-large-en-v1.5,1024
4,200,200,800,800,base64,B1_discriminant_mean_raw,0.6323671875,0.5695594033208066,Wild,bge-large-en-v1.5,1024
4,200,200,800,800,base64,B1b_SigmaT_wh,0.54658125,0.4957238697829269,Wild,bge-large-en-v1.5,1024
4,200,200,800,800,base64,B1w_SigmaW_wh,0.59360625,0.5199380001858876,Wild,bge-large-en-v1.5,1024
4,200,200,800,800,base64,C1_logreg_raw,0.6575968750000001,0.5765277992809599,Wild,bge-large-en-v1.5,1024
4,200,200,800,800,leetspeak,A1_naive_cosine_raw,0.30605312500000004,0.3751762706390386,Wild,bge-large-en-v1.5,1024
4,200,200,800,800,leetspeak,A2_rsfi_svd_raw_k20,0.22558124999999998,0.35056163562233306,Wild,bge-large-en-v1.5,1024
4,200,200,800,800,leetspeak,B1_discriminant_mean_raw,0.675853125,0.5461771920150369,Wild,bge-large-en-v1.5,1024
4,200,200,800,800,leetspeak,B1b_SigmaT_wh,0.7685984375,0.6602316374351804,Wild,bge-large-en-v1.5,1024
4,200,200,800,800,leetspeak,B1w_SigmaW_wh,0.738690625,0.6262020535651768,Wild,bge-large-en-v1.5,1024
4,200,200,800,800,leetspeak,C1_logreg_raw,0.6744359375,0.5467747320191634,Wild,bge-large-en-v1.5,1024
4,200,200,800,800,rot13,A1_naive_cosine_raw,0.42290625,0.4159825808270485,Wild,bge-large-en-v1.5,1024
4,200,200,800,800,rot13,A2_rsfi_svd_raw_k20,0.36072265625,0.39273929457140233,Wild,bge-large-en-v1.5,1024
4,200,200,800,800,rot13,B1_discriminant_mean_raw,0.6998,0.5612384626791017,Wild,bge-large-en-v1.5,1024
4,200,200,800,800,rot13,B1b_SigmaT_wh,0.70570625,0.5969031415824071,Wild,bge-large-en-v1.5,1024
4,200,200,800,800,rot13,B1w_SigmaW_wh,0.72300625,0.6071960727839127,Wild,bge-large-en-v1.5,1024
4,200,200,800,800,rot13,C1_logreg_raw,0.7384093749999999,0.593219690970331,Wild,bge-large-en-v1.5,1024
4,200,200,800,800,zero_width,A1_naive_cosine_raw,0.7712140624999999,0.7551244470379668,Wild,bge-large-en-v1.5,1024
4,200,200,800,800,zero_width,A2_rsfi_svd_raw_k20,0.7835390624999999,0.7804336933048769,Wild,bge-large-en-v1.5,1024
4,200,200,800,800,zero_width,B1_discriminant_mean_raw,0.8757203124999999,0.8476962419663356,Wild,bge-large-en-v1.5,1024
4,200,200,800,800,zero_width,B1b_SigmaT_wh,0.8279203125000001,0.8126754531752172,Wild,bge-large-en-v1.5,1024
4,200,200,800,800,zero_width,B1w_SigmaW_wh,0.8437882812499999,0.8246185241512687,Wild,bge-large-en-v1.5,1024
4,200,200,800,800,zero_width,C1_logreg_raw,0.882865625,0.8568249933830799,Wild,bge-large-en-v1.5,1024
4,200,200,800,800,homoglyph,A1_naive_cosine_raw,0.5612796874999999,0.48238853492610284,Wild,bge-large-en-v1.5,1024
4,200,200,800,800,homoglyph,A2_rsfi_svd_raw_k20,0.421034375,0.41638291173726694,Wild,bge-large-en-v1.5,1024
4,200,200,800,800,homoglyph,B1_discriminant_mean_raw,0.7391390624999999,0.6011923867228054,Wild,bge-large-en-v1.5,1024
4,200,200,800,800,homoglyph,B1b_SigmaT_wh,0.7415546875,0.6433922633361622,Wild,bge-large-en-v1.5,1024
4,200,200,800,800,homoglyph,B1w_SigmaW_wh,0.746034375,0.6443875382970772,Wild,bge-large-en-v1.5,1024
4,200,200,800,800,homoglyph,C1_logreg_raw,0.7481640625,0.609937950371822,Wild,bge-large-en-v1.5,1024
0,66,83,134,167,clean,A1_naive_cosine_raw,0.789659486996157,0.8142502061182426,XSTest,all-mpnet-base-v2,768
0,66,83,134,167,clean,A2_rsfi_svd_raw_k20,0.8638841719545983,0.8435845151720262,XSTest,all-mpnet-base-v2,768
0,66,83,134,167,clean,B1_discriminant_mean_raw,0.8154437393868978,0.8274823967129286,XSTest,all-mpnet-base-v2,768
0,66,83,134,167,clean,B1b_SigmaT_wh,0.8957011350433461,0.8845152160346732,XSTest,all-mpnet-base-v2,768
0,66,83,134,167,clean,B1w_SigmaW_wh,0.901957279470909,0.8918652217564691,XSTest,all-mpnet-base-v2,768
0,66,83,134,167,clean,C1_logreg_raw,0.8861381714183573,0.8749278477596508,XSTest,all-mpnet-base-v2,768
0,66,83,134,167,base64,A1_naive_cosine_raw,0.13446241844668871,0.2907851182684379,XSTest,all-mpnet-base-v2,768
0,66,83,134,167,base64,A2_rsfi_svd_raw_k20,0.0898650460273483,0.28194516234134,XSTest,all-mpnet-base-v2,768
0,66,83,134,167,base64,B1_discriminant_mean_raw,0.45209580838323354,0.38478497374121395,XSTest,all-mpnet-base-v2,768
0,66,83,134,167,base64,B1b_SigmaT_wh,0.29180445079989276,0.32774534657600185,XSTest,all-mpnet-base-v2,768
0,66,83,134,167,base64,B1w_SigmaW_wh,0.29162570381624814,0.32792930730776754,XSTest,all-mpnet-base-v2,768
0,66,83,134,167,base64,C1_logreg_raw,0.2889444990615783,0.32929573521331995,XSTest,all-mpnet-base-v2,768
0,66,83,134,167,leetspeak,A1_naive_cosine_raw,0.06341049244793995,0.274455243552847,XSTest,all-mpnet-base-v2,768
0,66,83,134,167,leetspeak,A2_rsfi_svd_raw_k20,0.04231834837787113,0.2715728853085844,XSTest,all-mpnet-base-v2,768
0,66,83,134,167,leetspeak,B1_discriminant_mean_raw,0.3916793279113415,0.3606710371784782,XSTest,all-mpnet-base-v2,768
0,66,83,134,167,leetspeak,B1b_SigmaT_wh,0.5604611672178033,0.43789327448555915,XSTest,all-mpnet-base-v2,768
0,66,83,134,167,leetspeak,B1w_SigmaW_wh,0.5408436857628027,0.42643036715260546,XSTest,all-mpnet-base-v2,768
0,66,83,134,167,leetspeak,C1_logreg_raw,0.24430243989632677,0.313402418591527,XSTest,all-mpnet-base-v2,768
0,66,83,134,167,rot13,A1_naive_cosine_raw,0.05416033604432926,0.2734027814408358,XSTest,all-mpnet-base-v2,768
0,66,83,134,167,rot13,A2_rsfi_svd_raw_k20,0.00361962641880419,0.267577052028439,XSTest,all-mpnet-base-v2,768
0,66,83,134,167,rot13,B1_discriminant_mean_raw,0.2559656805791402,0.3188235096056847,XSTest,all-mpnet-base-v2,768
0,66,83,134,167,rot13,B1b_SigmaT_wh,0.3304137992671373,0.3364634641961084,XSTest,all-mpnet-base-v2,768
0,66,83,134,167,rot13,B1w_SigmaW_wh,0.2935919206363392,0.32565816812191295,XSTest,all-mpnet-base-v2,768
0,66,83,134,167,rot13,C1_logreg_raw,0.11605147913128966,0.286440764455342,XSTest,all-mpnet-base-v2,768
0,66,83,134,167,zero_width,A1_naive_cosine_raw,0.789659486996157,0.8142502061182426,XSTest,all-mpnet-base-v2,768
0,66,83,134,167,zero_width,A2_rsfi_svd_raw_k20,0.8638841719545983,0.8435845151720262,XSTest,all-mpnet-base-v2,768
0,66,83,134,167,zero_width,B1_discriminant_mean_raw,0.8154437393868978,0.8274823967129286,XSTest,all-mpnet-base-v2,768
0,66,83,134,167,zero_width,B1b_SigmaT_wh,0.8957011350433461,0.8845152160346732,XSTest,all-mpnet-base-v2,768
0,66,83,134,167,zero_width,B1w_SigmaW_wh,0.901957279470909,0.8918652217564691,XSTest,all-mpnet-base-v2,768
0,66,83,134,167,zero_width,C1_logreg_raw,0.8861381714183573,0.8749278477596508,XSTest,all-mpnet-base-v2,768
0,66,83,134,167,homoglyph,A1_naive_cosine_raw,0.09370810617570828,0.2772575972062721,XSTest,all-mpnet-base-v2,768
0,66,83,134,167,homoglyph,A2_rsfi_svd_raw_k20,0.09558494950397714,0.2769216157295311,XSTest,all-mpnet-base-v2,768
0,66,83,134,167,homoglyph,B1_discriminant_mean_raw,0.34373044954866383,0.3432399587155103,XSTest,all-mpnet-base-v2,768
0,66,83,134,167,homoglyph,B1b_SigmaT_wh,0.5894181785682368,0.468897114743858,XSTest,all-mpnet-base-v2,768
0,66,83,134,167,homoglyph,B1w_SigmaW_wh,0.541201179730092,0.4397305721287057,XSTest,all-mpnet-base-v2,768
0,66,83,134,167,homoglyph,C1_logreg_raw,0.2810796317812137,0.32491466203868086,XSTest,all-mpnet-base-v2,768
1,66,83,134,167,clean,A1_naive_cosine_raw,0.7344266690499599,0.784640493416127,XSTest,all-mpnet-base-v2,768
1,66,83,134,167,clean,A2_rsfi_svd_raw_k20,0.8098132094020914,0.8004701213655045,XSTest,all-mpnet-base-v2,768
1,66,83,134,167,clean,B1_discriminant_mean_raw,0.7628474394494593,0.7879282871665452,XSTest,all-mpnet-base-v2,768
1,66,83,134,167,clean,B1b_SigmaT_wh,0.8945392796496558,0.8771088899739254,XSTest,all-mpnet-base-v2,768
1,66,83,134,167,clean,B1w_SigmaW_wh,0.8975332916257038,0.8820068074033119,XSTest,all-mpnet-base-v2,768
1,66,83,134,167,clean,C1_logreg_raw,0.8187058718384127,0.829905766143425,XSTest,all-mpnet-base-v2,768
1,66,83,134,167,base64,A1_naive_cosine_raw,0.2524801143980695,0.31885611770072636,XSTest,all-mpnet-base-v2,768
1,66,83,134,167,base64,A2_rsfi_svd_raw_k20,0.022164625971936726,0.2706117240530189,XSTest,all-mpnet-base-v2,768
1,66,83,134,167,base64,B1_discriminant_mean_raw,0.4199660380731075,0.373104169916738,XSTest,all-mpnet-base-v2,768
1,66,83,134,167,base64,B1b_SigmaT_wh,0.3781392439002592,0.35515381929490736,XSTest,all-mpnet-base-v2,768
1,66,83,134,167,base64,B1w_SigmaW_wh,0.40950933952989543,0.3654116567531376,XSTest,all-mpnet-base-v2,768
1,66,83,134,167,base64,C1_logreg_raw,0.3654035213155778,0.3534057804681549,XSTest,all-mpnet-base-v2,768
1,66,83,134,167,leetspeak,A1_naive_cosine_raw,0.12807221378139244,0.28563750972642926,XSTest,all-mpnet-base-v2,768
1,66,83,134,167,leetspeak,A2_rsfi_svd_raw_k20,0.02502457771025114,0.2691933480168241,XSTest,all-mpnet-base-v2,768
1,66,83,134,167,leetspeak,B1_discriminant_mean_raw,0.4163910984002145,0.3688968304248326,XSTest,all-mpnet-base-v2,768
1,66,83,134,167,leetspeak,B1b_SigmaT_wh,0.4113861828581643,0.3682309627124325,XSTest,all-mpnet-base-v2,768
1,66,83,134,167,leetspeak,B1w_SigmaW_wh,0.47001519349360976,0.394217547836592,XSTest,all-mpnet-base-v2,768
1,66,83,134,167,leetspeak,C1_logreg_raw,0.3904280990258289,0.35864906634069493,XSTest,all-mpnet-base-v2,768
1,66,83,134,167,rot13,A1_naive_cosine_raw,0.09951738314415944,0.28106819780639425,XSTest,all-mpnet-base-v2,768
1,66,83,134,167,rot13,A2_rsfi_svd_raw_k20,0.019394047725444633,0.26948622973952946,XSTest,all-mpnet-base-v2,768
1,66,83,134,167,rot13,B1_discriminant_mean_raw,0.351729377066762,0.3488220938150732,XSTest,all-mpnet-base-v2,768
1,66,83,134,167,rot13,B1b_SigmaT_wh,0.38886406291893827,0.35678022068814574,XSTest,all-mpnet-base-v2,768
1,66,83,134,167,rot13,B1w_SigmaW_wh,0.44427562784878005,0.377815190998651,XSTest,all-mpnet-base-v2,768
1,66,83,134,167,rot13,C1_logreg_raw,0.3143712574850299,0.3363799743121859,XSTest,all-mpnet-base-v2,768
1,66,83,134,167,zero_width,A1_naive_cosine_raw,0.7344266690499599,0.784640493416127,XSTest,all-mpnet-base-v2,768
1,66,83,134,167,zero_width,A2_rsfi_svd_raw_k20,0.8098132094020914,0.8004701213655045,XSTest,all-mpnet-base-v2,768
1,66,83,134,167,zero_width,B1_discriminant_mean_raw,0.7628474394494593,0.7879282871665452,XSTest,all-mpnet-base-v2,768
1,66,83,134,167,zero_width,B1b_SigmaT_wh,0.8945392796496558,0.8771088899739254,XSTest,all-mpnet-base-v2,768
1,66,83,134,167,zero_width,B1w_SigmaW_wh,0.8975332916257038,0.8820068074033119,XSTest,all-mpnet-base-v2,768
1,66,83,134,167,zero_width,C1_logreg_raw,0.8187058718384127,0.829905766143425,XSTest,all-mpnet-base-v2,768
1,66,83,134,167,homoglyph,A1_naive_cosine_raw,0.1095272142282599,0.27989387869740745,XSTest,all-mpnet-base-v2,768
1,66,83,134,167,homoglyph,A2_rsfi_svd_raw_k20,0.06930914290821344,0.2731114325590758,XSTest,all-mpnet-base-v2,768
1,66,83,134,167,homoglyph,B1_discriminant_mean_raw,0.39592456877290194,0.3607517430274178,XSTest,all-mpnet-base-v2,768
1,66,83,134,167,homoglyph,B1b_SigmaT_wh,0.43502547144516934,0.38176823426376283,XSTest,all-mpnet-base-v2,768
1,66,83,134,167,homoglyph,B1w_SigmaW_wh,0.46165877200822236,0.39537822208885587,XSTest,all-mpnet-base-v2,768
1,66,83,134,167,homoglyph,C1_logreg_raw,0.3734918223254982,0.35469209492423354,XSTest,all-mpnet-base-v2,768
2,66,83,134,167,clean,A1_naive_cosine_raw,0.7553400661363839,0.7844931089764879,XSTest,all-mpnet-base-v2,768
2,66,83,134,167,clean,A2_rsfi_svd_raw_k20,0.8527571722227187,0.8422814258903033,XSTest,all-mpnet-base-v2,768
2,66,83,134,167,clean,B1_discriminant_mean_raw,0.7757172222718741,0.7704885091141855,XSTest,all-mpnet-base-v2,768
2,66,83,134,167,clean,B1b_SigmaT_wh,0.9007507373313075,0.8786477561328833,XSTest,all-mpnet-base-v2,768
2,66,83,134,167,clean,B1w_SigmaW_wh,0.9030744481186879,0.8793148883519994,XSTest,all-mpnet-base-v2,768
2,66,83,134,167,clean,C1_logreg_raw,0.8527124854768076,0.8220434178030106,XSTest,all-mpnet-base-v2,768
2,66,83,134,167,base64,A1_naive_cosine_raw,0.1193582983287157,0.28853184855091757,XSTest,all-mpnet-base-v2,768
2,66,83,134,167,base64,A2_rsfi_svd_raw_k20,0.006032710698007015,0.26851929344560727,XSTest,all-mpnet-base-v2,768
2,66,83,134,167,base64,B1_discriminant_mean_raw,0.2889444990615784,0.32977324490576015,XSTest,all-mpnet-base-v2,768
2,66,83,134,167,base64,B1b_SigmaT_wh,0.04312270980427204,0.27390654351139476,XSTest,all-mpnet-base-v2,768
2,66,83,134,167,base64,B1w_SigmaW_wh,0.05996961301278041,0.27640995743010455,XSTest,all-mpnet-base-v2,768
2,66,83,134,167,base64,C1_logreg_raw,0.14219322548931984,0.2919536826486292,XSTest,all-mpnet-base-v2,768
2,66,83,134,167,leetspeak,A1_naive_cosine_raw,0.08155331128787202,0.2776277155266299,XSTest,all-mpnet-base-v2,768
2,66,83,134,167,leetspeak,A2_rsfi_svd_raw_k20,0.008490481723120953,0.268193869019834,XSTest,all-mpnet-base-v2,768
2,66,83,134,167,leetspeak,B1_discriminant_mean_raw,0.3439985700241308,0.3437673592274499,XSTest,all-mpnet-base-v2,768
2,66,83,134,167,leetspeak,B1b_SigmaT_wh,0.1289659486996157,0.28621085880741054,XSTest,all-mpnet-base-v2,768
2,66,83,134,167,leetspeak,B1w_SigmaW_wh,0.16815622486370543,0.2940472978299906,XSTest,all-mpnet-base-v2,768
2,66,83,134,167,leetspeak,C1_logreg_raw,0.230092054696577,0.3120428299663749,XSTest,all-mpnet-base-v2,768
2,66,83,134,167,rot13,A1_naive_cosine_raw,0.07404593797479668,0.2776721089490783,XSTest,all-mpnet-base-v2,768
2,66,83,134,167,rot13,A2_rsfi_svd_raw_k20,0.004736795066583275,0.26786182197620007,XSTest,all-mpnet-base-v2,768
2,66,83,134,167,rot13,B1_discriminant_mean_raw,0.3103494503530253,0.33489472780798424,XSTest,all-mpnet-base-v2,768
2,66,83,134,167,rot13,B1b_SigmaT_wh,0.08159799803378318,0.2788722183591266,XSTest,all-mpnet-base-v2,768
2,66,83,134,167,rot13,B1w_SigmaW_wh,0.106533202252212,0.2829564223570714,XSTest,all-mpnet-base-v2,768
2,66,83,134,167,rot13,C1_logreg_raw,0.2069443203145947,0.3075870002193045,XSTest,all-mpnet-base-v2,768
2,66,83,134,167,zero_width,A1_naive_cosine_raw,0.7553400661363839,0.7844931089764879,XSTest,all-mpnet-base-v2,768
2,66,83,134,167,zero_width,A2_rsfi_svd_raw_k20,0.8527571722227187,0.8422814258903033,XSTest,all-mpnet-base-v2,768
2,66,83,134,167,zero_width,B1_discriminant_mean_raw,0.7757172222718741,0.7704885091141855,XSTest,all-mpnet-base-v2,768
2,66,83,134,167,zero_width,B1b_SigmaT_wh,0.9007507373313075,0.8786477561328833,XSTest,all-mpnet-base-v2,768
2,66,83,134,167,zero_width,B1w_SigmaW_wh,0.9030744481186879,0.8793148883519994,XSTest,all-mpnet-base-v2,768
2,66,83,134,167,zero_width,C1_logreg_raw,0.8527124854768076,0.8220434178030106,XSTest,all-mpnet-base-v2,768
2,66,83,134,167,homoglyph,A1_naive_cosine_raw,0.11980516578782735,0.2831124402491381,XSTest,all-mpnet-base-v2,768
2,66,83,134,167,homoglyph,A2_rsfi_svd_raw_k20,0.0758334078112432,0.2740356391462704,XSTest,all-mpnet-base-v2,768
2,66,83,134,167,homoglyph,B1_discriminant_mean_raw,0.39199213513271963,0.35977678017451764,XSTest,all-mpnet-base-v2,768
2,66,83,134,167,homoglyph,B1b_SigmaT_wh,0.2724104030744481,0.31991827315234855,XSTest,all-mpnet-base-v2,768
2,66,83,134,167,homoglyph,B1w_SigmaW_wh,0.29381535436589507,0.32721491642579154,XSTest,all-mpnet-base-v2,768
2,66,83,134,167,homoglyph,C1_logreg_raw,0.31723120922334436,0.33477176639670525,XSTest,all-mpnet-base-v2,768
3,66,83,134,167,clean,A1_naive_cosine_raw,0.7583340781124318,0.7764759221334089,XSTest,all-mpnet-base-v2,768
3,66,83,134,167,clean,A2_rsfi_svd_raw_k20,0.8708999910626507,0.828376585305706,XSTest,all-mpnet-base-v2,768
3,66,83,134,167,clean,B1_discriminant_mean_raw,0.7772365716328536,0.7837378882794935,XSTest,all-mpnet-base-v2,768
3,66,83,134,167,clean,B1b_SigmaT_wh,0.9152739297524354,0.8888194931448994,XSTest,all-mpnet-base-v2,768
3,66,83,134,167,clean,B1w_SigmaW_wh,0.9157654839574582,0.8897114224425953,XSTest,all-mpnet-base-v2,768
3,66,83,134,167,clean,C1_logreg_raw,0.8589686299043703,0.8393405661690081,XSTest,all-mpnet-base-v2,768
3,66,83,134,167,base64,A1_naive_cosine_raw,0.12753597283045848,0.2888628295776337,XSTest,all-mpnet-base-v2,768
3,66,83,134,167,base64,A2_rsfi_svd_raw_k20,0.022075252480114417,0.2703892360205925,XSTest,all-mpnet-base-v2,768
3,66,83,134,167,base64,B1_discriminant_mean_raw,0.44521404951291443,0.3810644187212975,XSTest,all-mpnet-base-v2,768
3,66,83,134,167,base64,B1b_SigmaT_wh,0.17892573062829564,0.29847054650445665,XSTest,all-mpnet-base-v2,768
3,66,83,134,167,base64,B1w_SigmaW_wh,0.1838859594244347,0.2991919027391656,XSTest,all-mpnet-base-v2,768
3,66,83,134,167,base64,C1_logreg_raw,0.26999731879524536,0.32237688869548536,XSTest,all-mpnet-base-v2,768
3,66,83,134,167,leetspeak,A1_naive_cosine_raw,0.07775493788542318,0.27662536895195905,XSTest,all-mpnet-base-v2,768
3,66,83,134,167,leetspeak,A2_rsfi_svd_raw_k20,0.028554830637233013,0.2700003231944247,XSTest,all-mpnet-base-v2,768
3,66,83,134,167,leetspeak,B1_discriminant_mean_raw,0.4322548931986773,0.3749430273305207,XSTest,all-mpnet-base-v2,768
3,66,83,134,167,leetspeak,B1b_SigmaT_wh,0.14898561086781661,0.2904349456016674,XSTest,all-mpnet-base-v2,768
3,66,83,134,167,leetspeak,B1w_SigmaW_wh,0.1600232371078738,0.2927064989354364,XSTest,all-mpnet-base-v2,768
3,66,83,134,167,leetspeak,C1_logreg_raw,0.29591563142371974,0.32703566883164137,XSTest,all-mpnet-base-v2,768
3,66,83,134,167,rot13,A1_naive_cosine_raw,0.07056037179372598,0.27600829497919654,XSTest,all-mpnet-base-v2,768
3,66,83,134,167,rot13,A2_rsfi_svd_raw_k20,0.004468674591116295,0.2679264813846344,XSTest,all-mpnet-base-v2,768
3,66,83,134,167,rot13,B1_discriminant_mean_raw,0.3259004379301099,0.3392645108038587,XSTest,all-mpnet-base-v2,768
3,66,83,134,167,rot13,B1b_SigmaT_wh,0.17173116453659842,0.2941984556843414,XSTest,all-mpnet-base-v2,768
3,66,83,134,167,rot13,B1w_SigmaW_wh,0.17758512825096073,0.29557615744296606,XSTest,all-mpnet-base-v2,768
3,66,83,134,167,rot13,C1_logreg_raw,0.16860309232281706,0.29534173130648433,XSTest,all-mpnet-base-v2,768
3,66,83,134,167,zero_width,A1_naive_cosine_raw,0.7583340781124318,0.7764759221334089,XSTest,all-mpnet-base-v2,768
3,66,83,134,167,zero_width,A2_rsfi_svd_raw_k20,0.8708999910626507,0.828376585305706,XSTest,all-mpnet-base-v2,768
3,66,83,134,167,zero_width,B1_discriminant_mean_raw,0.7772365716328536,0.7837378882794935,XSTest,all-mpnet-base-v2,768
3,66,83,134,167,zero_width,B1b_SigmaT_wh,0.9152739297524354,0.8888194931448994,XSTest,all-mpnet-base-v2,768
3,66,83,134,167,zero_width,B1w_SigmaW_wh,0.9157654839574582,0.8897114224425953,XSTest,all-mpnet-base-v2,768
3,66,83,134,167,zero_width,C1_logreg_raw,0.8589686299043703,0.8393405661690081,XSTest,all-mpnet-base-v2,768
3,66,83,134,167,homoglyph,A1_naive_cosine_raw,0.10112610599696131,0.27887966864711233,XSTest,all-mpnet-base-v2,768
3,66,83,134,167,homoglyph,A2_rsfi_svd_raw_k20,0.08463669675574226,0.2754592328988306,XSTest,all-mpnet-base-v2,768
3,66,83,134,167,homoglyph,B1_discriminant_mean_raw,0.4045044239878452,0.36525811533180264,XSTest,all-mpnet-base-v2,768
3,66,83,134,167,homoglyph,B1b_SigmaT_wh,0.43842166413441774,0.3787869899717965,XSTest,all-mpnet-base-v2,768
3,66,83,134,167,homoglyph,B1w_SigmaW_wh,0.4571900974171061,0.3881942467089082,XSTest,all-mpnet-base-v2,768
3,66,83,134,167,homoglyph,C1_logreg_raw,0.35610867816605596,0.3511972430866421,XSTest,all-mpnet-base-v2,768
4,66,83,134,167,clean,A1_naive_cosine_raw,0.7712038609348467,0.8011482119074579,XSTest,all-mpnet-base-v2,768
4,66,83,134,167,clean,A2_rsfi_svd_raw_k20,0.834167485923675,0.8169072728846434,XSTest,all-mpnet-base-v2,768
4,66,83,134,167,clean,B1_discriminant_mean_raw,0.7943515953168291,0.8096934440511783,XSTest,all-mpnet-base-v2,768
4,66,83,134,167,clean,B1b_SigmaT_wh,0.878630798105282,0.8634802413913553,XSTest,all-mpnet-base-v2,768
4,66,83,134,167,clean,B1w_SigmaW_wh,0.8809545088926624,0.8669025634429643,XSTest,all-mpnet-base-v2,768
4,66,83,134,167,clean,C1_logreg_raw,0.854455268567343,0.8534877954754422,XSTest,all-mpnet-base-v2,768
4,66,83,134,167,base64,A1_naive_cosine_raw,0.252614174635803,0.31913698197950885,XSTest,all-mpnet-base-v2,768
4,66,83,134,167,base64,A2_rsfi_svd_raw_k20,0.10322638305478594,0.2841142778607543,XSTest,all-mpnet-base-v2,768
4,66,83,134,167,base64,B1_discriminant_mean_raw,0.5485298060595227,0.42620580232130434,XSTest,all-mpnet-base-v2,768
4,66,83,134,167,base64,B1b_SigmaT_wh,0.5957636964876218,0.44918646875763635,XSTest,all-mpnet-base-v2,768
4,66,83,134,167,base64,B1w_SigmaW_wh,0.610108141925105,0.4577906204207413,XSTest,all-mpnet-base-v2,768
4,66,83,134,167,base64,C1_logreg_raw,0.4959781928679954,0.39974146924284915,XSTest,all-mpnet-base-v2,768
4,66,83,134,167,leetspeak,A1_naive_cosine_raw,0.09133970864241667,0.2790706735118146,XSTest,all-mpnet-base-v2,768
4,66,83,134,167,leetspeak,A2_rsfi_svd_raw_k20,0.0695772633836804,0.2763006219780009,XSTest,all-mpnet-base-v2,768
4,66,83,134,167,leetspeak,B1_discriminant_mean_raw,0.45307891679327916,0.38289518413911117,XSTest,all-mpnet-base-v2,768
4,66,83,134,167,leetspeak,B1b_SigmaT_wh,0.5551434444543748,0.4326096673546266,XSTest,all-mpnet-base-v2,768
4,66,83,134,167,leetspeak,B1w_SigmaW_wh,0.5444633121816069,0.42721384917751526,XSTest,all-mpnet-base-v2,768
4,66,83,134,167,leetspeak,C1_logreg_raw,0.3737599428009652,0.3513113802690666,XSTest,all-mpnet-base-v2,768
4,66,83,134,167,rot13,A1_naive_cosine_raw,0.059031191348646005,0.27384102517524384,XSTest,all-mpnet-base-v2,768
4,66,83,134,167,rot13,A2_rsfi_svd_raw_k20,0.015550987577084664,0.2694068026321331,XSTest,all-mpnet-base-v2,768
4,66,83,134,167,rot13,B1_discriminant_mean_raw,0.3184377513629457,0.3358438022393341,XSTest,all-mpnet-base-v2,768
4,66,83,134,167,rot13,B1b_SigmaT_wh,0.4498614710876754,0.38111852389167816,XSTest,all-mpnet-base-v2,768
4,66,83,134,167,rot13,B1w_SigmaW_wh,0.42850120654213963,0.3722580717104967,XSTest,all-mpnet-base-v2,768
4,66,83,134,167,rot13,C1_logreg_raw,0.22848333184377517,0.3106962334204534,XSTest,all-mpnet-base-v2,768
4,66,83,134,167,zero_width,A1_naive_cosine_raw,0.7712038609348467,0.8011482119074579,XSTest,all-mpnet-base-v2,768
4,66,83,134,167,zero_width,A2_rsfi_svd_raw_k20,0.834167485923675,0.8169072728846434,XSTest,all-mpnet-base-v2,768
4,66,83,134,167,zero_width,B1_discriminant_mean_raw,0.7943515953168291,0.8096934440511783,XSTest,all-mpnet-base-v2,768
4,66,83,134,167,zero_width,B1b_SigmaT_wh,0.878630798105282,0.8634802413913553,XSTest,all-mpnet-base-v2,768
4,66,83,134,167,zero_width,B1w_SigmaW_wh,0.8809545088926624,0.8669025634429643,XSTest,all-mpnet-base-v2,768
4,66,83,134,167,zero_width,C1_logreg_raw,0.854455268567343,0.8534877954754422,XSTest,all-mpnet-base-v2,768
4,66,83,134,167,homoglyph,A1_naive_cosine_raw,0.07833586558226831,0.2751159606311295,XSTest,all-mpnet-base-v2,768
4,66,83,134,167,homoglyph,A2_rsfi_svd_raw_k20,0.07855929931182412,0.2747167257912895,XSTest,all-mpnet-base-v2,768
4,66,83,134,167,homoglyph,B1_discriminant_mean_raw,0.3511484493699169,0.34611194090960523,XSTest,all-mpnet-base-v2,768
4,66,83,134,167,homoglyph,B1b_SigmaT_wh,0.5297166860309233,0.4318046984294429,XSTest,all-mpnet-base-v2,768
4,66,83,134,167,homoglyph,B1w_SigmaW_wh,0.48842613280900893,0.4081281373464335,XSTest,all-mpnet-base-v2,768
4,66,83,134,167,homoglyph,C1_logreg_raw,0.3067298239342211,0.33224667933922475,XSTest,all-mpnet-base-v2,768
0,66,83,134,167,clean,A1_naive_cosine_raw,0.8087854142461346,0.8035907896794567,XSTest,bge-base-en-v1.5,768
0,66,83,134,167,clean,A2_rsfi_svd_raw_k20,0.8459201000983108,0.823461273039654,XSTest,bge-base-en-v1.5,768
0,66,83,134,167,clean,B1_discriminant_mean_raw,0.8092322817052463,0.7953010456490899,XSTest,bge-base-en-v1.5,768
0,66,83,134,167,clean,B1b_SigmaT_wh,0.8894003038698722,0.8614798310469283,XSTest,bge-base-en-v1.5,768
0,66,83,134,167,clean,B1w_SigmaW_wh,0.8923496291000088,0.8640514018106225,XSTest,bge-base-en-v1.5,768
0,66,83,134,167,clean,C1_logreg_raw,0.870140316382161,0.8428504906440691,XSTest,bge-base-en-v1.5,768
0,66,83,134,167,base64,A1_naive_cosine_raw,0.6972472964518723,0.5217288301939473,XSTest,bge-base-en-v1.5,768
0,66,83,134,167,base64,A2_rsfi_svd_raw_k20,0.4055769058897131,0.36332611111464524,XSTest,bge-base-en-v1.5,768
0,66,83,134,167,base64,B1_discriminant_mean_raw,0.47689695236392887,0.39310963388657744,XSTest,bge-base-en-v1.5,768
0,66,83,134,167,base64,B1b_SigmaT_wh,0.5251139512020735,0.412335925159646,XSTest,bge-base-en-v1.5,768
0,66,83,134,167,base64,B1w_SigmaW_wh,0.5241755295379391,0.412107428109241,XSTest,bge-base-en-v1.5,768
0,66,83,134,167,base64,C1_logreg_raw,0.3675484851193136,0.3508167459009114,XSTest,bge-base-en-v1.5,768
0,66,83,134,167,leetspeak,A1_naive_cosine_raw,0.6599785503619626,0.49013284056831874,XSTest,bge-base-en-v1.5,768
0,66,83,134,167,leetspeak,A2_rsfi_svd_raw_k20,0.5025918312628475,0.4027716015104461,XSTest,bge-base-en-v1.5,768
0,66,83,134,167,leetspeak,B1_discriminant_mean_raw,0.5249352042184288,0.4134469361028174,XSTest,bge-base-en-v1.5,768
0,66,83,134,167,leetspeak,B1b_SigmaT_wh,0.6309321655197069,0.4801401617414711,XSTest,bge-base-en-v1.5,768
0,66,83,134,167,leetspeak,B1w_SigmaW_wh,0.6119402985074627,0.4677501659806421,XSTest,bge-base-en-v1.5,768
0,66,83,134,167,leetspeak,C1_logreg_raw,0.46349092859058,0.38796279502797903,XSTest,bge-base-en-v1.5,768
0,66,83,134,167,rot13,A1_naive_cosine_raw,0.7194566091697203,0.5420764399736265,XSTest,bge-base-en-v1.5,768
0,66,83,134,167,rot13,A2_rsfi_svd_raw_k20,0.36205201537224063,0.3490488160408328,XSTest,bge-base-en-v1.5,768
0,66,83,134,167,rot13,B1_discriminant_mean_raw,0.4459290374474931,0.38042762766059757,XSTest,bge-base-en-v1.5,768
0,66,83,134,167,rot13,B1b_SigmaT_wh,0.6156492984180892,0.46830229618374297,XSTest,bge-base-en-v1.5,768
0,66,83,134,167,rot13,B1w_SigmaW_wh,0.610376262400572,0.4642929317356671,XSTest,bge-base-en-v1.5,768
0,66,83,134,167,rot13,C1_logreg_raw,0.3928411833050317,0.35808820836106614,XSTest,bge-base-en-v1.5,768
0,66,83,134,167,zero_width,A1_naive_cosine_raw,0.8087854142461346,0.8035907896794567,XSTest,bge-base-en-v1.5,768
0,66,83,134,167,zero_width,A2_rsfi_svd_raw_k20,0.8459201000983108,0.823461273039654,XSTest,bge-base-en-v1.5,768
0,66,83,134,167,zero_width,B1_discriminant_mean_raw,0.8092322817052463,0.7953010456490899,XSTest,bge-base-en-v1.5,768
0,66,83,134,167,zero_width,B1b_SigmaT_wh,0.8894003038698722,0.8614798310469283,XSTest,bge-base-en-v1.5,768
0,66,83,134,167,zero_width,B1w_SigmaW_wh,0.8923496291000088,0.8640514018106225,XSTest,bge-base-en-v1.5,768
0,66,83,134,167,zero_width,C1_logreg_raw,0.870140316382161,0.8428504906440691,XSTest,bge-base-en-v1.5,768
0,66,83,134,167,homoglyph,A1_naive_cosine_raw,0.797390294038788,0.6489196859955585,XSTest,bge-base-en-v1.5,768
0,66,83,134,167,homoglyph,A2_rsfi_svd_raw_k20,0.46849584413263023,0.3906436726702335,XSTest,bge-base-en-v1.5,768
0,66,83,134,167,homoglyph,B1_discriminant_mean_raw,0.5392349629100008,0.41987841049570807,XSTest,bge-base-en-v1.5,768
0,66,83,134,167,homoglyph,B1b_SigmaT_wh,0.660916972026097,0.5001381145262175,XSTest,bge-base-en-v1.5,768
0,66,83,134,167,homoglyph,B1w_SigmaW_wh,0.6640003574939672,0.5029115804311586,XSTest,bge-base-en-v1.5,768
0,66,83,134,167,homoglyph,C1_logreg_raw,0.5957190097417105,0.4616834687405308,XSTest,bge-base-en-v1.5,768
1,66,83,134,167,clean,A1_naive_cosine_raw,0.7466261506837073,0.7677543629485315,XSTest,bge-base-en-v1.5,768
1,66,83,134,167,clean,A2_rsfi_svd_raw_k20,0.7927428724640271,0.7932703832565662,XSTest,bge-base-en-v1.5,768
1,66,83,134,167,clean,B1_discriminant_mean_raw,0.7384037894360532,0.7512563124138455,XSTest,bge-base-en-v1.5,768
1,66,83,134,167,clean,B1b_SigmaT_wh,0.8677719188488694,0.8456507635150694,XSTest,bge-base-en-v1.5,768
1,66,83,134,167,clean,B1w_SigmaW_wh,0.8771114487443025,0.8557166958454625,XSTest,bge-base-en-v1.5,768
1,66,83,134,167,clean,C1_logreg_raw,0.7990437036375011,0.8002290095454424,XSTest,bge-base-en-v1.5,768
1,66,83,134,167,base64,A1_naive_cosine_raw,0.6766020198409152,0.5042527182867069,XSTest,bge-base-en-v1.5,768
1,66,83,134,167,base64,A2_rsfi_svd_raw_k20,0.406649387791581,0.3652463743250831,XSTest,bge-base-en-v1.5,768
1,66,83,134,167,base64,B1_discriminant_mean_raw,0.5144785056752168,0.41018704184335764,XSTest,bge-base-en-v1.5,768
1,66,83,134,167,base64,B1b_SigmaT_wh,0.49754222897488604,0.3991934280480869,XSTest,bge-base-en-v1.5,768
1,66,83,134,167,base64,B1w_SigmaW_wh,0.48833675931718656,0.3953706100357129,XSTest,bge-base-en-v1.5,768
1,66,83,134,167,base64,C1_logreg_raw,0.49231387970328,0.39931214873999543,XSTest,bge-base-en-v1.5,768
1,66,83,134,167,leetspeak,A1_naive_cosine_raw,0.6492984180891948,0.482637074948995,XSTest,bge-base-en-v1.5,768
1,66,83,134,167,leetspeak,A2_rsfi_svd_raw_k20,0.5178300116185539,0.41013632803405164,XSTest,bge-base-en-v1.5,768
1,66,83,134,167,leetspeak,B1_discriminant_mean_raw,0.5414693002055591,0.42239280319482686,XSTest,bge-base-en-v1.5,768
1,66,83,134,167,leetspeak,B1b_SigmaT_wh,0.49937438555724367,0.4014336778661177,XSTest,bge-base-en-v1.5,768
1,66,83,134,167,leetspeak,B1w_SigmaW_wh,0.514567879167039,0.4088220281419428,XSTest,bge-base-en-v1.5,768
1,66,83,134,167,leetspeak,C1_logreg_raw,0.5596568057914023,0.4298757380359195,XSTest,bge-base-en-v1.5,768
1,66,83,134,167,rot13,A1_naive_cosine_raw,0.6677987308964162,0.4954163117597069,XSTest,bge-base-en-v1.5,768
1,66,83,134,167,rot13,A2_rsfi_svd_raw_k20,0.42836714630440614,0.37255422280163525,XSTest,bge-base-en-v1.5,768
1,66,83,134,167,rot13,B1_discriminant_mean_raw,0.5065242649030297,0.40632221941814084,XSTest,bge-base-en-v1.5,768
1,66,83,134,167,rot13,B1b_SigmaT_wh,0.7156135490213602,0.5482184130657922,XSTest,bge-base-en-v1.5,768
1,66,83,134,167,rot13,B1w_SigmaW_wh,0.7035928143712575,0.535455829166928,XSTest,bge-base-en-v1.5,768
1,66,83,134,167,rot13,C1_logreg_raw,0.515640361068907,0.409464433942033,XSTest,bge-base-en-v1.5,768
1,66,83,134,167,zero_width,A1_naive_cosine_raw,0.7466261506837073,0.7677543629485315,XSTest,bge-base-en-v1.5,768
1,66,83,134,167,zero_width,A2_rsfi_svd_raw_k20,0.7927428724640271,0.7932703832565662,XSTest,bge-base-en-v1.5,768
1,66,83,134,167,zero_width,B1_discriminant_mean_raw,0.7384037894360532,0.7512563124138455,XSTest,bge-base-en-v1.5,768
1,66,83,134,167,zero_width,B1b_SigmaT_wh,0.8677719188488694,0.8456507635150694,XSTest,bge-base-en-v1.5,768
1,66,83,134,167,zero_width,B1w_SigmaW_wh,0.8771114487443025,0.8557166958454625,XSTest,bge-base-en-v1.5,768
1,66,83,134,167,zero_width,C1_logreg_raw,0.7990437036375011,0.8002290095454424,XSTest,bge-base-en-v1.5,768
1,66,83,134,167,homoglyph,A1_naive_cosine_raw,0.7304048619179551,0.5619989970473018,XSTest,bge-base-en-v1.5,768
1,66,83,134,167,homoglyph,A2_rsfi_svd_raw_k20,0.5059880239520957,0.4052218665186953,XSTest,bge-base-en-v1.5,768
1,66,83,134,167,homoglyph,B1_discriminant_mean_raw,0.5215390115291805,0.4127510213602234,XSTest,bge-base-en-v1.5,768
1,66,83,134,167,homoglyph,B1b_SigmaT_wh,0.5356600232371078,0.42047577498226374,XSTest,bge-base-en-v1.5,768
1,66,83,134,167,homoglyph,B1w_SigmaW_wh,0.5615783358655823,0.4359563338464474,XSTest,bge-base-en-v1.5,768
1,66,83,134,167,homoglyph,C1_logreg_raw,0.5496469747073018,0.4250449922646766,XSTest,bge-base-en-v1.5,768
2,66,83,134,167,clean,A1_naive_cosine_raw,0.7794262221825006,0.7791890848632397,XSTest,bge-base-en-v1.5,768
2,66,83,134,167,clean,A2_rsfi_svd_raw_k20,0.8321565823576726,0.8219561543941918,XSTest,bge-base-en-v1.5,768
2,66,83,134,167,clean,B1_discriminant_mean_raw,0.782286173920815,0.7681197628787095,XSTest,bge-base-en-v1.5,768
2,66,83,134,167,clean,B1b_SigmaT_wh,0.8774689427115918,0.8573144871797818,XSTest,bge-base-en-v1.5,768
2,66,83,134,167,clean,B1w_SigmaW_wh,0.8786754848511932,0.859279047430368,XSTest,bge-base-en-v1.5,768
2,66,83,134,167,clean,C1_logreg_raw,0.8408704978103495,0.8145871894284821,XSTest,bge-base-en-v1.5,768
2,66,83,134,167,base64,A1_naive_cosine_raw,0.6378139243900259,0.47513221265933403,XSTest,bge-base-en-v1.5,768
2,66,83,134,167,base64,A2_rsfi_svd_raw_k20,0.34663508803288945,0.34412771445325724,XSTest,bge-base-en-v1.5,768
2,66,83,134,167,base64,B1_discriminant_mean_raw,0.3006077397443918,0.3316511980703649,XSTest,bge-base-en-v1.5,768
2,66,83,134,167,base64,B1b_SigmaT_wh,0.3868084726070248,0.3561852394083439,XSTest,bge-base-en-v1.5,768
2,66,83,134,167,base64,B1w_SigmaW_wh,0.36768254535704714,0.3500820923611723,XSTest,bge-base-en-v1.5,768
2,66,83,134,167,base64,C1_logreg_raw,0.2036821878630798,0.30594381429324913,XSTest,bge-base-en-v1.5,768
2,66,83,134,167,leetspeak,A1_naive_cosine_raw,0.6076950576459023,0.45786104495013524,XSTest,bge-base-en-v1.5,768
2,66,83,134,167,leetspeak,A2_rsfi_svd_raw_k20,0.4149611225310573,0.3674380627318221,XSTest,bge-base-en-v1.5,768
2,66,83,134,167,leetspeak,B1_discriminant_mean_raw,0.366565376709268,0.3510888459653548,XSTest,bge-base-en-v1.5,768
2,66,83,134,167,leetspeak,B1b_SigmaT_wh,0.6579229600500491,0.49319316341642216,XSTest,bge-base-en-v1.5,768
2,66,83,134,167,leetspeak,B1w_SigmaW_wh,0.6104656358923943,0.46133226406782624,XSTest,bge-base-en-v1.5,768
2,66,83,134,167,leetspeak,C1_logreg_raw,0.2956028242023416,0.3276308284473928,XSTest,bge-base-en-v1.5,768
2,66,83,134,167,rot13,A1_naive_cosine_raw,0.6654750201090356,0.4908266263965635,XSTest,bge-base-en-v1.5,768
2,66,83,134,167,rot13,A2_rsfi_svd_raw_k20,0.345964786844222,0.34401014354294784,XSTest,bge-base-en-v1.5,768
2,66,83,134,167,rot13,B1_discriminant_mean_raw,0.3186164983465904,0.33587400439787884,XSTest,bge-base-en-v1.5,768
2,66,83,134,167,rot13,B1b_SigmaT_wh,0.23858253641969793,0.31260776745677127,XSTest,bge-base-en-v1.5,768
2,66,83,134,167,rot13,B1w_SigmaW_wh,0.23000268120475467,0.31000215005286547,XSTest,bge-base-en-v1.5,768
2,66,83,134,167,rot13,C1_logreg_raw,0.23384574135311467,0.3113771239998951,XSTest,bge-base-en-v1.5,768
2,66,83,134,167,zero_width,A1_naive_cosine_raw,0.7794262221825006,0.7791890848632397,XSTest,bge-base-en-v1.5,768
2,66,83,134,167,zero_width,A2_rsfi_svd_raw_k20,0.8321565823576726,0.8219561543941918,XSTest,bge-base-en-v1.5,768
2,66,83,134,167,zero_width,B1_discriminant_mean_raw,0.782286173920815,0.7681197628787095,XSTest,bge-base-en-v1.5,768
2,66,83,134,167,zero_width,B1b_SigmaT_wh,0.8774689427115918,0.8573144871797818,XSTest,bge-base-en-v1.5,768
2,66,83,134,167,zero_width,B1w_SigmaW_wh,0.8786754848511932,0.859279047430368,XSTest,bge-base-en-v1.5,768
2,66,83,134,167,zero_width,C1_logreg_raw,0.8408704978103495,0.8145871894284821,XSTest,bge-base-en-v1.5,768
2,66,83,134,167,homoglyph,A1_naive_cosine_raw,0.7563678612923407,0.5857402079661729,XSTest,bge-base-en-v1.5,768
2,66,83,134,167,homoglyph,A2_rsfi_svd_raw_k20,0.45379390472785774,0.38112775399162224,XSTest,bge-base-en-v1.5,768
2,66,83,134,167,homoglyph,B1_discriminant_mean_raw,0.4786844222003753,0.3908568059390377,XSTest,bge-base-en-v1.5,768
2,66,83,134,167,homoglyph,B1b_SigmaT_wh,0.586781660559478,0.45219561496754057,XSTest,bge-base-en-v1.5,768
2,66,83,134,167,homoglyph,B1w_SigmaW_wh,0.5833854678702297,0.4496368164204324,XSTest,bge-base-en-v1.5,768
2,66,83,134,167,homoglyph,C1_logreg_raw,0.4732773259451247,0.38961031234215704,XSTest,bge-base-en-v1.5,768
3,66,83,134,167,clean,A1_naive_cosine_raw,0.787737956921977,0.786702023186849,XSTest,bge-base-en-v1.5,768
3,66,83,134,167,clean,A2_rsfi_svd_raw_k20,0.8400214496380374,0.8081978906604064,XSTest,bge-base-en-v1.5,768
3,66,83,134,167,clean,B1_discriminant_mean_raw,0.773482884976316,0.7672365500590196,XSTest,bge-base-en-v1.5,768
3,66,83,134,167,clean,B1b_SigmaT_wh,0.8749217981946555,0.8471362885388654,XSTest,bge-base-en-v1.5,768
3,66,83,134,167,clean,B1w_SigmaW_wh,0.8820716775404416,0.8552988617258386,XSTest,bge-base-en-v1.5,768
3,66,83,134,167,clean,C1_logreg_raw,0.8418089194744839,0.8226938337419903,XSTest,bge-base-en-v1.5,768
3,66,83,134,167,base64,A1_naive_cosine_raw,0.672982393422111,0.5008250585386712,XSTest,bge-base-en-v1.5,768
3,66,83,134,167,base64,A2_rsfi_svd_raw_k20,0.449191169899008,0.38110727406940204,XSTest,bge-base-en-v1.5,768
3,66,83,134,167,base64,B1_discriminant_mean_raw,0.4438287603896684,0.3815075453791589,XSTest,bge-base-en-v1.5,768
3,66,83,134,167,base64,B1b_SigmaT_wh,0.5875413352399679,0.4468480756845119,XSTest,bge-base-en-v1.5,768
3,66,83,134,167,base64,B1w_SigmaW_wh,0.5801680221646259,0.4417626899545786,XSTest,bge-base-en-v1.5,768
3,66,83,134,167,base64,C1_logreg_raw,0.3911877737063187,0.3599064847126361,XSTest,bge-base-en-v1.5,768
3,66,83,134,167,leetspeak,A1_naive_cosine_raw,0.6338814907498436,0.47205983861523226,XSTest,bge-base-en-v1.5,768
3,66,83,134,167,leetspeak,A2_rsfi_svd_raw_k20,0.5445973724193405,0.4238180197369144,XSTest,bge-base-en-v1.5,768
3,66,83,134,167,leetspeak,B1_discriminant_mean_raw,0.46760210921440704,0.38851929982621847,XSTest,bge-base-en-v1.5,768
3,66,83,134,167,leetspeak,B1b_SigmaT_wh,0.6278487800518366,0.47427026563702757,XSTest,bge-base-en-v1.5,768
3,66,83,134,167,leetspeak,B1w_SigmaW_wh,0.6191795513450711,0.4668852007325032,XSTest,bge-base-en-v1.5,768
3,66,83,134,167,leetspeak,C1_logreg_raw,0.4548216998838145,0.3820763553389825,XSTest,bge-base-en-v1.5,768
3,66,83,134,167,rot13,A1_naive_cosine_raw,0.6845562606131022,0.5069108410434919,XSTest,bge-base-en-v1.5,768
3,66,83,134,167,rot13,A2_rsfi_svd_raw_k20,0.3792117258021271,0.35377799796739806,XSTest,bge-base-en-v1.5,768
3,66,83,134,167,rot13,B1_discriminant_mean_raw,0.4026275806595764,0.36519236159471,XSTest,bge-base-en-v1.5,768
3,66,83,134,167,rot13,B1b_SigmaT_wh,0.5014746626150683,0.4049907713830877,XSTest,bge-base-en-v1.5,768
3,66,83,134,167,rot13,B1w_SigmaW_wh,0.4801143980695326,0.39418780879714316,XSTest,bge-base-en-v1.5,768
3,66,83,134,167,rot13,C1_logreg_raw,0.3304137992671374,0.3390986497211461,XSTest,bge-base-en-v1.5,768
3,66,83,134,167,zero_width,A1_naive_cosine_raw,0.787737956921977,0.786702023186849,XSTest,bge-base-en-v1.5,768
3,66,83,134,167,zero_width,A2_rsfi_svd_raw_k20,0.8400214496380374,0.8081978906604064,XSTest,bge-base-en-v1.5,768
3,66,83,134,167,zero_width,B1_discriminant_mean_raw,0.773482884976316,0.7672365500590196,XSTest,bge-base-en-v1.5,768
3,66,83,134,167,zero_width,B1b_SigmaT_wh,0.8749217981946555,0.8471362885388654,XSTest,bge-base-en-v1.5,768
3,66,83,134,167,zero_width,B1w_SigmaW_wh,0.8820716775404416,0.8552988617258386,XSTest,bge-base-en-v1.5,768
3,66,83,134,167,zero_width,C1_logreg_raw,0.8418089194744839,0.8226938337419903,XSTest,bge-base-en-v1.5,768
3,66,83,134,167,homoglyph,A1_naive_cosine_raw,0.7645902225399946,0.5917389419471109,XSTest,bge-base-en-v1.5,768
3,66,83,134,167,homoglyph,A2_rsfi_svd_raw_k20,0.5113504334614354,0.40922745626597873,XSTest,bge-base-en-v1.5,768
3,66,83,134,167,homoglyph,B1_discriminant_mean_raw,0.5055858432388953,0.40381344119558926,XSTest,bge-base-en-v1.5,768
3,66,83,134,167,homoglyph,B1b_SigmaT_wh,0.667754044150505,0.5167178574291305,XSTest,bge-base-en-v1.5,768
3,66,83,134,167,homoglyph,B1w_SigmaW_wh,0.6728036464384664,0.5181321326150032,XSTest,bge-base-en-v1.5,768
3,66,83,134,167,homoglyph,C1_logreg_raw,0.5500491554205023,0.4267583493357314,XSTest,bge-base-en-v1.5,768
4,66,83,134,167,clean,A1_naive_cosine_raw,0.7867101617660202,0.7973711348538727,XSTest,bge-base-en-v1.5,768
4,66,83,134,167,clean,A2_rsfi_svd_raw_k20,0.7992224506211457,0.7698706347275615,XSTest,bge-base-en-v1.5,768
4,66,83,134,167,clean,B1_discriminant_mean_raw,0.7839395835195281,0.7824054921805039,XSTest,bge-base-en-v1.5,768
4,66,83,134,167,clean,B1b_SigmaT_wh,0.8302797390294038,0.8246653685655354,XSTest,bge-base-en-v1.5,768
4,66,83,134,167,clean,B1w_SigmaW_wh,0.8357315220305658,0.8271980672039868,XSTest,bge-base-en-v1.5,768
4,66,83,134,167,clean,C1_logreg_raw,0.8293413173652694,0.8267346838600462,XSTest,bge-base-en-v1.5,768
4,66,83,134,167,base64,A1_naive_cosine_raw,0.6803557064974528,0.5044225709883376,XSTest,bge-base-en-v1.5,768
4,66,83,134,167,base64,A2_rsfi_svd_raw_k20,0.4355617123961033,0.3749707798716194,XSTest,bge-base-en-v1.5,768
4,66,83,134,167,base64,B1_discriminant_mean_raw,0.5148806863884172,0.4098219212147297,XSTest,bge-base-en-v1.5,768
4,66,83,134,167,base64,B1b_SigmaT_wh,0.4998212530163554,0.40067369861067925,XSTest,bge-base-en-v1.5,768
4,66,83,134,167,base64,B1w_SigmaW_wh,0.5193493609795334,0.4089537930209268,XSTest,bge-base-en-v1.5,768
4,66,83,134,167,base64,C1_logreg_raw,0.47309857896148,0.3904116048589312,XSTest,bge-base-en-v1.5,768
4,66,83,134,167,leetspeak,A1_naive_cosine_raw,0.6540798999016891,0.4842286833686333,XSTest,bge-base-en-v1.5,768
4,66,83,134,167,leetspeak,A2_rsfi_svd_raw_k20,0.48105281973366704,0.3932583109194302,XSTest,bge-base-en-v1.5,768
4,66,83,134,167,leetspeak,B1_discriminant_mean_raw,0.5689069621950129,0.4357627837396241,XSTest,bge-base-en-v1.5,768
4,66,83,134,167,leetspeak,B1b_SigmaT_wh,0.6806238269729199,0.5084959403241371,XSTest,bge-base-en-v1.5,768
4,66,83,134,167,leetspeak,B1w_SigmaW_wh,0.6912592724997766,0.5165861120276006,XSTest,bge-base-en-v1.5,768
4,66,83,134,167,leetspeak,C1_logreg_raw,0.5904459737241934,0.4471378242405043,XSTest,bge-base-en-v1.5,768
4,66,83,134,167,rot13,A1_naive_cosine_raw,0.6830369112521226,0.5054586527269718,XSTest,bge-base-en-v1.5,768
4,66,83,134,167,rot13,A2_rsfi_svd_raw_k20,0.3757261596210564,0.353817868984794,XSTest,bge-base-en-v1.5,768
4,66,83,134,167,rot13,B1_discriminant_mean_raw,0.50768612029672,0.4061754102275515,XSTest,bge-base-en-v1.5,768
4,66,83,134,167,rot13,B1b_SigmaT_wh,0.44722495307891674,0.38151488815189194,XSTest,bge-base-en-v1.5,768
4,66,83,134,167,rot13,B1w_SigmaW_wh,0.46362498882831354,0.3886977837186665,XSTest,bge-base-en-v1.5,768
4,66,83,134,167,rot13,C1_logreg_raw,0.4808293860041112,0.39297323479961543,XSTest,bge-base-en-v1.5,768
4,66,83,134,167,zero_width,A1_naive_cosine_raw,0.7867101617660202,0.7973711348538727,XSTest,bge-base-en-v1.5,768
4,66,83,134,167,zero_width,A2_rsfi_svd_raw_k20,0.7992224506211457,0.7698706347275615,XSTest,bge-base-en-v1.5,768
4,66,83,134,167,zero_width,B1_discriminant_mean_raw,0.7839395835195281,0.7824054921805039,XSTest,bge-base-en-v1.5,768
4,66,83,134,167,zero_width,B1b_SigmaT_wh,0.8302797390294038,0.8246653685655354,XSTest,bge-base-en-v1.5,768
4,66,83,134,167,zero_width,B1w_SigmaW_wh,0.8357315220305658,0.8271980672039868,XSTest,bge-base-en-v1.5,768
4,66,83,134,167,zero_width,C1_logreg_raw,0.8293413173652694,0.8267346838600462,XSTest,bge-base-en-v1.5,768
4,66,83,134,167,homoglyph,A1_naive_cosine_raw,0.7470283313969076,0.5944338760804324,XSTest,bge-base-en-v1.5,768
4,66,83,134,167,homoglyph,A2_rsfi_svd_raw_k20,0.43658950755206005,0.37404827381465655,XSTest,bge-base-en-v1.5,768
4,66,83,134,167,homoglyph,B1_discriminant_mean_raw,0.5272589150058093,0.41407351216574895,XSTest,bge-base-en-v1.5,768
4,66,83,134,167,homoglyph,B1b_SigmaT_wh,0.4955760121547949,0.40115111501821205,XSTest,bge-base-en-v1.5,768
4,66,83,134,167,homoglyph,B1w_SigmaW_wh,0.49807846992582006,0.40235279291243936,XSTest,bge-base-en-v1.5,768
4,66,83,134,167,homoglyph,C1_logreg_raw,0.5269461077844311,0.4159169544948463,XSTest,bge-base-en-v1.5,768
0,66,83,134,167,clean,A1_naive_cosine_raw,0.7956475109482527,0.8073473026694102,XSTest,bge-large-en-v1.5,1024
0,66,83,134,167,clean,A2_rsfi_svd_raw_k20,0.8493609795334705,0.844555183941383,XSTest,bge-large-en-v1.5,1024
0,66,83,134,167,clean,B1_discriminant_mean_raw,0.8128965948699616,0.8233574618373802,XSTest,bge-large-en-v1.5,1024
0,66,83,134,167,clean,B1b_SigmaT_wh,0.8914112074358745,0.8810266706314626,XSTest,bge-large-en-v1.5,1024
0,66,83,134,167,clean,B1w_SigmaW_wh,0.8908302797390293,0.8788795232338203,XSTest,bge-large-en-v1.5,1024
0,66,83,134,167,clean,C1_logreg_raw,0.8680847260702474,0.864846035983748,XSTest,bge-large-en-v1.5,1024
0,66,83,134,167,base64,A1_naive_cosine_raw,0.6317365269461077,0.4706614908119299,XSTest,bge-large-en-v1.5,1024
0,66,83,134,167,base64,A2_rsfi_svd_raw_k20,0.31665028152649927,0.3346998335882061,XSTest,bge-large-en-v1.5,1024
0,66,83,134,167,base64,B1_discriminant_mean_raw,0.3131200285995174,0.33703034903489076,XSTest,bge-large-en-v1.5,1024
0,66,83,134,167,base64,B1b_SigmaT_wh,0.13254088837250871,0.28906746715822507,XSTest,bge-large-en-v1.5,1024
0,66,83,134,167,base64,B1w_SigmaW_wh,0.1409419966038073,0.2908817450084804,XSTest,bge-large-en-v1.5,1024
0,66,83,134,167,base64,C1_logreg_raw,0.17222271874162123,0.30007797033800854,XSTest,bge-large-en-v1.5,1024
0,66,83,134,167,leetspeak,A1_naive_cosine_raw,0.6038966842434534,0.4533499252102462,XSTest,bge-large-en-v1.5,1024
0,66,83,134,167,leetspeak,A2_rsfi_svd_raw_k20,0.3603092322817053,0.34770953345576394,XSTest,bge-large-en-v1.5,1024
0,66,83,134,167,leetspeak,B1_discriminant_mean_raw,0.4414603628563768,0.37760288916235907,XSTest,bge-large-en-v1.5,1024
0,66,83,134,167,leetspeak,B1b_SigmaT_wh,0.3458754133523997,0.3413622191576707,XSTest,bge-large-en-v1.5,1024
0,66,83,134,167,leetspeak,B1w_SigmaW_wh,0.3574045937974797,0.3454238245150223,XSTest,bge-large-en-v1.5,1024
0,66,83,134,167,leetspeak,C1_logreg_raw,0.35847707569934756,0.3459301068006523,XSTest,bge-large-en-v1.5,1024
0,66,83,134,167,rot13,A1_naive_cosine_raw,0.583742961837519,0.443425781037969,XSTest,bge-large-en-v1.5,1024
0,66,83,134,167,rot13,A2_rsfi_svd_raw_k20,0.26253463222808116,0.31910954666643676,XSTest,bge-large-en-v1.5,1024
0,66,83,134,167,rot13,B1_discriminant_mean_raw,0.2539994637590491,0.3185621278656114,XSTest,bge-large-en-v1.5,1024
0,66,83,134,167,rot13,B1b_SigmaT_wh,0.23920815086245423,0.31050608577774597,XSTest,bge-large-en-v1.5,1024
0,66,83,134,167,rot13,B1w_SigmaW_wh,0.23384574135311464,0.30896719693183033,XSTest,bge-large-en-v1.5,1024
0,66,83,134,167,rot13,C1_logreg_raw,0.1517115023683975,0.2932574057044502,XSTest,bge-large-en-v1.5,1024
0,66,83,134,167,zero_width,A1_naive_cosine_raw,0.7956475109482527,0.8073473026694102,XSTest,bge-large-en-v1.5,1024
0,66,83,134,167,zero_width,A2_rsfi_svd_raw_k20,0.8493609795334705,0.844555183941383,XSTest,bge-large-en-v1.5,1024
0,66,83,134,167,zero_width,B1_discriminant_mean_raw,0.8128965948699616,0.8233574618373802,XSTest,bge-large-en-v1.5,1024
0,66,83,134,167,zero_width,B1b_SigmaT_wh,0.8914112074358745,0.8810266706314626,XSTest,bge-large-en-v1.5,1024
0,66,83,134,167,zero_width,B1w_SigmaW_wh,0.8908302797390293,0.8788795232338203,XSTest,bge-large-en-v1.5,1024
0,66,83,134,167,zero_width,C1_logreg_raw,0.8680847260702474,0.864846035983748,XSTest,bge-large-en-v1.5,1024
0,66,83,134,167,homoglyph,A1_naive_cosine_raw,0.6968898024845831,0.5378580197365277,XSTest,bge-large-en-v1.5,1024
0,66,83,134,167,homoglyph,A2_rsfi_svd_raw_k20,0.4271606041648047,0.3775730171456749,XSTest,bge-large-en-v1.5,1024
0,66,83,134,167,homoglyph,B1_discriminant_mean_raw,0.3730896416122978,0.3514341209919851,XSTest,bge-large-en-v1.5,1024
0,66,83,134,167,homoglyph,B1b_SigmaT_wh,0.39141120743587454,0.3654910885078263,XSTest,bge-large-en-v1.5,1024
0,66,83,134,167,homoglyph,B1w_SigmaW_wh,0.39118777370631874,0.36633327742554145,XSTest,bge-large-en-v1.5,1024
0,66,83,134,167,homoglyph,C1_logreg_raw,0.3550808830100992,0.34658891725570673,XSTest,bge-large-en-v1.5,1024
1,66,83,134,167,clean,A1_naive_cosine_raw,0.7373759942800965,0.7767032205014048,XSTest,bge-large-en-v1.5,1024
1,66,83,134,167,clean,A2_rsfi_svd_raw_k20,0.7830458486013048,0.7891857350708875,XSTest,bge-large-en-v1.5,1024
1,66,83,134,167,clean,B1_discriminant_mean_raw,0.7447046206095272,0.7760059605253758,XSTest,bge-large-en-v1.5,1024
1,66,83,134,167,clean,B1b_SigmaT_wh,0.8997229421753508,0.8754398207034155,XSTest,bge-large-en-v1.5,1024
1,66,83,134,167,clean,B1w_SigmaW_wh,0.8991867012244168,0.8758323892267292,XSTest,bge-large-en-v1.5,1024
1,66,83,134,167,clean,C1_logreg_raw,0.7957368844400751,0.8175434896782434,XSTest,bge-large-en-v1.5,1024
1,66,83,134,167,base64,A1_naive_cosine_raw,0.5918759495933505,0.4474650999682276,XSTest,bge-large-en-v1.5,1024
1,66,83,134,167,base64,A2_rsfi_svd_raw_k20,0.3611135937081062,0.34904395343749095,XSTest,bge-large-en-v1.5,1024
1,66,83,134,167,base64,B1_discriminant_mean_raw,0.3770667619983913,0.35663794353932193,XSTest,bge-large-en-v1.5,1024
1,66,83,134,167,base64,B1b_SigmaT_wh,0.39257306282956467,0.3585789915500977,XSTest,bge-large-en-v1.5,1024
1,66,83,134,167,base64,B1w_SigmaW_wh,0.4140227008669229,0.3665215521383043,XSTest,bge-large-en-v1.5,1024
1,66,83,134,167,base64,C1_logreg_raw,0.332245955849495,0.341333322252592,XSTest,bge-large-en-v1.5,1024
1,66,83,134,167,leetspeak,A1_naive_cosine_raw,0.563142371972473,0.43167793835404134,XSTest,bge-large-en-v1.5,1024
1,66,83,134,167,leetspeak,A2_rsfi_svd_raw_k20,0.3876575207793369,0.3569471162394725,XSTest,bge-large-en-v1.5,1024
1,66,83,134,167,leetspeak,B1_discriminant_mean_raw,0.46206095272142284,0.3867505258297479,XSTest,bge-large-en-v1.5,1024
1,66,83,134,167,leetspeak,B1b_SigmaT_wh,0.4482974349807847,0.38208633187763585,XSTest,bge-large-en-v1.5,1024
1,66,83,134,167,leetspeak,B1w_SigmaW_wh,0.46827241040307443,0.3892683747638112,XSTest,bge-large-en-v1.5,1024
1,66,83,134,167,leetspeak,C1_logreg_raw,0.4550004468674591,0.3825590148089262,XSTest,bge-large-en-v1.5,1024
1,66,83,134,167,rot13,A1_naive_cosine_raw,0.5481723120922335,0.42367650667055756,XSTest,bge-large-en-v1.5,1024
1,66,83,134,167,rot13,A2_rsfi_svd_raw_k20,0.3652247743319331,0.3491265095567676,XSTest,bge-large-en-v1.5,1024
1,66,83,134,167,rot13,B1_discriminant_mean_raw,0.3266154258646885,0.3400149018932084,XSTest,bge-large-en-v1.5,1024
1,66,83,134,167,rot13,B1b_SigmaT_wh,0.5320850835642148,0.41986392246147575,XSTest,bge-large-en-v1.5,1024
1,66,83,134,167,rot13,B1w_SigmaW_wh,0.5222986862096702,0.41423728949462996,XSTest,bge-large-en-v1.5,1024
1,66,83,134,167,rot13,C1_logreg_raw,0.29913307712932347,0.3307165244578231,XSTest,bge-large-en-v1.5,1024
1,66,83,134,167,zero_width,A1_naive_cosine_raw,0.7373759942800965,0.7767032205014048,XSTest,bge-large-en-v1.5,1024
1,66,83,134,167,zero_width,A2_rsfi_svd_raw_k20,0.7830458486013048,0.7891857350708875,XSTest,bge-large-en-v1.5,1024
1,66,83,134,167,zero_width,B1_discriminant_mean_raw,0.7447046206095272,0.7760059605253758,XSTest,bge-large-en-v1.5,1024
1,66,83,134,167,zero_width,B1b_SigmaT_wh,0.8997229421753508,0.8754398207034155,XSTest,bge-large-en-v1.5,1024
1,66,83,134,167,zero_width,B1w_SigmaW_wh,0.8991867012244168,0.8758323892267292,XSTest,bge-large-en-v1.5,1024
1,66,83,134,167,zero_width,C1_logreg_raw,0.7957368844400751,0.8175434896782434,XSTest,bge-large-en-v1.5,1024
1,66,83,134,167,homoglyph,A1_naive_cosine_raw,0.633702743766199,0.4942948981354708,XSTest,bge-large-en-v1.5,1024
1,66,83,134,167,homoglyph,A2_rsfi_svd_raw_k20,0.4621950129591563,0.3896715067775782,XSTest,bge-large-en-v1.5,1024
1,66,83,134,167,homoglyph,B1_discriminant_mean_raw,0.4215747609259094,0.36812969120812933,XSTest,bge-large-en-v1.5,1024
1,66,83,134,167,homoglyph,B1b_SigmaT_wh,0.6435785146125659,0.5083424215380394,XSTest,bge-large-en-v1.5,1024
1,66,83,134,167,homoglyph,B1w_SigmaW_wh,0.6479578157118598,0.5074433051471746,XSTest,bge-large-en-v1.5,1024
1,66,83,134,167,homoglyph,C1_logreg_raw,0.445929037447493,0.37728732522765784,XSTest,bge-large-en-v1.5,1024
2,66,83,134,167,clean,A1_naive_cosine_raw,0.7724104030744482,0.7775375099475283,XSTest,bge-large-en-v1.5,1024
2,66,83,134,167,clean,A2_rsfi_svd_raw_k20,0.8296094378407365,0.8091523275539049,XSTest,bge-large-en-v1.5,1024
2,66,83,134,167,clean,B1_discriminant_mean_raw,0.7738850656895165,0.7725636511500935,XSTest,bge-large-en-v1.5,1024
2,66,83,134,167,clean,B1b_SigmaT_wh,0.8816248100813299,0.8717700656580425,XSTest,bge-large-en-v1.5,1024
2,66,83,134,167,clean,B1w_SigmaW_wh,0.881088569130396,0.8728243453362352,XSTest,bge-large-en-v1.5,1024
2,66,83,134,167,clean,C1_logreg_raw,0.8261685584055768,0.8104337046689528,XSTest,bge-large-en-v1.5,1024
2,66,83,134,167,base64,A1_naive_cosine_raw,0.6088569130395924,0.4569585578635002,XSTest,bge-large-en-v1.5,1024
2,66,83,134,167,base64,A2_rsfi_svd_raw_k20,0.2655733309500402,0.3205233336477735,XSTest,bge-large-en-v1.5,1024
2,66,83,134,167,base64,B1_discriminant_mean_raw,0.1760657788899812,0.30096465822867546,XSTest,bge-large-en-v1.5,1024
2,66,83,134,167,base64,B1b_SigmaT_wh,0.14322102064527661,0.2922722952356406,XSTest,bge-large-en-v1.5,1024
2,66,83,134,167,base64,B1w_SigmaW_wh,0.14380194834212173,0.2925654714306602,XSTest,bge-large-en-v1.5,1024
2,66,83,134,167,base64,C1_logreg_raw,0.07266064885155062,0.2798464792227403,XSTest,bge-large-en-v1.5,1024
2,66,83,134,167,leetspeak,A1_naive_cosine_raw,0.5612655286442041,0.4309421785588642,XSTest,bge-large-en-v1.5,1024
2,66,83,134,167,leetspeak,A2_rsfi_svd_raw_k20,0.2581553311287872,0.31815289429481874,XSTest,bge-large-en-v1.5,1024
2,66,83,134,167,leetspeak,B1_discriminant_mean_raw,0.33537402806327643,0.3408017942994342,XSTest,bge-large-en-v1.5,1024
2,66,83,134,167,leetspeak,B1b_SigmaT_wh,0.2947090892841183,0.32630950767446554,XSTest,bge-large-en-v1.5,1024
2,66,83,134,167,leetspeak,B1w_SigmaW_wh,0.2796049691661453,0.3219445688603538,XSTest,bge-large-en-v1.5,1024
2,66,83,134,167,leetspeak,C1_logreg_raw,0.20211815175618913,0.3033990555959378,XSTest,bge-large-en-v1.5,1024
2,66,83,134,167,rot13,A1_naive_cosine_raw,0.5685941549736349,0.43535274492037745,XSTest,bge-large-en-v1.5,1024
2,66,83,134,167,rot13,A2_rsfi_svd_raw_k20,0.2611493431048351,0.3180779034698624,XSTest,bge-large-en-v1.5,1024
2,66,83,134,167,rot13,B1_discriminant_mean_raw,0.1983197783537403,0.30382657292809795,XSTest,bge-large-en-v1.5,1024
2,66,83,134,167,rot13,B1b_SigmaT_wh,0.2780409330592546,0.32052222017078175,XSTest,bge-large-en-v1.5,1024
2,66,83,134,167,rot13,B1w_SigmaW_wh,0.2590937527929216,0.3152575665181576,XSTest,bge-large-en-v1.5,1024
2,66,83,134,167,rot13,C1_logreg_raw,0.10872285280185896,0.28380175283195436,XSTest,bge-large-en-v1.5,1024
2,66,83,134,167,zero_width,A1_naive_cosine_raw,0.7724104030744482,0.7775375099475283,XSTest,bge-large-en-v1.5,1024
2,66,83,134,167,zero_width,A2_rsfi_svd_raw_k20,0.8296094378407365,0.8091523275539049,XSTest,bge-large-en-v1.5,1024
2,66,83,134,167,zero_width,B1_discriminant_mean_raw,0.7738850656895165,0.7725636511500935,XSTest,bge-large-en-v1.5,1024
2,66,83,134,167,zero_width,B1b_SigmaT_wh,0.8816248100813299,0.8717700656580425,XSTest,bge-large-en-v1.5,1024
2,66,83,134,167,zero_width,B1w_SigmaW_wh,0.881088569130396,0.8728243453362352,XSTest,bge-large-en-v1.5,1024
2,66,83,134,167,zero_width,C1_logreg_raw,0.8261685584055768,0.8104337046689528,XSTest,bge-large-en-v1.5,1024
2,66,83,134,167,homoglyph,A1_naive_cosine_raw,0.6728483331843775,0.5221206676545823,XSTest,bge-large-en-v1.5,1024
2,66,83,134,167,homoglyph,A2_rsfi_svd_raw_k20,0.4012869782822414,0.3615554308175839,XSTest,bge-large-en-v1.5,1024
2,66,83,134,167,homoglyph,B1_discriminant_mean_raw,0.3753686656537671,0.35236619707263817,XSTest,bge-large-en-v1.5,1024
2,66,83,134,167,homoglyph,B1b_SigmaT_wh,0.4370363750111717,0.3777186838138119,XSTest,bge-large-en-v1.5,1024
2,66,83,134,167,homoglyph,B1w_SigmaW_wh,0.4235409777460005,0.37159545726233617,XSTest,bge-large-en-v1.5,1024
2,66,83,134,167,homoglyph,C1_logreg_raw,0.3147734381982304,0.3322412923716882,XSTest,bge-large-en-v1.5,1024
3,66,83,134,167,clean,A1_naive_cosine_raw,0.7791581017070337,0.7912798397871588,XSTest,bge-large-en-v1.5,1024
3,66,83,134,167,clean,A2_rsfi_svd_raw_k20,0.8428814013763517,0.8186907998454307,XSTest,bge-large-en-v1.5,1024
3,66,83,134,167,clean,B1_discriminant_mean_raw,0.7768343909196533,0.7874197472691036,XSTest,bge-large-en-v1.5,1024
3,66,83,134,167,clean,B1b_SigmaT_wh,0.9009294843149521,0.8867148157241315,XSTest,bge-large-en-v1.5,1024
3,66,83,134,167,clean,B1w_SigmaW_wh,0.9028510143891321,0.8892951200632133,XSTest,bge-large-en-v1.5,1024
3,66,83,134,167,clean,C1_logreg_raw,0.8446241844668871,0.8451978097263464,XSTest,bge-large-en-v1.5,1024
3,66,83,134,167,base64,A1_naive_cosine_raw,0.6201179730092055,0.4641416126554747,XSTest,bge-large-en-v1.5,1024
3,66,83,134,167,base64,A2_rsfi_svd_raw_k20,0.34819912413978016,0.3440976106888389,XSTest,bge-large-en-v1.5,1024
3,66,83,134,167,base64,B1_discriminant_mean_raw,0.34136205201537223,0.3457147180370767,XSTest,bge-large-en-v1.5,1024
3,66,83,134,167,base64,B1b_SigmaT_wh,0.5004468674591116,0.40265658691551587,XSTest,bge-large-en-v1.5,1024
3,66,83,134,167,base64,B1w_SigmaW_wh,0.4917329520064349,0.3994114957880641,XSTest,bge-large-en-v1.5,1024
3,66,83,134,167,base64,C1_logreg_raw,0.2806327643221021,0.32614345235960973,XSTest,bge-large-en-v1.5,1024
3,66,83,134,167,leetspeak,A1_naive_cosine_raw,0.5744481186879972,0.4370041687947622,XSTest,bge-large-en-v1.5,1024
3,66,83,134,167,leetspeak,A2_rsfi_svd_raw_k20,0.351461256591295,0.34455962119898476,XSTest,bge-large-en-v1.5,1024
3,66,83,134,167,leetspeak,B1_discriminant_mean_raw,0.4480293145053177,0.38039272130077073,XSTest,bge-large-en-v1.5,1024
3,66,83,134,167,leetspeak,B1b_SigmaT_wh,0.6329877558316204,0.4800284295264773,XSTest,bge-large-en-v1.5,1024
3,66,83,134,167,leetspeak,B1w_SigmaW_wh,0.6419251050138529,0.4850071659944188,XSTest,bge-large-en-v1.5,1024
3,66,83,134,167,leetspeak,C1_logreg_raw,0.49490571096612745,0.39893278096591,XSTest,bge-large-en-v1.5,1024
3,66,83,134,167,rot13,A1_naive_cosine_raw,0.5910269014210385,0.44705707989119814,XSTest,bge-large-en-v1.5,1024
3,66,83,134,167,rot13,A2_rsfi_svd_raw_k20,0.35642148538743407,0.34617840275595896,XSTest,bge-large-en-v1.5,1024
3,66,83,134,167,rot13,B1_discriminant_mean_raw,0.3085172937706676,0.33519358921246345,XSTest,bge-large-en-v1.5,1024
3,66,83,134,167,rot13,B1b_SigmaT_wh,0.26829922245062116,0.31778794734845506,XSTest,bge-large-en-v1.5,1024
3,66,83,134,167,rot13,B1w_SigmaW_wh,0.2639646080972384,0.31676219717692744,XSTest,bge-large-en-v1.5,1024
3,66,83,134,167,rot13,C1_logreg_raw,0.21346858521762443,0.30720686930053537,XSTest,bge-large-en-v1.5,1024
3,66,83,134,167,zero_width,A1_naive_cosine_raw,0.7791581017070337,0.7912798397871588,XSTest,bge-large-en-v1.5,1024
3,66,83,134,167,zero_width,A2_rsfi_svd_raw_k20,0.8428814013763517,0.8186907998454307,XSTest,bge-large-en-v1.5,1024
3,66,83,134,167,zero_width,B1_discriminant_mean_raw,0.7768343909196533,0.7874197472691036,XSTest,bge-large-en-v1.5,1024
3,66,83,134,167,zero_width,B1b_SigmaT_wh,0.9009294843149521,0.8867148157241315,XSTest,bge-large-en-v1.5,1024
3,66,83,134,167,zero_width,B1w_SigmaW_wh,0.9028510143891321,0.8892951200632133,XSTest,bge-large-en-v1.5,1024
3,66,83,134,167,zero_width,C1_logreg_raw,0.8446241844668871,0.8451978097263464,XSTest,bge-large-en-v1.5,1024
3,66,83,134,167,homoglyph,A1_naive_cosine_raw,0.6826794172848334,0.5222468616103623,XSTest,bge-large-en-v1.5,1024
3,66,83,134,167,homoglyph,A2_rsfi_svd_raw_k20,0.4536598444901242,0.38683870016716454,XSTest,bge-large-en-v1.5,1024
3,66,83,134,167,homoglyph,B1_discriminant_mean_raw,0.41187773706318703,0.36529212905057246,XSTest,bge-large-en-v1.5,1024
3,66,83,134,167,homoglyph,B1b_SigmaT_wh,0.6847350075967469,0.5597491836529593,XSTest,bge-large-en-v1.5,1024
3,66,83,134,167,homoglyph,B1w_SigmaW_wh,0.6747251765126463,0.5494730008534987,XSTest,bge-large-en-v1.5,1024
3,66,83,134,167,homoglyph,C1_logreg_raw,0.45406202520332467,0.3855018229422213,XSTest,bge-large-en-v1.5,1024
4,66,83,134,167,clean,A1_naive_cosine_raw,0.7774600053624096,0.7973883600941883,XSTest,bge-large-en-v1.5,1024
4,66,83,134,167,clean,A2_rsfi_svd_raw_k20,0.8128965948699616,0.798101463173171,XSTest,bge-large-en-v1.5,1024
4,66,83,134,167,clean,B1_discriminant_mean_raw,0.7981946554651892,0.804451020270128,XSTest,bge-large-en-v1.5,1024
4,66,83,134,167,clean,B1b_SigmaT_wh,0.8646885333809992,0.8533948747329687,XSTest,bge-large-en-v1.5,1024
4,66,83,134,167,clean,B1w_SigmaW_wh,0.8667441236929128,0.8547645798522154,XSTest,bge-large-en-v1.5,1024
4,66,83,134,167,clean,C1_logreg_raw,0.8459647868442219,0.8448994746052197,XSTest,bge-large-en-v1.5,1024
4,66,83,134,167,base64,A1_naive_cosine_raw,0.6388864062918937,0.47393511420308837,XSTest,bge-large-en-v1.5,1024
4,66,83,134,167,base64,A2_rsfi_svd_raw_k20,0.3399767628921262,0.3421535077727531,XSTest,bge-large-en-v1.5,1024
4,66,83,134,167,base64,B1_discriminant_mean_raw,0.3565108588792564,0.34933943337454487,XSTest,bge-large-en-v1.5,1024
4,66,83,134,167,base64,B1b_SigmaT_wh,0.30351237822861743,0.3317986198072431,XSTest,bge-large-en-v1.5,1024
4,66,83,134,167,base64,B1w_SigmaW_wh,0.30798105281973365,0.3330204504129903,XSTest,bge-large-en-v1.5,1024
4,66,83,134,167,base64,C1_logreg_raw,0.23996782554294396,0.31449979773691733,XSTest,bge-large-en-v1.5,1024
4,66,83,134,167,leetspeak,A1_naive_cosine_raw,0.6158280454017339,0.4597195383900625,XSTest,bge-large-en-v1.5,1024
4,66,83,134,167,leetspeak,A2_rsfi_svd_raw_k20,0.35239967825542945,0.34532543953189615,XSTest,bge-large-en-v1.5,1024
4,66,83,134,167,leetspeak,B1_discriminant_mean_raw,0.4880239520958084,0.39676988574307703,XSTest,bge-large-en-v1.5,1024
4,66,83,134,167,leetspeak,B1b_SigmaT_wh,0.5291357583340781,0.416284143511789,XSTest,bge-large-en-v1.5,1024
4,66,83,134,167,leetspeak,B1w_SigmaW_wh,0.5407543122709804,0.4223164879859753,XSTest,bge-large-en-v1.5,1024
4,66,83,134,167,leetspeak,C1_logreg_raw,0.43453391724014656,0.3733390684856084,XSTest,bge-large-en-v1.5,1024
4,66,83,134,167,rot13,A1_naive_cosine_raw,0.6004111180623827,0.4511120410455419,XSTest,bge-large-en-v1.5,1024
4,66,83,134,167,rot13,A2_rsfi_svd_raw_k20,0.3019930288676379,0.329588368460088,XSTest,bge-large-en-v1.5,1024
4,66,83,134,167,rot13,B1_discriminant_mean_raw,0.36156046116721785,0.35054233655596584,XSTest,bge-large-en-v1.5,1024
4,66,83,134,167,rot13,B1b_SigmaT_wh,0.21664134417731704,0.3059908574338991,XSTest,bge-large-en-v1.5,1024
4,66,83,134,167,rot13,B1w_SigmaW_wh,0.24443650013406024,0.3127539911811136,XSTest,bge-large-en-v1.5,1024
4,66,83,134,167,rot13,C1_logreg_raw,0.27084636696755743,0.32216418778963024,XSTest,bge-large-en-v1.5,1024
4,66,83,134,167,zero_width,A1_naive_cosine_raw,0.7774600053624096,0.7973883600941883,XSTest,bge-large-en-v1.5,1024
4,66,83,134,167,zero_width,A2_rsfi_svd_raw_k20,0.8128965948699616,0.798101463173171,XSTest,bge-large-en-v1.5,1024
4,66,83,134,167,zero_width,B1_discriminant_mean_raw,0.7981946554651892,0.804451020270128,XSTest,bge-large-en-v1.5,1024
4,66,83,134,167,zero_width,B1b_SigmaT_wh,0.8646885333809992,0.8533948747329687,XSTest,bge-large-en-v1.5,1024
4,66,83,134,167,zero_width,B1w_SigmaW_wh,0.8667441236929128,0.8547645798522154,XSTest,bge-large-en-v1.5,1024
4,66,83,134,167,zero_width,C1_logreg_raw,0.8459647868442219,0.8448994746052197,XSTest,bge-large-en-v1.5,1024
4,66,83,134,167,homoglyph,A1_naive_cosine_raw,0.6689158995441952,0.5196538279691301,XSTest,bge-large-en-v1.5,1024
4,66,83,134,167,homoglyph,A2_rsfi_svd_raw_k20,0.40539815890606845,0.36388944774594517,XSTest,bge-large-en-v1.5,1024
4,66,83,134,167,homoglyph,B1_discriminant_mean_raw,0.41853606220395034,0.36745551060704995,XSTest,bge-large-en-v1.5,1024
4,66,83,134,167,homoglyph,B1b_SigmaT_wh,0.4842702654392707,0.411186596422884,XSTest,bge-large-en-v1.5,1024
4,66,83,134,167,homoglyph,B1w_SigmaW_wh,0.519483421217267,0.43061378716438525,XSTest,bge-large-en-v1.5,1024
4,66,83,134,167,homoglyph,C1_logreg_raw,0.41934042363035123,0.370248269015917,XSTest,bge-large-en-v1.5,1024
